{
  "batch_size": 45,
  "hl_mlp": 0,
  "latent_size_mlp": 44,
  "lr": 0.007426748994702,
  "lr_decay": 0.015856519178585982
}