{
  "batch_size": 32,
  "hl_mlp": 1,
  "latent_size_mlp": 69,
  "lr": 0.028751713684743187,
  "lr_decay": 0.05140624972273818
}