{
  "batch_size": 19,
  "hl_mlp": 1,
  "latent_size_mlp": 47,
  "lr": 0.00459490089229079,
  "lr_decay": 0.09878257613916012
}