{
  "batch_size": 19,
  "hl_mlp": 1,
  "latent_size_mlp": 47,
  "lr": 0.0017888774967173933,
  "lr_decay": 0.04558977511425767
}