{
  "batch_size": 22,
  "hl_mlp": 2,
  "latent_size_mlp": 58,
  "lr": 0.08438188278505365,
  "lr_decay": 0.02714871908440708
}