{
  "batch_size": 36,
  "hl_mlp": 2,
  "latent_size_mlp": 36,
  "lr": 0.0011369295601138243,
  "lr_decay": 0.0012444071744110343
}