{
  "batch_size": 43,
  "hl_mlp": 1,
  "latent_size_mlp": 56,
  "lr": 0.006548237557241025,
  "lr_decay": 0.41267772519378
}