{
  "batch_size": 17,
  "hl_mlp": 1,
  "latent_size_mlp": 51,
  "lr": 0.021734166292974606,
  "lr_decay": 0.0012829516606965548
}