{
  "C": 1.0202670248136465,
  "epsilon": 0.01609820280898149
}