{
  "batch_size": 23,
  "hl_mlp": 1,
  "latent_size_mlp": 38,
  "lr": 0.0007107027972345677,
  "lr_decay": 0.0010642378150922476
}