{
  "batch_size": 20,
  "hl_mlp": 1,
  "latent_size_mlp": 46,
  "lr": 0.002649730238233118,
  "lr_decay": 0.035274233703439094
}