{
  "batch_size": 23,
  "hl_mlp": 1,
  "latent_size_mlp": 48,
  "lr": 0.06139234046333823,
  "lr_decay": 0.011374744443953462
}