{
  "batch_size": 24,
  "hl_mlp": 1,
  "latent_size_mlp": 45,
  "lr": 0.007996655614826768,
  "lr_decay": 0.050515264812205064
}