{
  "batch_size": 19,
  "hl_mlp": 1,
  "latent_size_mlp": 44,
  "lr": 0.026691605767558888,
  "lr_decay": 0.004411180642074248
}