{
  "batch_size": 23,
  "hl_mlp": 1,
  "latent_size_mlp": 50,
  "lr": 0.014195980578240949,
  "lr_decay": 0.001239038035142236
}