{
  "C": 0.7127144096400573,
  "epsilon": 0.02981133410229522
}