{
  "batch_size": 42,
  "hl_mlp": 1,
  "latent_size_mlp": 67,
  "lr": 0.00495966731502928,
  "lr_decay": 0.03876331080195824
}