{
  "batch_size": 15,
  "hl_mlp": 2,
  "latent_size_mlp": 46,
  "lr": 0.06706413374629328,
  "lr_decay": 0.0023508726050036448
}