{
  "batch_size": 29,
  "hl_mlp": 2,
  "latent_size_mlp": 43,
  "lr": 0.0007145300329210328,
  "lr_decay": 0.0036195936860637734
}