{
  "batch_size": 21,
  "hl_mlp": 1,
  "latent_size_mlp": 48,
  "lr": 0.004906040989383231,
  "lr_decay": 0.05243097441262143
}