{
  "batch_size": 29,
  "hl_mlp": 1,
  "latent_size_mlp": 55,
  "lr": 0.09108183353844183,
  "lr_decay": 0.012981661117085853
}