{
  "batch_size": 23,
  "hl_mlp": 1,
  "latent_size_mlp": 48,
  "lr": 0.027078591887144864,
  "lr_decay": 0.014910673845093498
}