{
  "batch_size": 27,
  "hl_mlp": 1,
  "latent_size_mlp": 47,
  "lr": 0.05942566415024257,
  "lr_decay": 0.0262106008717765
}