{
  "alpha": 0.003284561827060024,
  "length_scale": 1.0742024027209807
}