{
  "C": 2.8485021875784016,
  "epsilon": 0.015984261722531565
}