{
  "batch_size": 24,
  "hl_mlp": 1,
  "latent_size_mlp": 53,
  "lr": 0.014767716707487262,
  "lr_decay": 0.0019833625223632054
}