{
  "batch_size": 17,
  "hl_mlp": 1,
  "latent_size_mlp": 49,
  "lr": 0.013840228017334815,
  "lr_decay": 0.009434579722204444
}