{
  "batch_size": 27,
  "hl_mlp": 1,
  "latent_size_mlp": 56,
  "lr": 0.06163786564534885,
  "lr_decay": 0.00967240974954877
}