{
  "batch_size": 22,
  "hl_mlp": 1,
  "latent_size_mlp": 48,
  "lr": 0.010967655984860021,
  "lr_decay": 0.00270706133761676
}