{
  "batch_size": 16,
  "hl_mlp": 1,
  "latent_size_mlp": 53,
  "lr": 0.018258863917902587,
  "lr_decay": 0.003358262740392791
}