{
  "batch_size": 25,
  "hl_mlp": 1,
  "latent_size_mlp": 75,
  "lr": 0.00014148920766949262,
  "lr_decay": 0.00016356810179025258
}