{
  "batch_size": 30,
  "hl_mlp": 1,
  "latent_size_mlp": 60,
  "lr": 0.03099553371357047,
  "lr_decay": 0.08952845191122862
}