{
  "batch_size": 22,
  "hl_mlp": 2,
  "latent_size_mlp": 46,
  "lr": 0.004881488868178818,
  "lr_decay": 0.045382108379214824
}