{
  "batch_size": 28,
  "hl_mlp": 2,
  "latent_size_mlp": 62,
  "lr": 0.0009287910763606812,
  "lr_decay": 0.11835809863044924
}