{
  "batch_size": 23,
  "hl_mlp": 1,
  "latent_size_mlp": 44,
  "lr": 0.006097594273190389,
  "lr_decay": 0.00463724947048049
}