{
  "batch_size": 25,
  "hl_mlp": 1,
  "latent_size_mlp": 44,
  "lr": 0.006314540831418073,
  "lr_decay": 0.04737155232029582
}