{
  "batch_size": 22,
  "hl_mlp": 0,
  "latent_size_mlp": 59,
  "lr": 0.013581460157478763,
  "lr_decay": 0.0011713093695052527
}