{
  "batch_size": 26,
  "hl_mlp": 1,
  "latent_size_mlp": 51,
  "lr": 0.09575151817915674,
  "lr_decay": 0.006738922713975059
}