{
  "batch_size": 28,
  "hl_mlp": 1,
  "latent_size_mlp": 44,
  "lr": 0.032297382346839376,
  "lr_decay": 0.04037117897141671
}