{
  "batch_size": 23,
  "hl_mlp": 1,
  "latent_size_mlp": 54,
  "lr": 0.01570164066291213,
  "lr_decay": 0.001739165564373201
}