{
  "alpha": 0.6318967690908296,
  "length_scale": 4.905574689770077
}