{
  "batch_size": 17,
  "hl_mlp": 1,
  "latent_size_mlp": 52,
  "lr": 0.06490945133479871,
  "lr_decay": 0.0030907761703186237
}