{
  "batch_size": 17,
  "hl_mlp": 3,
  "latent_size_mlp": 62,
  "lr": 0.08986351505797172,
  "lr_decay": 0.01143151746475294
}