{
  "batch_size": 25,
  "hl_mlp": 1,
  "latent_size_mlp": 77,
  "lr": 0.00011925169433269957,
  "lr_decay": 0.008854258019483696
}