{
  "batch_size": 22,
  "hl_mlp": 1,
  "latent_size_mlp": 43,
  "lr": 0.00183282430990928,
  "lr_decay": 0.04901461885260378
}