{
  "batch_size": 27,
  "hl_mlp": 1,
  "latent_size_mlp": 51,
  "lr": 0.08473570910144718,
  "lr_decay": 0.014726657314060707
}