{
  "batch_size": 21,
  "hl_mlp": 1,
  "latent_size_mlp": 53,
  "lr": 0.04092889037584602,
  "lr_decay": 0.0014306667292713687
}