{
  "batch_size": 19,
  "hl_mlp": 2,
  "latent_size_mlp": 45,
  "lr": 0.02081713261311167,
  "lr_decay": 0.0113396938718315
}