{
  "batch_size": 24,
  "hl_mlp": 1,
  "latent_size_mlp": 50,
  "lr": 0.10268858424663813,
  "lr_decay": 0.015551301768454446
}