{
  "batch_size": 26,
  "hl_mlp": 1,
  "latent_size_mlp": 69,
  "lr": 0.0028992175573570715,
  "lr_decay": 0.00016514688159311244
}