{
  "batch_size": 16,
  "hl_mlp": 0,
  "latent_size_mlp": 52,
  "lr": 0.014370697131022979,
  "lr_decay": 0.0016656814894621392
}