{
  "batch_size": 25,
  "hl_mlp": 1,
  "latent_size_mlp": 36,
  "lr": 0.00010909881316619405,
  "lr_decay": 0.0013686136903602287
}