{
  "batch_size": 21,
  "hl_mlp": 2,
  "latent_size_mlp": 47,
  "lr": 0.027883986466294787,
  "lr_decay": 0.001348852393359908
}