{
  "batch_size": 18,
  "hl_mlp": 0,
  "latent_size_mlp": 53,
  "lr": 0.01090611533580824,
  "lr_decay": 0.0026981438249251595
}