{
  "batch_size": 22,
  "hl_mlp": 1,
  "latent_size_mlp": 41,
  "lr": 0.002036279388158382,
  "lr_decay": 0.033918809987645585
}