{
  "batch_size": 33,
  "hl_mlp": 2,
  "latent_size_mlp": 62,
  "lr": 0.0013745388197900666,
  "lr_decay": 0.17873638604191197
}