{
  "batch_size": 22,
  "hl_mlp": 1,
  "latent_size_mlp": 39,
  "lr": 8.111355296222108e-05,
  "lr_decay": 0.0004474595838630751
}