{
  "batch_size": 25,
  "hl_mlp": 1,
  "latent_size_mlp": 49,
  "lr": 0.004032745836434547,
  "lr_decay": 0.02799879157883767
}