{
  "batch_size": 40,
  "hl_mlp": 0,
  "latent_size_mlp": 24,
  "lr": 0.03324949501696767,
  "lr_decay": 0.05970178857531242
}