{
  "batch_size": 19,
  "hl_mlp": 1,
  "latent_size_mlp": 51,
  "lr": 0.020933897840680737,
  "lr_decay": 0.01117642826982211
}