{
  "batch_size": 24,
  "hl_mlp": 1,
  "latent_size_mlp": 52,
  "lr": 0.22406113713575687,
  "lr_decay": 0.004164413563134081
}