{
  "batch_size": 17,
  "hl_mlp": 1,
  "latent_size_mlp": 51,
  "lr": 0.05551974154827506,
  "lr_decay": 0.003303623038923072
}