{
  "max_depth": 2.518640042879169,
  "min_samples_leaf": 1.0444723411067938
}