{
  "batch_size": 22,
  "hl_mlp": 1,
  "latent_size_mlp": 46,
  "lr": 0.02194805773066911,
  "lr_decay": 0.0012988761961701453
}