{
  "batch_size": 24,
  "hl_mlp": 2,
  "latent_size_mlp": 47,
  "lr": 0.015148332770919346,
  "lr_decay": 0.007148202450685934
}