{
  "batch_size": 42,
  "hl_mlp": 1,
  "latent_size_mlp": 72,
  "lr": 0.019138479450947446,
  "lr_decay": 0.016860737602807447
}