{
  "alpha": 8.37096432230625e-05,
  "length_scale": 0.1658736449976668
}