{
  "batch_size": 22,
  "hl_mlp": 1,
  "latent_size_mlp": 47,
  "lr": 0.08964192563999575,
  "lr_decay": 0.0029816865435005053
}