{
  "batch_size": 23,
  "hl_mlp": 0,
  "latent_size_mlp": 48,
  "lr": 0.012459376064480323,
  "lr_decay": 0.002765633576620735
}