{
  "batch_size": 22,
  "hl_mlp": 2,
  "latent_size_mlp": 58,
  "lr": 0.04494917301288657,
  "lr_decay": 0.01684291606782629
}