{
  "batch_size": 23,
  "hl_mlp": 1,
  "latent_size_mlp": 47,
  "lr": 0.018879155832584132,
  "lr_decay": 0.043093047140290275
}