{
  "batch_size": 23,
  "hl_mlp": 2,
  "latent_size_mlp": 48,
  "lr": 0.01188356941589223,
  "lr_decay": 0.007060197214644022
}