{
  "batch_size": 26,
  "hl_mlp": 1,
  "latent_size_mlp": 41,
  "lr": 0.0015091349307177577,
  "lr_decay": 0.030086774167241596
}