{
  "batch_size": 22,
  "hl_mlp": 0,
  "latent_size_mlp": 59,
  "lr": 0.02174709551222523,
  "lr_decay": 0.0014651230315402197
}