{
  "batch_size": 22,
  "hl_mlp": 1,
  "latent_size_mlp": 39,
  "lr": 0.04340019967316104,
  "lr_decay": 0.004830921655719384
}