{
  "alpha": 0.0026087068603224436,
  "length_scale": 0.9823519248585513
}