{
  "batch_size": 26,
  "hl_mlp": 1,
  "latent_size_mlp": 54,
  "lr": 0.003056981543220949,
  "lr_decay": 0.24905996740867334
}