{
  "batch_size": 24,
  "hl_mlp": 1,
  "latent_size_mlp": 17,
  "lr": 0.0025293373713450823,
  "lr_decay": 0.011168521986770692
}