{
  "batch_size": 20,
  "hl_mlp": 1,
  "latent_size_mlp": 2,
  "lr": 0.010257424577883827,
  "lr_decay": 0.09120897248108631
}