{
  "batch_size": 21,
  "hl_mlp": 1,
  "latent_size_mlp": 47,
  "lr": 0.001375328985938797,
  "lr_decay": 0.01834996640930781
}