{
  "batch_size": 32,
  "hl_mlp": 1,
  "latent_size_mlp": 63,
  "lr": 5.084290898043513e-05,
  "lr_decay": 0.0031659916490609404
}