{
  "batch_size": 17,
  "hl_mlp": 1,
  "latent_size_mlp": 39,
  "lr": 0.0278996803439019,
  "lr_decay": 0.09887547950810434
}