{
  "batch_size": 24,
  "hl_mlp": 1,
  "latent_size_mlp": 42,
  "lr": 0.004054546611633759,
  "lr_decay": 0.04450407959926917
}