{
  "batch_size": 24,
  "hl_mlp": 0,
  "latent_size_mlp": 47,
  "lr": 0.01358170133496584,
  "lr_decay": 0.0028840996517409834
}