{
  "C": 0.012678723344522174,
  "epsilon": 4.940629000809287
}