{
  "batch_size": 43,
  "hl_mlp": 1,
  "latent_size_mlp": 57,
  "lr": 0.006618432341670794,
  "lr_decay": 0.41337044551627283
}