{
  "batch_size": 14,
  "hl_mlp": 1,
  "latent_size_mlp": 43,
  "lr": 0.0035728578254965336,
  "lr_decay": 0.03210626918190893
}