{
  "batch_size": 34,
  "hl_mlp": 2,
  "latent_size_mlp": 54,
  "lr": 0.06417142193509888,
  "lr_decay": 0.051578178953364015
}