{
  "batch_size": 22,
  "hl_mlp": 2,
  "latent_size_mlp": 59,
  "lr": 0.02463256645411702,
  "lr_decay": 0.0011755227690077783
}