{
  "batch_size": 28,
  "hl_mlp": 1,
  "latent_size_mlp": 53,
  "lr": 0.0005419176553128305,
  "lr_decay": 0.06315600791377214
}