{
  "batch_size": 35,
  "hl_mlp": 1,
  "latent_size_mlp": 58,
  "lr": 0.0010842794372444972,
  "lr_decay": 0.15025785619885182
}