{
  "batch_size": 35,
  "hl_mlp": 1,
  "latent_size_mlp": 70,
  "lr": 0.0010951978079814658,
  "lr_decay": 0.02310907443180644
}