{
  "batch_size": 45,
  "hl_mlp": 1,
  "latent_size_mlp": 46,
  "lr": 0.017102751690969666,
  "lr_decay": 0.0023650520130731193
}