{
  "batch_size": 17,
  "hl_mlp": 2,
  "latent_size_mlp": 36,
  "lr": 0.0015461960306307329,
  "lr_decay": 0.013797330979568638
}