{
  "alpha": 0.15054103908663105,
  "length_scale": 0.43157976780151647
}