{
  "batch_size": 27,
  "hl_mlp": 1,
  "latent_size_mlp": 40,
  "lr": 0.00031297528213697844,
  "lr_decay": 0.00014242377611806744
}