{
  "batch_size": 20,
  "hl_mlp": 0,
  "latent_size_mlp": 54,
  "lr": 0.017890787436689072,
  "lr_decay": 0.0011686564784121043
}