{
  "alpha": 0.00012494042994802302,
  "length_scale": 1.1817879224886676
}