{
  "batch_size": 21,
  "hl_mlp": 1,
  "latent_size_mlp": 48,
  "lr": 0.0031643256665285866,
  "lr_decay": 0.03172517431980486
}