{
  "batch_size": 23,
  "hl_mlp": 0,
  "latent_size_mlp": 59,
  "lr": 0.046337248767162366,
  "lr_decay": 0.011631622853349729
}