{
  "batch_size": 23,
  "hl_mlp": 1,
  "latent_size_mlp": 54,
  "lr": 0.014665478238087525,
  "lr_decay": 0.001775584780619912
}