{
  "batch_size": 23,
  "hl_mlp": 1,
  "latent_size_mlp": 53,
  "lr": 0.017244812522239257,
  "lr_decay": 0.00161498851391519
}