{
  "batch_size": 28,
  "hl_mlp": 2,
  "latent_size_mlp": 53,
  "lr": 0.1151606122252777,
  "lr_decay": 0.00355328924293287
}