{
  "alpha": 0.015994386793745895,
  "length_scale": 1.0210007348851287
}