{
  "batch_size": 22,
  "hl_mlp": 1,
  "latent_size_mlp": 53,
  "lr": 0.052702857120598176,
  "lr_decay": 0.001940124207971501
}