{
  "batch_size": 33,
  "hl_mlp": 1,
  "latent_size_mlp": 64,
  "lr": 0.0022048858861136826,
  "lr_decay": 0.9878280402228239
}