{
  "batch_size": 29,
  "hl_mlp": 1,
  "latent_size_mlp": 50,
  "lr": 0.07267067090699715,
  "lr_decay": 0.011602931239489132
}