{
  "batch_size": 23,
  "hl_mlp": 1,
  "latent_size_mlp": 42,
  "lr": 0.0013925710909215652,
  "lr_decay": 0.046659936666772775
}