{
  "batch_size": 21,
  "hl_mlp": 1,
  "latent_size_mlp": 45,
  "lr": 0.0036603040850238413,
  "lr_decay": 0.0027637785979214386
}