{
  "batch_size": 24,
  "hl_mlp": 1,
  "latent_size_mlp": 38,
  "lr": 0.002619354422020675,
  "lr_decay": 0.07460091698149145
}