{
  "batch_size": 43,
  "hl_mlp": 1,
  "latent_size_mlp": 72,
  "lr": 0.045577184758989725,
  "lr_decay": 0.17134335647521565
}