{
  "batch_size": 23,
  "hl_mlp": 1,
  "latent_size_mlp": 53,
  "lr": 0.010823671444223035,
  "lr_decay": 0.0031833066838816513
}