{
  "batch_size": 25,
  "hl_mlp": 1,
  "latent_size_mlp": 73,
  "lr": 0.00015179958195098525,
  "lr_decay": 0.004226323882614523
}