{
  "batch_size": 19,
  "hl_mlp": 1,
  "latent_size_mlp": 3,
  "lr": 0.0018645363178722057,
  "lr_decay": 0.013589763228937115
}