{
  "batch_size": 21,
  "hl_mlp": 1,
  "latent_size_mlp": 44,
  "lr": 0.010627608753186921,
  "lr_decay": 0.05396411464892152
}