{
  "batch_size": 22,
  "hl_mlp": 0,
  "latent_size_mlp": 49,
  "lr": 0.050707270634668504,
  "lr_decay": 0.002981032338838129
}