{
  "batch_size": 18,
  "hl_mlp": 1,
  "latent_size_mlp": 46,
  "lr": 0.002670635099429908,
  "lr_decay": 0.06806644896166165
}