{
  "batch_size": 23,
  "hl_mlp": 1,
  "latent_size_mlp": 72,
  "lr": 0.00015328593659658877,
  "lr_decay": 0.0037679189908429275
}