{
  "batch_size": 19,
  "hl_mlp": 0,
  "latent_size_mlp": 23,
  "lr": 0.00740744440866802,
  "lr_decay": 0.02831639802402497
}