{
  "batch_size": 17,
  "hl_mlp": 0,
  "latent_size_mlp": 48,
  "lr": 0.010530943582344972,
  "lr_decay": 0.0010073825683509486
}