{
  "batch_size": 46,
  "hl_mlp": 1,
  "latent_size_mlp": 59,
  "lr": 0.0016368807476865009,
  "lr_decay": 0.178920557265127
}