{
  "batch_size": 23,
  "hl_mlp": 0,
  "latent_size_mlp": 54,
  "lr": 0.03782492226413009,
  "lr_decay": 0.00136917335840391
}