{
  "alpha": 5.274636744219925,
  "length_scale": 0.5277514605998289
}