{
  "batch_size": 48,
  "hl_mlp": 1,
  "latent_size_mlp": 4,
  "lr": 0.006715973290291388,
  "lr_decay": 0.07214333928595432
}