{
  "batch_size": 21,
  "hl_mlp": 1,
  "latent_size_mlp": 49,
  "lr": 0.0026292051095352866,
  "lr_decay": 0.0784192752212804
}