{
  "batch_size": 17,
  "hl_mlp": 0,
  "latent_size_mlp": 42,
  "lr": 0.01051559716380675,
  "lr_decay": 0.004903135596013248
}