{
  "batch_size": 29,
  "hl_mlp": 1,
  "latent_size_mlp": 70,
  "lr": 0.0007641400543795153,
  "lr_decay": 0.0014127386916567596
}