{
  "batch_size": 25,
  "hl_mlp": 1,
  "latent_size_mlp": 50,
  "lr": 0.00011098342628377844,
  "lr_decay": 0.00028286347417745875
}