{
  "batch_size": 18,
  "hl_mlp": 1,
  "latent_size_mlp": 30,
  "lr": 0.0018603247168384337,
  "lr_decay": 0.040511693991353806
}