{
  "batch_size": 23,
  "hl_mlp": 1,
  "latent_size_mlp": 41,
  "lr": 0.05919175605423518,
  "lr_decay": 0.026774750506363132
}