{
  "batch_size": 25,
  "hl_mlp": 1,
  "latent_size_mlp": 45,
  "lr": 0.0031158617398482345,
  "lr_decay": 0.03257614658177179
}