{
  "batch_size": 10,
  "hl_mlp": 0,
  "latent_size_mlp": 16,
  "lr": 0.006957360347270719,
  "lr_decay": 0.024502888564305016
}