{
  "batch_size": 21,
  "hl_mlp": 1,
  "latent_size_mlp": 46,
  "lr": 0.0173922745685858,
  "lr_decay": 0.027926139954961276
}