{
  "batch_size": 26,
  "hl_mlp": 2,
  "latent_size_mlp": 42,
  "lr": 0.00048153822246760163,
  "lr_decay": 0.8038823261131655
}