{
  "batch_size": 15,
  "hl_mlp": 1,
  "latent_size_mlp": 59,
  "lr": 0.0006003667767271006,
  "lr_decay": 0.3708335276775044
}