{
  "alpha": 0.018056571657958823,
  "length_scale": 6.048999717286871
}