{
  "max_depth": 6.559140541379106,
  "min_samples_leaf": 2.21186417967082
}