{
  "batch_size": 23,
  "hl_mlp": 1,
  "latent_size_mlp": 44,
  "lr": 0.014834715311193453,
  "lr_decay": 0.0022922228433059195
}