{
  "batch_size": 22,
  "hl_mlp": 1,
  "latent_size_mlp": 45,
  "lr": 0.0052187261165386415,
  "lr_decay": 0.05008777124007037
}