{
  "batch_size": 24,
  "hl_mlp": 1,
  "latent_size_mlp": 77,
  "lr": 1.5758160259621574e-06,
  "lr_decay": 0.0001558753649364024
}