{
  "batch_size": 18,
  "hl_mlp": 1,
  "latent_size_mlp": 50,
  "lr": 0.08928747335375041,
  "lr_decay": 0.006109718976553007
}