{
  "C": 1.0894618428451106,
  "epsilon": 0.01878776127406658
}