{
  "batch_size": 20,
  "hl_mlp": 1,
  "latent_size_mlp": 48,
  "lr": 0.0032927175888346526,
  "lr_decay": 0.04069635603507649
}