{
  "batch_size": 22,
  "hl_mlp": 1,
  "latent_size_mlp": 48,
  "lr": 0.032194321472694534,
  "lr_decay": 0.0017717367582068054
}