{
  "batch_size": 24,
  "hl_mlp": 1,
  "latent_size_mlp": 50,
  "lr": 0.010620087051423376,
  "lr_decay": 0.0036379385405309102
}