{
  "batch_size": 23,
  "hl_mlp": 0,
  "latent_size_mlp": 53,
  "lr": 0.023692261892925,
  "lr_decay": 0.0019857808900230756
}