{
  "alpha": 0.0023587469371832486,
  "length_scale": 0.47730243576243386
}