{
  "batch_size": 18,
  "hl_mlp": 1,
  "latent_size_mlp": 45,
  "lr": 0.04655926617469182,
  "lr_decay": 0.016399250355156002
}