{
  "batch_size": 14,
  "hl_mlp": 0,
  "latent_size_mlp": 31,
  "lr": 0.010551302555493513,
  "lr_decay": 0.0030534278061677854
}