{
  "batch_size": 20,
  "hl_mlp": 1,
  "latent_size_mlp": 48,
  "lr": 0.02682902059044554,
  "lr_decay": 0.07964000807375969
}