{
  "alpha": 0.00012062850998818607,
  "length_scale": 0.720600605840853
}