{
  "batch_size": 29,
  "hl_mlp": 1,
  "latent_size_mlp": 52,
  "lr": 0.07490203272678954,
  "lr_decay": 0.008719739922632561
}