{
  "batch_size": 26,
  "hl_mlp": 1,
  "latent_size_mlp": 51,
  "lr": 0.0006523088684589553,
  "lr_decay": 0.8580747106712076
}