{
  "batch_size": 24,
  "hl_mlp": 1,
  "latent_size_mlp": 49,
  "lr": 0.019663705991695153,
  "lr_decay": 0.0014685647336198013
}