{
  "alpha": 0.018534039956944123,
  "length_scale": 0.3128999871185494
}