{
  "batch_size": 31,
  "hl_mlp": 1,
  "latent_size_mlp": 54,
  "lr": 0.0044404806429194045,
  "lr_decay": 0.0978924455857721
}