{
  "batch_size": 33,
  "hl_mlp": 1,
  "latent_size_mlp": 34,
  "lr": 0.0514038677838672,
  "lr_decay": 0.06334046120243261
}