{
  "batch_size": 28,
  "hl_mlp": 1,
  "latent_size_mlp": 70,
  "lr": 0.0010106901676788865,
  "lr_decay": 0.0016161235348716178
}