{
  "batch_size": 29,
  "hl_mlp": 1,
  "latent_size_mlp": 47,
  "lr": 0.03115279033429927,
  "lr_decay": 0.04372402976488181
}