{
  "batch_size": 18,
  "hl_mlp": 1,
  "latent_size_mlp": 48,
  "lr": 0.0018000079093035627,
  "lr_decay": 0.009787440383589134
}