{
  "batch_size": 15,
  "hl_mlp": 0,
  "latent_size_mlp": 55,
  "lr": 0.0205309724073411,
  "lr_decay": 0.006663523251372229
}