{
  "batch_size": 35,
  "hl_mlp": 1,
  "latent_size_mlp": 58,
  "lr": 0.009797313349187244,
  "lr_decay": 0.5734913120290898
}