{
  "batch_size": 20,
  "hl_mlp": 1,
  "latent_size_mlp": 44,
  "lr": 0.008153033836075905,
  "lr_decay": 0.03542185381010737
}