{
  "C": 0.9205366197714173,
  "epsilon": 0.01218759140798374
}