{
  "batch_size": 20,
  "hl_mlp": 1,
  "latent_size_mlp": 43,
  "lr": 0.01489061911671801,
  "lr_decay": 0.021367416473686406
}