{
  "batch_size": 22,
  "hl_mlp": 1,
  "latent_size_mlp": 44,
  "lr": 0.011260746031613825,
  "lr_decay": 0.03362074597404129
}