{
  "batch_size": 24,
  "hl_mlp": 1,
  "latent_size_mlp": 53,
  "lr": 0.11584884335479845,
  "lr_decay": 0.0060791081004636415
}