{
  "batch_size": 36,
  "hl_mlp": 1,
  "latent_size_mlp": 49,
  "lr": 0.059884125429581256,
  "lr_decay": 0.22782451598006342
}