{
  "batch_size": 17,
  "hl_mlp": 1,
  "latent_size_mlp": 48,
  "lr": 0.06338901041116707,
  "lr_decay": 0.0015978002103019652
}