{
  "batch_size": 24,
  "hl_mlp": 1,
  "latent_size_mlp": 47,
  "lr": 0.007642599957841173,
  "lr_decay": 0.04461155093567154
}