{
  "batch_size": 17,
  "hl_mlp": 1,
  "latent_size_mlp": 58,
  "lr": 0.011088731499580928,
  "lr_decay": 0.0018969021881297592
}