{
  "batch_size": 18,
  "hl_mlp": 0,
  "latent_size_mlp": 49,
  "lr": 0.02009639587217408,
  "lr_decay": 0.006305283277401617
}