{
  "batch_size": 21,
  "hl_mlp": 1,
  "latent_size_mlp": 15,
  "lr": 0.013929284553486972,
  "lr_decay": 0.005400560018699092
}