{
  "batch_size": 17,
  "hl_mlp": 1,
  "latent_size_mlp": 48,
  "lr": 0.061685160891192026,
  "lr_decay": 0.006115082034595649
}