{
  "batch_size": 37,
  "hl_mlp": 1,
  "latent_size_mlp": 69,
  "lr": 0.010381979534582511,
  "lr_decay": 0.10066190753911251
}