{
  "batch_size": 23,
  "hl_mlp": 1,
  "latent_size_mlp": 41,
  "lr": 0.0027348183197685137,
  "lr_decay": 0.04978900432310109
}