{
  "batch_size": 23,
  "hl_mlp": 1,
  "latent_size_mlp": 42,
  "lr": 0.0005048874199265644,
  "lr_decay": 0.0020269800700768357
}