{
  "batch_size": 17,
  "hl_mlp": 1,
  "latent_size_mlp": 45,
  "lr": 0.02122911561019224,
  "lr_decay": 0.001770067667612849
}