{
  "batch_size": 10,
  "hl_mlp": 0,
  "latent_size_mlp": 23,
  "lr": 0.0014016063957198574,
  "lr_decay": 0.019176109639795512
}