{
  "batch_size": 23,
  "hl_mlp": 1,
  "latent_size_mlp": 38,
  "lr": 0.001923775317786133,
  "lr_decay": 0.012388939658456031
}