{
  "alpha": 0.023363053039964915,
  "length_scale": 7.094287611190507
}