{
  "batch_size": 23,
  "hl_mlp": 1,
  "latent_size_mlp": 53,
  "lr": 0.019991181123746954,
  "lr_decay": 0.010990661886837982
}