{
  "batch_size": 23,
  "hl_mlp": 1,
  "latent_size_mlp": 41,
  "lr": 0.03794160855278825,
  "lr_decay": 0.028180116202409247
}