{
  "alpha": 0.0020809142759670688,
  "length_scale": 2.4895735590528654
}