{
  "batch_size": 23,
  "hl_mlp": 1,
  "latent_size_mlp": 54,
  "lr": 0.013111431554316655,
  "lr_decay": 0.0010395419095429767
}