{
  "alpha": 0.002614255723071122,
  "length_scale": 1.0276797223852765
}