{
  "alpha": 2.6737617867098452e-05,
  "length_scale": 0.013426772182082278
}