{
  "alpha": 0.28811299665685225,
  "length_scale": 0.03562274361950173
}