{
  "batch_size": 43,
  "hl_mlp": 0,
  "latent_size_mlp": 16,
  "lr": 0.008550376547240234,
  "lr_decay": 0.0013354405376364738
}