{
  "batch_size": 35,
  "hl_mlp": 1,
  "latent_size_mlp": 65,
  "lr": 0.08160188491311203,
  "lr_decay": 0.01907280111050324
}