{
  "batch_size": 22,
  "hl_mlp": 2,
  "latent_size_mlp": 46,
  "lr": 0.08668870599258845,
  "lr_decay": 0.0035305295511549426
}