{
  "C": 1.942302535310656,
  "epsilon": 0.01596466466465136
}