{
  "C": 2.687137370592932,
  "epsilon": 0.02282465456916634
}