{
  "batch_size": 18,
  "hl_mlp": 1,
  "latent_size_mlp": 49,
  "lr": 0.003698499746956094,
  "lr_decay": 0.08440313198418499
}