{
  "alpha": 0.012386101199404375,
  "length_scale": 0.2368644349229272
}