{
  "batch_size": 24,
  "hl_mlp": 1,
  "latent_size_mlp": 48,
  "lr": 0.007652893426069645,
  "lr_decay": 0.00852126707868587
}