{
  "alpha": 0.02810853199333021,
  "length_scale": 2.1508763115923495
}