{
  "batch_size": 31,
  "hl_mlp": 1,
  "latent_size_mlp": 38,
  "lr": 0.0016133299948995412,
  "lr_decay": 0.0003435793291067496
}