{
  "batch_size": 24,
  "hl_mlp": 1,
  "latent_size_mlp": 40,
  "lr": 0.0010986915705028149,
  "lr_decay": 0.05009246695044338
}