{
  "C": 1.6816558267321122,
  "epsilon": 0.015848481360100943
}