{
  "max_depth": 9.449874540144863,
  "min_samples_leaf": 4.660945135628133
}