{
  "batch_size": 43,
  "hl_mlp": 1,
  "latent_size_mlp": 73,
  "lr": 0.006924681383194607,
  "lr_decay": 0.012091710829364475
}