{
  "batch_size": 28,
  "hl_mlp": 1,
  "latent_size_mlp": 70,
  "lr": 0.004861075611773217,
  "lr_decay": 0.5409432667918733
}