{
  "batch_size": 21,
  "hl_mlp": 2,
  "latent_size_mlp": 56,
  "lr": 0.010009842561164868,
  "lr_decay": 0.0013490612439312957
}