{
  "batch_size": 42,
  "hl_mlp": 1,
  "latent_size_mlp": 55,
  "lr": 0.00660971339944079,
  "lr_decay": 0.4708003168963497
}