{
  "batch_size": 26,
  "hl_mlp": 1,
  "latent_size_mlp": 75,
  "lr": 0.00022669921224058906,
  "lr_decay": 0.0003143404426549496
}