{
  "batch_size": 26,
  "hl_mlp": 1,
  "latent_size_mlp": 51,
  "lr": 0.00020861070809422214,
  "lr_decay": 0.00023265841063949868
}