{
  "batch_size": 22,
  "hl_mlp": 1,
  "latent_size_mlp": 12,
  "lr": 0.0012175829368502099,
  "lr_decay": 0.0394486219754794
}