{
  "batch_size": 22,
  "hl_mlp": 1,
  "latent_size_mlp": 47,
  "lr": 0.06091756480483727,
  "lr_decay": 0.044730699657302454
}