{
  "batch_size": 23,
  "hl_mlp": 2,
  "latent_size_mlp": 26,
  "lr": 0.04889197166242438,
  "lr_decay": 0.04590141960905366
}