{
  "batch_size": 28,
  "hl_mlp": 1,
  "latent_size_mlp": 44,
  "lr": 0.01006458803197656,
  "lr_decay": 0.040861797108506986
}