{
  "batch_size": 23,
  "hl_mlp": 2,
  "latent_size_mlp": 47,
  "lr": 0.011871789083080075,
  "lr_decay": 0.0030752510677748827
}