{
  "batch_size": 18,
  "hl_mlp": 1,
  "latent_size_mlp": 43,
  "lr": 0.001716169145872819,
  "lr_decay": 0.05733764441578516
}