{
  "alpha": 0.028541301819389422,
  "length_scale": 0.6061258577764589
}