{
  "max_depth": 6.962507800962568,
  "min_samples_leaf": 6.561462763271159
}