{
  "batch_size": 25,
  "hl_mlp": 1,
  "latent_size_mlp": 56,
  "lr": 0.00046185174074618194,
  "lr_decay": 0.5616747471860293
}