{
  "batch_size": 24,
  "hl_mlp": 1,
  "latent_size_mlp": 57,
  "lr": 0.07299478537890462,
  "lr_decay": 0.006219718625992936
}