{
  "batch_size": 23,
  "hl_mlp": 2,
  "latent_size_mlp": 42,
  "lr": 0.07900849546364966,
  "lr_decay": 0.009488035970083774
}