{
  "batch_size": 29,
  "hl_mlp": 1,
  "latent_size_mlp": 43,
  "lr": 0.0005012682164328512,
  "lr_decay": 0.00010175968282245701
}