{
  "batch_size": 20,
  "hl_mlp": 1,
  "latent_size_mlp": 48,
  "lr": 0.005676286588057647,
  "lr_decay": 0.09080434852574973
}