{
  "batch_size": 41,
  "hl_mlp": 1,
  "latent_size_mlp": 59,
  "lr": 0.005279926489195783,
  "lr_decay": 0.060146595512096515
}