{
  "batch_size": 42,
  "hl_mlp": 2,
  "latent_size_mlp": 5,
  "lr": 0.0012542352325436025,
  "lr_decay": 0.04725883531760411
}