{
  "batch_size": 24,
  "hl_mlp": 2,
  "latent_size_mlp": 48,
  "lr": 0.03700834671539142,
  "lr_decay": 0.0011030618090161297
}