{
  "batch_size": 25,
  "hl_mlp": 2,
  "latent_size_mlp": 7,
  "lr": 0.025543593143047646,
  "lr_decay": 0.0026888814035267035
}