{
  "batch_size": 20,
  "hl_mlp": 1,
  "latent_size_mlp": 47,
  "lr": 0.003288426015092686,
  "lr_decay": 0.002780373499432779
}