{
  "alpha": 0.003181524590831581,
  "length_scale": 1.938355249839311
}