{
  "batch_size": 24,
  "hl_mlp": 1,
  "latent_size_mlp": 50,
  "lr": 0.009708226624307549,
  "lr_decay": 0.0973155747329558
}