{
  "batch_size": 20,
  "hl_mlp": 1,
  "latent_size_mlp": 49,
  "lr": 0.0029152020775688363,
  "lr_decay": 0.015520161252438143
}