{
  "batch_size": 23,
  "hl_mlp": 0,
  "latent_size_mlp": 48,
  "lr": 0.012543356216881822,
  "lr_decay": 0.002719426726177446
}