{
  "batch_size": 25,
  "hl_mlp": 1,
  "latent_size_mlp": 46,
  "lr": 0.013878414470546654,
  "lr_decay": 0.04405943871431812
}