{
  "batch_size": 20,
  "hl_mlp": 1,
  "latent_size_mlp": 47,
  "lr": 0.003676939248469414,
  "lr_decay": 0.0031819893178181373
}