{
  "batch_size": 23,
  "hl_mlp": 1,
  "latent_size_mlp": 40,
  "lr": 0.04463479482440078,
  "lr_decay": 0.024372527209492723
}