{
  "batch_size": 33,
  "hl_mlp": 2,
  "latent_size_mlp": 70,
  "lr": 0.0014074428098830802,
  "lr_decay": 0.3244939139388991
}