{
  "batch_size": 22,
  "hl_mlp": 1,
  "latent_size_mlp": 50,
  "lr": 0.0006581088524391072,
  "lr_decay": 0.0005710145136958173
}