{
  "batch_size": 11,
  "hl_mlp": 2,
  "latent_size_mlp": 40,
  "lr": 0.001211229721293742,
  "lr_decay": 0.02219129062208844
}