{
  "batch_size": 21,
  "hl_mlp": 1,
  "latent_size_mlp": 44,
  "lr": 0.011493079152371907,
  "lr_decay": 0.039387191946277066
}