{
  "batch_size": 36,
  "hl_mlp": 1,
  "latent_size_mlp": 47,
  "lr": 0.004593712758355658,
  "lr_decay": 0.4274458719684158
}