{
  "C": 1.1839044323159433,
  "epsilon": 0.024811272329911222
}