{
  "C": 3.681606770695847,
  "epsilon": 0.025138748675855024
}