{
  "batch_size": 49,
  "hl_mlp": 1,
  "latent_size_mlp": 69,
  "lr": 0.004208552188038746,
  "lr_decay": 0.0024372698877160636
}