{
  "batch_size": 28,
  "hl_mlp": 1,
  "latent_size_mlp": 41,
  "lr": 0.0005898384815772199,
  "lr_decay": 0.0013105453248353487
}