{
  "batch_size": 24,
  "hl_mlp": 1,
  "latent_size_mlp": 70,
  "lr": 0.21469099356277052,
  "lr_decay": 0.013218506057172147
}