{
  "batch_size": 20,
  "hl_mlp": 2,
  "latent_size_mlp": 47,
  "lr": 0.04310202718894395,
  "lr_decay": 0.002325697537297479
}