{
  "batch_size": 35,
  "hl_mlp": 1,
  "latent_size_mlp": 58,
  "lr": 0.002743049104229219,
  "lr_decay": 0.04022210141623591
}