{
  "batch_size": 23,
  "hl_mlp": 0,
  "latent_size_mlp": 49,
  "lr": 0.018056886676057465,
  "lr_decay": 0.002143581741277669
}