{
  "batch_size": 16,
  "hl_mlp": 1,
  "latent_size_mlp": 46,
  "lr": 0.005658508784112393,
  "lr_decay": 0.011633140236881955
}