{
  "batch_size": 29,
  "hl_mlp": 1,
  "latent_size_mlp": 53,
  "lr": 0.0008461421137787191,
  "lr_decay": 0.015001898572497244
}