{
  "batch_size": 44,
  "hl_mlp": 1,
  "latent_size_mlp": 57,
  "lr": 0.009220679933327468,
  "lr_decay": 0.5725736711955168
}