{
  "batch_size": 20,
  "hl_mlp": 1,
  "latent_size_mlp": 45,
  "lr": 0.001985350470237584,
  "lr_decay": 0.08664717799290726
}