{
  "batch_size": 23,
  "hl_mlp": 1,
  "latent_size_mlp": 47,
  "lr": 0.002839702045216963,
  "lr_decay": 0.06698638284896638
}