{
  "batch_size": 23,
  "hl_mlp": 1,
  "latent_size_mlp": 51,
  "lr": 0.008863731986405872,
  "lr_decay": 0.0004058912402767814
}