{
  "batch_size": 40,
  "hl_mlp": 1,
  "latent_size_mlp": 17,
  "lr": 0.013471863379380854,
  "lr_decay": 0.03258527951045572
}