{
  "batch_size": 23,
  "hl_mlp": 0,
  "latent_size_mlp": 58,
  "lr": 0.024462304859145186,
  "lr_decay": 0.003334309503446083
}