{
  "batch_size": 17,
  "hl_mlp": 1,
  "latent_size_mlp": 42,
  "lr": 0.002588067494378441,
  "lr_decay": 0.04409546876041393
}