{
  "batch_size": 22,
  "hl_mlp": 1,
  "latent_size_mlp": 41,
  "lr": 0.028408084327235426,
  "lr_decay": 0.002370268194843903
}