{
  "batch_size": 17,
  "hl_mlp": 1,
  "latent_size_mlp": 49,
  "lr": 0.07931744013729077,
  "lr_decay": 0.004551931320753875
}