{
  "batch_size": 23,
  "hl_mlp": 1,
  "latent_size_mlp": 45,
  "lr": 0.0012956728506741929,
  "lr_decay": 0.025260082418988656
}