{
  "batch_size": 19,
  "hl_mlp": 1,
  "latent_size_mlp": 42,
  "lr": 0.0152994514229746,
  "lr_decay": 0.0013717585773055346
}