{
  "batch_size": 17,
  "hl_mlp": 1,
  "latent_size_mlp": 49,
  "lr": 0.03541892487812472,
  "lr_decay": 0.007892325645586472
}