{
  "C": 1.137136060864072,
  "epsilon": 0.039165472992014685
}