{
  "batch_size": 22,
  "hl_mlp": 2,
  "latent_size_mlp": 46,
  "lr": 0.0841710768664276,
  "lr_decay": 0.0035222911317299597
}