{
  "batch_size": 21,
  "hl_mlp": 1,
  "latent_size_mlp": 43,
  "lr": 0.00896340817066914,
  "lr_decay": 0.036708313028046446
}