{
  "batch_size": 23,
  "hl_mlp": 1,
  "latent_size_mlp": 51,
  "lr": 0.0033304138910705953,
  "lr_decay": 0.4650833277550822
}