{
  "batch_size": 21,
  "hl_mlp": 1,
  "latent_size_mlp": 46,
  "lr": 0.00409245602989233,
  "lr_decay": 0.019071815157663104
}