{
  "batch_size": 22,
  "hl_mlp": 1,
  "latent_size_mlp": 59,
  "lr": 0.07612979809691353,
  "lr_decay": 0.0014702381199039078
}