{
  "batch_size": 20,
  "hl_mlp": 1,
  "latent_size_mlp": 45,
  "lr": 0.0024350671729557105,
  "lr_decay": 0.04812218202070121
}