{
  "batch_size": 18,
  "hl_mlp": 1,
  "latent_size_mlp": 53,
  "lr": 0.09139452573592634,
  "lr_decay": 0.012833368887900883
}