{
  "batch_size": 37,
  "hl_mlp": 1,
  "latent_size_mlp": 36,
  "lr": 0.001961812811764077,
  "lr_decay": 0.033459634333328055
}