{
  "batch_size": 20,
  "hl_mlp": 1,
  "latent_size_mlp": 41,
  "lr": 0.0020733952186831983,
  "lr_decay": 0.03749119553554468
}