{
  "batch_size": 30,
  "hl_mlp": 1,
  "latent_size_mlp": 33,
  "lr": 0.0025638849371486666,
  "lr_decay": 0.0028558149344947957
}