{
  "alpha": 0.02578398714713037,
  "length_scale": 2.6361826210752652
}