{
  "batch_size": 22,
  "hl_mlp": 0,
  "latent_size_mlp": 47,
  "lr": 0.012259341218763403,
  "lr_decay": 0.003529582505571938
}