{
  "batch_size": 15,
  "hl_mlp": 1,
  "latent_size_mlp": 40,
  "lr": 0.05017638443563703,
  "lr_decay": 0.006117157643498736
}