{
  "alpha": 0.002965125366929626,
  "length_scale": 2.0498291721502913
}