{
  "alpha": 0.0018426172658530828,
  "length_scale": 0.998209499797645
}