{
  "batch_size": 22,
  "hl_mlp": 1,
  "latent_size_mlp": 47,
  "lr": 0.002224379933778548,
  "lr_decay": 0.0019832788900664543
}