{
  "batch_size": 22,
  "hl_mlp": 1,
  "latent_size_mlp": 45,
  "lr": 0.019740160055152,
  "lr_decay": 0.09296996467444248
}