{
  "batch_size": 18,
  "hl_mlp": 1,
  "latent_size_mlp": 57,
  "lr": 0.060905172165904374,
  "lr_decay": 0.006103666586330534
}