{
  "batch_size": 20,
  "hl_mlp": 1,
  "latent_size_mlp": 49,
  "lr": 0.015211814882145146,
  "lr_decay": 0.0025508177121725474
}