{
  "batch_size": 17,
  "hl_mlp": 3,
  "latent_size_mlp": 67,
  "lr": 0.09999721798040508,
  "lr_decay": 0.01446408960465756
}