{
  "alpha": 0.01653306384939776,
  "length_scale": 0.9376649687597003
}