{
  "alpha": 0.00026453563375386985,
  "length_scale": 3.175021699934589
}