{
  "batch_size": 22,
  "hl_mlp": 2,
  "latent_size_mlp": 41,
  "lr": 0.06822234868941617,
  "lr_decay": 0.0028575506767391803
}