{
  "batch_size": 23,
  "hl_mlp": 1,
  "latent_size_mlp": 44,
  "lr": 0.015752297351503634,
  "lr_decay": 0.0363048676080678
}