{
  "batch_size": 22,
  "hl_mlp": 1,
  "latent_size_mlp": 47,
  "lr": 0.0033145790322923535,
  "lr_decay": 0.021129597160895356
}