{
  "alpha": 0.002176330675874565,
  "length_scale": 1.0364267753805156
}