{
  "batch_size": 23,
  "hl_mlp": 1,
  "latent_size_mlp": 48,
  "lr": 0.01268566594467433,
  "lr_decay": 0.572601175947553
}