{
  "batch_size": 18,
  "hl_mlp": 1,
  "latent_size_mlp": 43,
  "lr": 0.001306519686268145,
  "lr_decay": 0.02445400409908254
}