{
  "batch_size": 24,
  "hl_mlp": 1,
  "latent_size_mlp": 47,
  "lr": 0.00423416783988934,
  "lr_decay": 0.0522155411707652
}