{
  "batch_size": 30,
  "hl_mlp": 1,
  "latent_size_mlp": 56,
  "lr": 0.0004392144463673271,
  "lr_decay": 0.6985392824739456
}