{
  "batch_size": 22,
  "hl_mlp": 1,
  "latent_size_mlp": 45,
  "lr": 0.0840910247424132,
  "lr_decay": 0.0036219063361227727
}