{
  "batch_size": 22,
  "hl_mlp": 0,
  "latent_size_mlp": 59,
  "lr": 0.012820951879664817,
  "lr_decay": 0.0033250740042843857
}