{
  "batch_size": 23,
  "hl_mlp": 1,
  "latent_size_mlp": 46,
  "lr": 0.01603283915970375,
  "lr_decay": 0.02004711814324016
}