{
  "batch_size": 22,
  "hl_mlp": 1,
  "latent_size_mlp": 58,
  "lr": 0.020253619608981453,
  "lr_decay": 0.006540235918859734
}