{
  "batch_size": 23,
  "hl_mlp": 1,
  "latent_size_mlp": 68,
  "lr": 8.767597669952641e-05,
  "lr_decay": 0.0025587955835597665
}