{
  "batch_size": 20,
  "hl_mlp": 1,
  "latent_size_mlp": 46,
  "lr": 0.003158809633180053,
  "lr_decay": 0.03455765066869465
}