{
  "batch_size": 24,
  "hl_mlp": 1,
  "latent_size_mlp": 48,
  "lr": 0.0169791068607525,
  "lr_decay": 0.0035227640043535447
}