{
  "batch_size": 22,
  "hl_mlp": 1,
  "latent_size_mlp": 41,
  "lr": 0.035837477549402474,
  "lr_decay": 0.044330856769146026
}