{
  "batch_size": 21,
  "hl_mlp": 1,
  "latent_size_mlp": 48,
  "lr": 0.002925408680168955,
  "lr_decay": 0.03489530333062581
}