{
  "batch_size": 21,
  "hl_mlp": 1,
  "latent_size_mlp": 46,
  "lr": 0.0020359048454612846,
  "lr_decay": 0.015077027175162686
}