{
  "batch_size": 35,
  "hl_mlp": 1,
  "latent_size_mlp": 58,
  "lr": 0.02493629424825923,
  "lr_decay": 0.010822365430285549
}