{
  "batch_size": 22,
  "hl_mlp": 1,
  "latent_size_mlp": 48,
  "lr": 0.018502206273841186,
  "lr_decay": 0.003364136161581002
}