{
  "batch_size": 22,
  "hl_mlp": 1,
  "latent_size_mlp": 47,
  "lr": 0.08514248184229045,
  "lr_decay": 0.0021390952941911278
}