{
  "batch_size": 23,
  "hl_mlp": 1,
  "latent_size_mlp": 33,
  "lr": 0.003538904556718943,
  "lr_decay": 0.047834564205736445
}