{
  "batch_size": 22,
  "hl_mlp": 1,
  "latent_size_mlp": 47,
  "lr": 0.002911071134360181,
  "lr_decay": 0.018618523851779107
}