{
  "batch_size": 26,
  "hl_mlp": 1,
  "latent_size_mlp": 55,
  "lr": 0.0006428446775589121,
  "lr_decay": 0.004452571711804749
}