{
  "batch_size": 21,
  "hl_mlp": 1,
  "latent_size_mlp": 59,
  "lr": 0.021500876251315776,
  "lr_decay": 0.0012816893872389103
}