{
  "batch_size": 22,
  "hl_mlp": 0,
  "latent_size_mlp": 48,
  "lr": 0.05344976179318616,
  "lr_decay": 0.006339067360548616
}