{
  "batch_size": 21,
  "hl_mlp": 0,
  "latent_size_mlp": 44,
  "lr": 0.01915838793508073,
  "lr_decay": 0.012327031714783724
}