{
  "batch_size": 34,
  "hl_mlp": 1,
  "latent_size_mlp": 58,
  "lr": 0.0007831165185670006,
  "lr_decay": 0.14681749886561005
}