{
  "batch_size": 40,
  "hl_mlp": 1,
  "latent_size_mlp": 43,
  "lr": 0.09964012875353609,
  "lr_decay": 0.05549135337716575
}