{
  "batch_size": 42,
  "hl_mlp": 1,
  "latent_size_mlp": 56,
  "lr": 0.011450438570756805,
  "lr_decay": 0.7032784836213438
}