{
  "batch_size": 24,
  "hl_mlp": 1,
  "latent_size_mlp": 48,
  "lr": 0.055662689893857635,
  "lr_decay": 0.0054204322783022105
}