{
  "batch_size": 23,
  "hl_mlp": 0,
  "latent_size_mlp": 48,
  "lr": 0.01859786917825168,
  "lr_decay": 0.0013510872050565314
}