{
  "batch_size": 24,
  "hl_mlp": 1,
  "latent_size_mlp": 57,
  "lr": 0.07379432779347984,
  "lr_decay": 0.006185518200263655
}