{
  "batch_size": 24,
  "hl_mlp": 1,
  "latent_size_mlp": 45,
  "lr": 0.0031615768038065688,
  "lr_decay": 0.036656152526252365
}