{
  "batch_size": 35,
  "hl_mlp": 1,
  "latent_size_mlp": 42,
  "lr": 0.002297847001215637,
  "lr_decay": 0.004987402903359511
}