{
  "batch_size": 23,
  "hl_mlp": 2,
  "latent_size_mlp": 47,
  "lr": 0.0114409630733651,
  "lr_decay": 0.002424130229709537
}