{
  "batch_size": 21,
  "hl_mlp": 2,
  "latent_size_mlp": 4,
  "lr": 0.0020762216854596583,
  "lr_decay": 0.018556137461852393
}