{
  "batch_size": 23,
  "hl_mlp": 1,
  "latent_size_mlp": 55,
  "lr": 0.1630808457635687,
  "lr_decay": 0.011448828554100648
}