{
  "batch_size": 22,
  "hl_mlp": 0,
  "latent_size_mlp": 40,
  "lr": 0.08809742321416462,
  "lr_decay": 0.015527449414217888
}