{
  "max_depth": 4.879718203511595,
  "min_samples_leaf": 1.1543291455849676
}