{
  "batch_size": 26,
  "hl_mlp": 1,
  "latent_size_mlp": 46,
  "lr": 0.08765340572784457,
  "lr_decay": 0.013379054089731796
}