{
  "batch_size": 17,
  "hl_mlp": 2,
  "latent_size_mlp": 54,
  "lr": 0.09168976145787751,
  "lr_decay": 0.004324760673302887
}