{
  "batch_size": 22,
  "hl_mlp": 1,
  "latent_size_mlp": 52,
  "lr": 0.06758598551261231,
  "lr_decay": 0.01018558127529447
}