{
  "batch_size": 24,
  "hl_mlp": 1,
  "latent_size_mlp": 42,
  "lr": 0.0016742611444863563,
  "lr_decay": 0.04555074621408035
}