{
  "batch_size": 23,
  "hl_mlp": 0,
  "latent_size_mlp": 53,
  "lr": 0.013579482812801934,
  "lr_decay": 0.001077191224637393
}