{
  "batch_size": 11,
  "hl_mlp": 1,
  "latent_size_mlp": 53,
  "lr": 0.0007228365624071881,
  "lr_decay": 0.3748203136668137
}