{
  "batch_size": 22,
  "hl_mlp": 1,
  "latent_size_mlp": 47,
  "lr": 0.026833717683615838,
  "lr_decay": 0.04022563667574662
}