{
  "alpha": 0.003145967750262771,
  "length_scale": 1.7730658205910552
}