{
  "batch_size": 21,
  "hl_mlp": 1,
  "latent_size_mlp": 46,
  "lr": 0.0132733062776258,
  "lr_decay": 0.033369574388361634
}