{
  "batch_size": 20,
  "hl_mlp": 1,
  "latent_size_mlp": 48,
  "lr": 0.004582030889385338,
  "lr_decay": 0.05733969949355787
}