{
  "batch_size": 24,
  "hl_mlp": 1,
  "latent_size_mlp": 54,
  "lr": 0.014956180021813361,
  "lr_decay": 0.0019380538236389226
}