{
  "batch_size": 24,
  "hl_mlp": 1,
  "latent_size_mlp": 50,
  "lr": 0.0848364397734664,
  "lr_decay": 0.018302431609858328
}