{
  "batch_size": 21,
  "hl_mlp": 1,
  "latent_size_mlp": 49,
  "lr": 0.06270750175008269,
  "lr_decay": 0.0271959814804363
}