{
  "batch_size": 22,
  "hl_mlp": 1,
  "latent_size_mlp": 48,
  "lr": 0.010090155254102569,
  "lr_decay": 0.023026536144101214
}