{
  "batch_size": 20,
  "hl_mlp": 1,
  "latent_size_mlp": 47,
  "lr": 0.00650186811538384,
  "lr_decay": 0.004137446457707558
}