{
  "max_depth": 2.830663355879912,
  "min_samples_leaf": 9.059813674053089
}