{
  "alpha": 0.0026186286636044717,
  "length_scale": 2.0449508842014588
}