{
  "batch_size": 29,
  "hl_mlp": 1,
  "latent_size_mlp": 59,
  "lr": 0.27324954805078056,
  "lr_decay": 0.01940254121542142
}