{
  "alpha": 0.01663332498540359,
  "length_scale": 7.923722339710357
}