{
  "batch_size": 19,
  "hl_mlp": 1,
  "latent_size_mlp": 49,
  "lr": 0.003587625576281445,
  "lr_decay": 0.07967728938457748
}