{
  "batch_size": 22,
  "hl_mlp": 2,
  "latent_size_mlp": 52,
  "lr": 0.011102309734075926,
  "lr_decay": 0.002180351575539198
}