{
  "batch_size": 24,
  "hl_mlp": 1,
  "latent_size_mlp": 42,
  "lr": 0.0022118704229404634,
  "lr_decay": 0.050471002450447756
}