{
  "C": 1.8260326212011888,
  "epsilon": 1.9854266088119248
}