{
  "batch_size": 24,
  "hl_mlp": 1,
  "latent_size_mlp": 47,
  "lr": 0.013639603221660848,
  "lr_decay": 0.002990421505577491
}