{
  "batch_size": 33,
  "hl_mlp": 1,
  "latent_size_mlp": 35,
  "lr": 0.0010391998028128858,
  "lr_decay": 0.0010366923914124308
}