{
  "batch_size": 24,
  "hl_mlp": 1,
  "latent_size_mlp": 73,
  "lr": 1.6694915073000948e-05,
  "lr_decay": 0.006113165589681094
}