{
  "batch_size": 24,
  "hl_mlp": 0,
  "latent_size_mlp": 51,
  "lr": 0.03334139703989874,
  "lr_decay": 0.0017731860431028483
}