{
  "batch_size": 23,
  "hl_mlp": 0,
  "latent_size_mlp": 47,
  "lr": 0.022091565366828315,
  "lr_decay": 0.005844514560197081
}