{
  "batch_size": 21,
  "hl_mlp": 1,
  "latent_size_mlp": 47,
  "lr": 0.013796459013397211,
  "lr_decay": 0.03685424920073275
}