{
  "batch_size": 19,
  "hl_mlp": 1,
  "latent_size_mlp": 57,
  "lr": 0.06356994440163068,
  "lr_decay": 0.00592674121873333
}