{
  "batch_size": 19,
  "hl_mlp": 2,
  "latent_size_mlp": 57,
  "lr": 0.001406618001238609,
  "lr_decay": 0.00629050967223604
}