{
  "batch_size": 22,
  "hl_mlp": 1,
  "latent_size_mlp": 24,
  "lr": 0.06444885273508616,
  "lr_decay": 0.03467960311183811
}