{
  "batch_size": 25,
  "hl_mlp": 1,
  "latent_size_mlp": 40,
  "lr": 0.0015538676851902542,
  "lr_decay": 0.01215711930980521
}