{
  "batch_size": 22,
  "hl_mlp": 0,
  "latent_size_mlp": 59,
  "lr": 0.012689394968490125,
  "lr_decay": 0.001457777418099855
}