{
  "batch_size": 26,
  "hl_mlp": 1,
  "latent_size_mlp": 47,
  "lr": 0.009018073508581349,
  "lr_decay": 0.03824736238780842
}