{
  "batch_size": 25,
  "hl_mlp": 1,
  "latent_size_mlp": 37,
  "lr": 0.0022371326040223232,
  "lr_decay": 0.060438776712681136
}