{
  "batch_size": 31,
  "hl_mlp": 1,
  "latent_size_mlp": 38,
  "lr": 0.0025626681107768488,
  "lr_decay": 0.0029087336363960064
}