{
  "batch_size": 22,
  "hl_mlp": 0,
  "latent_size_mlp": 47,
  "lr": 0.02852205371079812,
  "lr_decay": 0.01751747998213033
}