{
  "batch_size": 21,
  "hl_mlp": 1,
  "latent_size_mlp": 55,
  "lr": 0.032942220466289175,
  "lr_decay": 0.0015279417975818704
}