{
  "alpha": 0.0036021300440096443,
  "length_scale": 2.160687216597457
}