{
  "batch_size": 29,
  "hl_mlp": 1,
  "latent_size_mlp": 56,
  "lr": 0.07117542380731212,
  "lr_decay": 0.01861420138524699
}