{
  "batch_size": 21,
  "hl_mlp": 2,
  "latent_size_mlp": 57,
  "lr": 0.023517491531446454,
  "lr_decay": 0.0010374907996613743
}