{
  "batch_size": 23,
  "hl_mlp": 2,
  "latent_size_mlp": 42,
  "lr": 0.08841218799279844,
  "lr_decay": 0.011837707905664607
}