{
  "batch_size": 20,
  "hl_mlp": 0,
  "latent_size_mlp": 55,
  "lr": 0.08366825314776573,
  "lr_decay": 0.0010022175889064994
}