{
  "batch_size": 35,
  "hl_mlp": 1,
  "latent_size_mlp": 54,
  "lr": 0.08229320554172428,
  "lr_decay": 0.526803944252236
}