{
  "alpha": 0.0003325331174402075,
  "length_scale": 3.063148306131175
}