{
  "batch_size": 15,
  "hl_mlp": 2,
  "latent_size_mlp": 33,
  "lr": 0.0038759766916312516,
  "lr_decay": 0.0491709791574015
}