{
  "batch_size": 33,
  "hl_mlp": 1,
  "latent_size_mlp": 71,
  "lr": 0.09005751859042366,
  "lr_decay": 0.006507456715240573
}