{
  "batch_size": 17,
  "hl_mlp": 1,
  "latent_size_mlp": 40,
  "lr": 0.08727762495691702,
  "lr_decay": 0.006075949570521851
}