{
  "batch_size": 34,
  "hl_mlp": 2,
  "latent_size_mlp": 66,
  "lr": 0.0034805113814718918,
  "lr_decay": 0.08381459733850877
}