{
  "batch_size": 37,
  "hl_mlp": 2,
  "latent_size_mlp": 76,
  "lr": 0.0030816398094157334,
  "lr_decay": 0.2021437975406493
}