{
  "batch_size": 48,
  "hl_mlp": 1,
  "latent_size_mlp": 79,
  "lr": 0.0032803712677449033,
  "lr_decay": 0.5494029384565164
}