{
  "alpha": 0.00025970619776173874,
  "length_scale": 5.620587910203521
}