{
  "batch_size": 21,
  "hl_mlp": 2,
  "latent_size_mlp": 42,
  "lr": 0.027791214883369084,
  "lr_decay": 0.02891522207604557
}