{
  "batch_size": 31,
  "hl_mlp": 1,
  "latent_size_mlp": 40,
  "lr": 0.00013795788252633334,
  "lr_decay": 0.029102779065967248
}