{
  "batch_size": 10,
  "hl_mlp": 1,
  "latent_size_mlp": 39,
  "lr": 0.002000086306005987,
  "lr_decay": 0.05599357453731368
}