{
  "batch_size": 22,
  "hl_mlp": 1,
  "latent_size_mlp": 48,
  "lr": 0.022674280222085428,
  "lr_decay": 0.002237755707101996
}