{
  "batch_size": 16,
  "hl_mlp": 1,
  "latent_size_mlp": 46,
  "lr": 0.026333445974732236,
  "lr_decay": 0.004533707565218202
}