{
  "batch_size": 23,
  "hl_mlp": 0,
  "latent_size_mlp": 41,
  "lr": 0.03496000272892719,
  "lr_decay": 0.0012050789138198879
}