{
  "batch_size": 21,
  "hl_mlp": 1,
  "latent_size_mlp": 20,
  "lr": 0.02121611688590102,
  "lr_decay": 0.015543137468358772
}