{
  "batch_size": 40,
  "hl_mlp": 1,
  "latent_size_mlp": 68,
  "lr": 0.0473201727325839,
  "lr_decay": 0.4929269784503667
}