{
  "batch_size": 28,
  "hl_mlp": 1,
  "latent_size_mlp": 45,
  "lr": 0.003318372157301673,
  "lr_decay": 0.02170683402132263
}