{
  "batch_size": 22,
  "hl_mlp": 1,
  "latent_size_mlp": 47,
  "lr": 0.013467037500532773,
  "lr_decay": 0.004962688473323316
}