{
  "batch_size": 21,
  "hl_mlp": 1,
  "latent_size_mlp": 45,
  "lr": 0.02263407271121774,
  "lr_decay": 0.017686656199614778
}