{
  "batch_size": 23,
  "hl_mlp": 0,
  "latent_size_mlp": 53,
  "lr": 0.012474448301467,
  "lr_decay": 0.001004840127805591
}