{
  "batch_size": 43,
  "hl_mlp": 1,
  "latent_size_mlp": 36,
  "lr": 0.0007077629263023943,
  "lr_decay": 0.06621492601671247
}