{
  "batch_size": 20,
  "hl_mlp": 0,
  "latent_size_mlp": 45,
  "lr": 0.0010628894576498974,
  "lr_decay": 0.02583211424573222
}