{
  "batch_size": 30,
  "hl_mlp": 2,
  "latent_size_mlp": 55,
  "lr": 0.000442937872868046,
  "lr_decay": 0.7623011680745796
}