{
  "batch_size": 15,
  "hl_mlp": 2,
  "latent_size_mlp": 40,
  "lr": 0.11943767442172572,
  "lr_decay": 0.001188917852703732
}