{
  "batch_size": 22,
  "hl_mlp": 1,
  "latent_size_mlp": 34,
  "lr": 0.0004194262406596912,
  "lr_decay": 0.0003706188182675232
}