{
  "batch_size": 24,
  "hl_mlp": 1,
  "latent_size_mlp": 49,
  "lr": 0.025016987333840116,
  "lr_decay": 0.0031693132197949557
}