{
  "batch_size": 27,
  "hl_mlp": 1,
  "latent_size_mlp": 54,
  "lr": 0.028008738524362305,
  "lr_decay": 0.0256446976611417
}