{
  "alpha": 0.00173229784952161,
  "length_scale": 1.1201649552862498
}