{
  "batch_size": 22,
  "hl_mlp": 0,
  "latent_size_mlp": 48,
  "lr": 0.07224884275749661,
  "lr_decay": 0.0017233162197587588
}