{
  "alpha": 0.003468665022691223,
  "length_scale": 2.412177109323626
}