{
  "batch_size": 24,
  "hl_mlp": 2,
  "latent_size_mlp": 48,
  "lr": 0.0006134151296704207,
  "lr_decay": 0.003690130311308942
}