{
  "batch_size": 26,
  "hl_mlp": 1,
  "latent_size_mlp": 46,
  "lr": 0.0029899158369964462,
  "lr_decay": 0.02416546150652381
}