{
  "batch_size": 41,
  "hl_mlp": 1,
  "latent_size_mlp": 72,
  "lr": 0.0023972330996103993,
  "lr_decay": 0.0030797483758757804
}