{
  "batch_size": 43,
  "hl_mlp": 1,
  "latent_size_mlp": 68,
  "lr": 0.07313422479516267,
  "lr_decay": 0.003516763880333633
}