{
  "batch_size": 17,
  "hl_mlp": 1,
  "latent_size_mlp": 75,
  "lr": 0.0008138874612159444,
  "lr_decay": 0.030055147742889476
}