{
  "C": 1.4054800410100454,
  "epsilon": 0.02912856892191263
}