{
  "batch_size": 18,
  "hl_mlp": 0,
  "latent_size_mlp": 52,
  "lr": 0.014625234878170402,
  "lr_decay": 0.0010020224767472142
}