{
  "batch_size": 25,
  "hl_mlp": 1,
  "latent_size_mlp": 53,
  "lr": 0.06678503490571867,
  "lr_decay": 0.009603426433661952
}