{
  "batch_size": 18,
  "hl_mlp": 1,
  "latent_size_mlp": 57,
  "lr": 0.06299948537393811,
  "lr_decay": 0.005062929562553702
}