{
  "batch_size": 22,
  "hl_mlp": 1,
  "latent_size_mlp": 42,
  "lr": 0.047486810097671084,
  "lr_decay": 0.02912324905200659
}