{
  "batch_size": 22,
  "hl_mlp": 2,
  "latent_size_mlp": 42,
  "lr": 0.04688549700965382,
  "lr_decay": 0.00658089147438897
}