{
  "batch_size": 33,
  "hl_mlp": 1,
  "latent_size_mlp": 78,
  "lr": 1.338815181594381e-06,
  "lr_decay": 0.03443141449848221
}