{
  "batch_size": 19,
  "hl_mlp": 1,
  "latent_size_mlp": 48,
  "lr": 0.011421434124901986,
  "lr_decay": 0.0016633353284649715
}