{
  "batch_size": 22,
  "hl_mlp": 2,
  "latent_size_mlp": 50,
  "lr": 0.011201687981018909,
  "lr_decay": 0.0019261899114523004
}