{
  "batch_size": 26,
  "hl_mlp": 1,
  "latent_size_mlp": 75,
  "lr": 0.0001345244856230166,
  "lr_decay": 0.00019457217859025902
}