{
  "batch_size": 26,
  "hl_mlp": 1,
  "latent_size_mlp": 46,
  "lr": 0.0018413246404148458,
  "lr_decay": 0.032338536153438624
}