{
  "batch_size": 23,
  "hl_mlp": 1,
  "latent_size_mlp": 43,
  "lr": 0.0232342734606937,
  "lr_decay": 0.04397472582870273
}