{
  "batch_size": 20,
  "hl_mlp": 1,
  "latent_size_mlp": 47,
  "lr": 0.009598118428177259,
  "lr_decay": 0.0015939389834105533
}