{
  "batch_size": 22,
  "hl_mlp": 1,
  "latent_size_mlp": 41,
  "lr": 0.012100836229644947,
  "lr_decay": 0.03392764181767967
}