{
  "batch_size": 22,
  "hl_mlp": 1,
  "latent_size_mlp": 23,
  "lr": 0.0022586386221737273,
  "lr_decay": 0.045820205312390595
}