{
  "batch_size": 29,
  "hl_mlp": 1,
  "latent_size_mlp": 69,
  "lr": 0.0048131919697932775,
  "lr_decay": 0.00071979504049772
}