{
  "batch_size": 23,
  "hl_mlp": 1,
  "latent_size_mlp": 41,
  "lr": 0.003561788347802445,
  "lr_decay": 0.03692526459327793
}