{
  "batch_size": 24,
  "hl_mlp": 1,
  "latent_size_mlp": 48,
  "lr": 0.0202487850768258,
  "lr_decay": 0.0052264518462989155
}