{
  "batch_size": 14,
  "hl_mlp": 1,
  "latent_size_mlp": 74,
  "lr": 0.026700980024222977,
  "lr_decay": 0.04394377148002196
}