{
  "batch_size": 22,
  "hl_mlp": 1,
  "latent_size_mlp": 33,
  "lr": 0.014332000812125578,
  "lr_decay": 0.00425691559589836
}