{
  "batch_size": 13,
  "hl_mlp": 0,
  "latent_size_mlp": 33,
  "lr": 0.002625653258130625,
  "lr_decay": 0.017396105782694238
}