{
  "batch_size": 20,
  "hl_mlp": 1,
  "latent_size_mlp": 49,
  "lr": 0.019695442634015917,
  "lr_decay": 0.00166833586078017
}