{
  "batch_size": 18,
  "hl_mlp": 1,
  "latent_size_mlp": 46,
  "lr": 0.0163628089171067,
  "lr_decay": 0.002700352004178785
}