{
  "batch_size": 23,
  "hl_mlp": 1,
  "latent_size_mlp": 48,
  "lr": 0.017500605399685856,
  "lr_decay": 0.0032043881991823697
}