{
  "batch_size": 23,
  "hl_mlp": 1,
  "latent_size_mlp": 45,
  "lr": 0.006692824175888541,
  "lr_decay": 0.06455807028262792
}