{
  "batch_size": 24,
  "hl_mlp": 1,
  "latent_size_mlp": 56,
  "lr": 0.07485646082524319,
  "lr_decay": 0.006124017394946399
}