{
  "batch_size": 22,
  "hl_mlp": 1,
  "latent_size_mlp": 48,
  "lr": 0.018214805612665443,
  "lr_decay": 0.0011286070198370946
}