{
  "batch_size": 28,
  "hl_mlp": 1,
  "latent_size_mlp": 42,
  "lr": 0.04520259139015887,
  "lr_decay": 0.022965068270544096
}