{
  "batch_size": 23,
  "hl_mlp": 0,
  "latent_size_mlp": 48,
  "lr": 0.0172744554590706,
  "lr_decay": 0.005686583401468954
}