{
  "batch_size": 21,
  "hl_mlp": 1,
  "latent_size_mlp": 4,
  "lr": 0.01735052236577259,
  "lr_decay": 0.0015230948665748076
}