{
  "batch_size": 15,
  "hl_mlp": 0,
  "latent_size_mlp": 19,
  "lr": 0.005480976370213666,
  "lr_decay": 0.08881853042191987
}