{
  "batch_size": 23,
  "hl_mlp": 1,
  "latent_size_mlp": 48,
  "lr": 0.014186965064830822,
  "lr_decay": 0.0018816177166060344
}