{
  "batch_size": 16,
  "hl_mlp": 2,
  "latent_size_mlp": 47,
  "lr": 0.01095729105647626,
  "lr_decay": 0.0010050072794505944
}