{
  "batch_size": 12,
  "hl_mlp": 1,
  "latent_size_mlp": 26,
  "lr": 0.003418812964286113,
  "lr_decay": 0.007957835747890026
}