{
  "batch_size": 19,
  "hl_mlp": 1,
  "latent_size_mlp": 45,
  "lr": 0.017344096134550787,
  "lr_decay": 0.008795981612292444
}