{
  "batch_size": 22,
  "hl_mlp": 1,
  "latent_size_mlp": 41,
  "lr": 0.03696149185624289,
  "lr_decay": 0.036717725505019505
}