{
  "batch_size": 21,
  "hl_mlp": 2,
  "latent_size_mlp": 50,
  "lr": 0.060904845911234025,
  "lr_decay": 0.0016143757193396644
}