{
  "batch_size": 23,
  "hl_mlp": 0,
  "latent_size_mlp": 54,
  "lr": 0.018769248149882924,
  "lr_decay": 0.0015863448944661383
}