{
  "batch_size": 22,
  "hl_mlp": 0,
  "latent_size_mlp": 57,
  "lr": 0.09516015185299759,
  "lr_decay": 0.0036390002839595953
}