{
  "batch_size": 25,
  "hl_mlp": 2,
  "latent_size_mlp": 8,
  "lr": 0.003302643672222244,
  "lr_decay": 0.01885523196916519
}