{
  "batch_size": 18,
  "hl_mlp": 1,
  "latent_size_mlp": 44,
  "lr": 0.008823242403950613,
  "lr_decay": 0.02419044343092066
}