{
  "batch_size": 24,
  "hl_mlp": 1,
  "latent_size_mlp": 41,
  "lr": 0.0048792566765384245,
  "lr_decay": 0.0509917466053568
}