{
  "batch_size": 17,
  "hl_mlp": 0,
  "latent_size_mlp": 51,
  "lr": 0.017600232753822737,
  "lr_decay": 0.01509114163212821
}