{
  "batch_size": 25,
  "hl_mlp": 1,
  "latent_size_mlp": 56,
  "lr": 0.0006851381968764643,
  "lr_decay": 0.0038255495780684635
}