{
  "batch_size": 22,
  "hl_mlp": 1,
  "latent_size_mlp": 39,
  "lr": 0.02899601395217599,
  "lr_decay": 0.004298326133839044
}