{
  "alpha": 0.008387499732516453,
  "length_scale": 1.4937117081402684
}