{
  "batch_size": 28,
  "hl_mlp": 2,
  "latent_size_mlp": 56,
  "lr": 0.061662401936484854,
  "lr_decay": 0.009289304849524649
}