{
  "batch_size": 23,
  "hl_mlp": 1,
  "latent_size_mlp": 40,
  "lr": 8.278803941906015e-05,
  "lr_decay": 0.0030532138249774994
}