{
  "batch_size": 23,
  "hl_mlp": 1,
  "latent_size_mlp": 47,
  "lr": 0.019167767002437625,
  "lr_decay": 0.0013514260598137921
}