{
  "batch_size": 24,
  "hl_mlp": 1,
  "latent_size_mlp": 47,
  "lr": 0.012253860046496182,
  "lr_decay": 0.0066442036613204355
}