{
  "batch_size": 22,
  "hl_mlp": 0,
  "latent_size_mlp": 47,
  "lr": 0.018030155375043305,
  "lr_decay": 0.003160358256722064
}