{
  "C": 2.303209601637567,
  "epsilon": 0.02676077091970637
}