{
  "batch_size": 24,
  "hl_mlp": 2,
  "latent_size_mlp": 48,
  "lr": 0.014433046166447668,
  "lr_decay": 0.0029199575983110113
}