{
  "batch_size": 26,
  "hl_mlp": 1,
  "latent_size_mlp": 38,
  "lr": 0.0010086999770936704,
  "lr_decay": 0.0655108572079269
}