{
  "batch_size": 27,
  "hl_mlp": 0,
  "latent_size_mlp": 13,
  "lr": 0.0013282678738208583,
  "lr_decay": 0.08261354011650525
}