{
  "batch_size": 23,
  "hl_mlp": 1,
  "latent_size_mlp": 51,
  "lr": 4.3866363928412975e-05,
  "lr_decay": 0.00038858938069780515
}