{
  "batch_size": 19,
  "hl_mlp": 1,
  "latent_size_mlp": 49,
  "lr": 0.015526136967798775,
  "lr_decay": 0.0922510960312638
}