{
  "batch_size": 22,
  "hl_mlp": 1,
  "latent_size_mlp": 40,
  "lr": 0.04859970252730705,
  "lr_decay": 0.08532428358106478
}