{
  "batch_size": 35,
  "hl_mlp": 1,
  "latent_size_mlp": 74,
  "lr": 0.007807537011345896,
  "lr_decay": 0.008505179731252288
}