{
  "batch_size": 28,
  "hl_mlp": 1,
  "latent_size_mlp": 58,
  "lr": 0.004172003293225744,
  "lr_decay": 0.0009482424363899055
}