{
  "batch_size": 24,
  "hl_mlp": 1,
  "latent_size_mlp": 41,
  "lr": 0.004801203726287526,
  "lr_decay": 0.001617107517465748
}