{
  "batch_size": 22,
  "hl_mlp": 0,
  "latent_size_mlp": 49,
  "lr": 0.018669683480088094,
  "lr_decay": 0.0011302333830319497
}