{
  "batch_size": 22,
  "hl_mlp": 1,
  "latent_size_mlp": 50,
  "lr": 0.034458008226367944,
  "lr_decay": 0.0014826416699438515
}