{
  "batch_size": 23,
  "hl_mlp": 0,
  "latent_size_mlp": 51,
  "lr": 0.013988633758338028,
  "lr_decay": 0.017635017304311527
}