{
  "alpha": 0.00506651666864708,
  "length_scale": 0.8084985814702308
}