{
  "batch_size": 28,
  "hl_mlp": 1,
  "latent_size_mlp": 50,
  "lr": 0.08149517864220712,
  "lr_decay": 0.015772359319355316
}