{
  "batch_size": 18,
  "hl_mlp": 2,
  "latent_size_mlp": 50,
  "lr": 1.749365222300461e-06,
  "lr_decay": 0.16103848224263567
}