{
  "batch_size": 11,
  "hl_mlp": 0,
  "latent_size_mlp": 22,
  "lr": 0.002433336803969538,
  "lr_decay": 0.0072060883556876055
}