{
  "batch_size": 33,
  "hl_mlp": 1,
  "latent_size_mlp": 42,
  "lr": 0.0012696034697389936,
  "lr_decay": 0.0009515040773380967
}