{
  "batch_size": 23,
  "hl_mlp": 1,
  "latent_size_mlp": 42,
  "lr": 0.009279369165826517,
  "lr_decay": 0.00563832384640863
}