{
  "batch_size": 32,
  "hl_mlp": 1,
  "latent_size_mlp": 39,
  "lr": 0.08909479369970703,
  "lr_decay": 0.0013877844651849608
}