{
  "batch_size": 21,
  "hl_mlp": 1,
  "latent_size_mlp": 44,
  "lr": 0.011498445156079415,
  "lr_decay": 0.031679991388735014
}