{
  "batch_size": 23,
  "hl_mlp": 1,
  "latent_size_mlp": 51,
  "lr": 2.855549235229481e-05,
  "lr_decay": 0.00044361170273162913
}