{
  "alpha": 0.0008701886283362479,
  "length_scale": 0.6921737528246592
}