{
  "alpha": 0.002152631423593528,
  "length_scale": 1.2314052556683446
}