{
  "batch_size": 33,
  "hl_mlp": 1,
  "latent_size_mlp": 53,
  "lr": 0.0707888998665762,
  "lr_decay": 0.032416607611147265
}