{
  "batch_size": 24,
  "hl_mlp": 1,
  "latent_size_mlp": 52,
  "lr": 0.05602301696802184,
  "lr_decay": 0.002959112690010737
}