{
  "batch_size": 18,
  "hl_mlp": 1,
  "latent_size_mlp": 43,
  "lr": 0.0016592551456529599,
  "lr_decay": 0.0015992317920308023
}