{
  "batch_size": 19,
  "hl_mlp": 0,
  "latent_size_mlp": 24,
  "lr": 0.0020814462493357424,
  "lr_decay": 0.010710170580653279
}