{
  "batch_size": 22,
  "hl_mlp": 1,
  "latent_size_mlp": 48,
  "lr": 0.002963892323231507,
  "lr_decay": 0.03649519951977367
}