{
  "batch_size": 32,
  "hl_mlp": 1,
  "latent_size_mlp": 66,
  "lr": 0.001910055289282706,
  "lr_decay": 0.04312296000942072
}