{
  "alpha": 0.022943924948638953,
  "length_scale": 1.5623660500215657
}