{
  "batch_size": 25,
  "hl_mlp": 1,
  "latent_size_mlp": 46,
  "lr": 0.0062573820122832765,
  "lr_decay": 0.03804749514562694
}