{
  "batch_size": 35,
  "hl_mlp": 1,
  "latent_size_mlp": 76,
  "lr": 0.09898850294705046,
  "lr_decay": 0.6039138961885614
}