{
  "batch_size": 22,
  "hl_mlp": 0,
  "latent_size_mlp": 49,
  "lr": 0.03409132833922605,
  "lr_decay": 0.00175515093997106
}