{
  "batch_size": 34,
  "hl_mlp": 1,
  "latent_size_mlp": 45,
  "lr": 1.0555353241298035e-06,
  "lr_decay": 0.003379464730785714
}