{
  "batch_size": 22,
  "hl_mlp": 1,
  "latent_size_mlp": 45,
  "lr": 0.07108533920091244,
  "lr_decay": 0.0032146723993769517
}