{
  "batch_size": 25,
  "hl_mlp": 2,
  "latent_size_mlp": 69,
  "lr": 0.0023606844104246917,
  "lr_decay": 0.7679113610878271
}