{
  "batch_size": 16,
  "hl_mlp": 0,
  "latent_size_mlp": 42,
  "lr": 0.020884141788377004,
  "lr_decay": 0.0020861277346390836
}