{
  "batch_size": 23,
  "hl_mlp": 1,
  "latent_size_mlp": 42,
  "lr": 0.003097999169586851,
  "lr_decay": 0.010359321246057165
}