{
  "batch_size": 19,
  "hl_mlp": 1,
  "latent_size_mlp": 49,
  "lr": 0.0046655425064348315,
  "lr_decay": 0.09892077827750591
}