{
  "batch_size": 39,
  "hl_mlp": 2,
  "latent_size_mlp": 55,
  "lr": 2.731251399906948e-05,
  "lr_decay": 0.05867305168800463
}