{
  "batch_size": 21,
  "hl_mlp": 1,
  "latent_size_mlp": 44,
  "lr": 0.006415208389789538,
  "lr_decay": 0.0046654830648708
}