{
  "batch_size": 22,
  "hl_mlp": 1,
  "latent_size_mlp": 46,
  "lr": 0.010565950784021273,
  "lr_decay": 0.002746638112641821
}