{
  "batch_size": 27,
  "hl_mlp": 2,
  "latent_size_mlp": 40,
  "lr": 0.05906717398627375,
  "lr_decay": 0.02052610874956567
}