{
  "batch_size": 30,
  "hl_mlp": 1,
  "latent_size_mlp": 66,
  "lr": 0.000794077917739072,
  "lr_decay": 0.0007276030537459045
}