{
  "batch_size": 24,
  "hl_mlp": 1,
  "latent_size_mlp": 42,
  "lr": 0.0029043643121462828,
  "lr_decay": 0.05016020183270255
}