{
  "batch_size": 20,
  "hl_mlp": 1,
  "latent_size_mlp": 49,
  "lr": 0.002416629746816418,
  "lr_decay": 0.0356418890920041
}