{
  "batch_size": 22,
  "hl_mlp": 0,
  "latent_size_mlp": 50,
  "lr": 0.01727635655337852,
  "lr_decay": 0.0015039135000035693
}