{
  "batch_size": 22,
  "hl_mlp": 1,
  "latent_size_mlp": 53,
  "lr": 0.017104110681276985,
  "lr_decay": 0.0022663158524911533
}