{
  "alpha": 0.0004989147402441801,
  "length_scale": 1.6191122951762922
}