{
  "alpha": 0.0009603121547643246,
  "length_scale": 1.063022795934708
}