{
  "batch_size": 20,
  "hl_mlp": 1,
  "latent_size_mlp": 49,
  "lr": 0.015237173545715488,
  "lr_decay": 0.010139677294912221
}