{
  "batch_size": 36,
  "hl_mlp": 1,
  "latent_size_mlp": 51,
  "lr": 0.008552368130841904,
  "lr_decay": 0.601320599553492
}