{
  "batch_size": 22,
  "hl_mlp": 1,
  "latent_size_mlp": 48,
  "lr": 0.0010221777114600647,
  "lr_decay": 0.027215326643043974
}