{
  "batch_size": 27,
  "hl_mlp": 1,
  "latent_size_mlp": 76,
  "lr": 0.0030688739167723128,
  "lr_decay": 0.0006092192923661197
}