{
  "batch_size": 42,
  "hl_mlp": 1,
  "latent_size_mlp": 79,
  "lr": 0.004418398807536352,
  "lr_decay": 0.9033466984631641
}