{
  "batch_size": 20,
  "hl_mlp": 1,
  "latent_size_mlp": 46,
  "lr": 0.0033172578917296833,
  "lr_decay": 0.05460476305243606
}