{
  "batch_size": 23,
  "hl_mlp": 0,
  "latent_size_mlp": 47,
  "lr": 0.013129296206998733,
  "lr_decay": 0.0037694704829779103
}