{
  "batch_size": 22,
  "hl_mlp": 1,
  "latent_size_mlp": 42,
  "lr": 0.009595521992935957,
  "lr_decay": 0.007150409079847409
}