{
  "batch_size": 27,
  "hl_mlp": 1,
  "latent_size_mlp": 43,
  "lr": 0.0032261029685152136,
  "lr_decay": 0.006609346495055563
}