{
  "batch_size": 21,
  "hl_mlp": 1,
  "latent_size_mlp": 46,
  "lr": 0.002664196212117154,
  "lr_decay": 0.013250386147955559
}