{
  "batch_size": 21,
  "hl_mlp": 2,
  "latent_size_mlp": 45,
  "lr": 0.07608103305476754,
  "lr_decay": 0.0023377710534789047
}