{
  "batch_size": 22,
  "hl_mlp": 1,
  "latent_size_mlp": 48,
  "lr": 0.0038060849561311464,
  "lr_decay": 0.0071155453043540645
}