{
  "batch_size": 21,
  "hl_mlp": 1,
  "latent_size_mlp": 52,
  "lr": 0.016558175366053373,
  "lr_decay": 0.0030282708564096485
}