{
  "batch_size": 21,
  "hl_mlp": 1,
  "latent_size_mlp": 45,
  "lr": 0.003335936454501348,
  "lr_decay": 0.0012742090651115345
}