{
  "batch_size": 24,
  "hl_mlp": 1,
  "latent_size_mlp": 48,
  "lr": 0.020390904925877376,
  "lr_decay": 0.00384056815931809
}