{
  "batch_size": 36,
  "hl_mlp": 1,
  "latent_size_mlp": 57,
  "lr": 0.002254406365663723,
  "lr_decay": 0.7681375898934565
}