{
  "batch_size": 28,
  "hl_mlp": 1,
  "latent_size_mlp": 52,
  "lr": 0.0023009342833271223,
  "lr_decay": 0.9038059484335764
}