{
  "batch_size": 22,
  "hl_mlp": 1,
  "latent_size_mlp": 47,
  "lr": 0.0023300556349430306,
  "lr_decay": 0.03614042538275896
}