{
  "batch_size": 34,
  "hl_mlp": 2,
  "latent_size_mlp": 26,
  "lr": 0.003528184929226006,
  "lr_decay": 0.018050383687531864
}