{
  "alpha": 0.0004185951285838764,
  "length_scale": 0.07117332738762376
}