{
  "alpha": 0.0019841134279449057,
  "length_scale": 1.5714806472185803
}