{
  "batch_size": 37,
  "hl_mlp": 1,
  "latent_size_mlp": 54,
  "lr": 0.006605699428491698,
  "lr_decay": 0.617607741075942
}