{
  "batch_size": 21,
  "hl_mlp": 1,
  "latent_size_mlp": 45,
  "lr": 0.020492717313192226,
  "lr_decay": 0.027410470163351835
}