{
  "batch_size": 29,
  "hl_mlp": 1,
  "latent_size_mlp": 56,
  "lr": 0.0005359013843930433,
  "lr_decay": 0.7500593214513038
}