{
  "batch_size": 17,
  "hl_mlp": 1,
  "latent_size_mlp": 58,
  "lr": 0.026447381341543317,
  "lr_decay": 0.0013230039573854072
}