{
  "batch_size": 23,
  "hl_mlp": 1,
  "latent_size_mlp": 45,
  "lr": 0.005740673943267099,
  "lr_decay": 0.004064460394314587
}