{
  "alpha": 0.00045559535731534587,
  "length_scale": 2.8877051965049043
}