{
  "batch_size": 23,
  "hl_mlp": 1,
  "latent_size_mlp": 38,
  "lr": 0.040861501375434026,
  "lr_decay": 0.03264471232561776
}