{
  "batch_size": 23,
  "hl_mlp": 2,
  "latent_size_mlp": 50,
  "lr": 0.01229901583556732,
  "lr_decay": 0.001061865642113407
}