{
  "batch_size": 27,
  "hl_mlp": 1,
  "latent_size_mlp": 72,
  "lr": 0.00012808672675755826,
  "lr_decay": 0.013055340960180292
}