{
  "batch_size": 15,
  "hl_mlp": 0,
  "latent_size_mlp": 42,
  "lr": 0.01583984751456333,
  "lr_decay": 0.0022300970879617155
}