{
  "batch_size": 22,
  "hl_mlp": 1,
  "latent_size_mlp": 25,
  "lr": 0.05661079455906338,
  "lr_decay": 0.0021434570389473055
}