{
  "batch_size": 22,
  "hl_mlp": 1,
  "latent_size_mlp": 47,
  "lr": 0.04154454843150751,
  "lr_decay": 0.0012076179265948469
}