{
  "batch_size": 39,
  "hl_mlp": 1,
  "latent_size_mlp": 64,
  "lr": 0.0013103430940763798,
  "lr_decay": 0.0039227004854552865
}