{
  "batch_size": 22,
  "hl_mlp": 1,
  "latent_size_mlp": 57,
  "lr": 0.017517817333735117,
  "lr_decay": 0.0027981880855468292
}