{
  "batch_size": 24,
  "hl_mlp": 1,
  "latent_size_mlp": 41,
  "lr": 0.0011230472794567928,
  "lr_decay": 0.04627208117628437
}