{
  "batch_size": 21,
  "hl_mlp": 1,
  "latent_size_mlp": 49,
  "lr": 0.003358476801060745,
  "lr_decay": 0.0372177036775474
}