{
  "batch_size": 44,
  "hl_mlp": 1,
  "latent_size_mlp": 54,
  "lr": 0.05315515537522162,
  "lr_decay": 0.4919664433828366
}