{
  "batch_size": 24,
  "hl_mlp": 1,
  "latent_size_mlp": 37,
  "lr": 0.0019898358103724346,
  "lr_decay": 0.03964927780160251
}