{
  "batch_size": 29,
  "hl_mlp": 1,
  "latent_size_mlp": 42,
  "lr": 0.04601176232122822,
  "lr_decay": 0.02568539423946091
}