{
  "batch_size": 19,
  "hl_mlp": 1,
  "latent_size_mlp": 49,
  "lr": 0.004704670064212297,
  "lr_decay": 0.09211241579564113
}