{
  "batch_size": 22,
  "hl_mlp": 0,
  "latent_size_mlp": 57,
  "lr": 0.027834030359157796,
  "lr_decay": 0.008517433105517148
}