{
  "batch_size": 39,
  "hl_mlp": 2,
  "latent_size_mlp": 57,
  "lr": 0.00027064713790673,
  "lr_decay": 0.009521095948405943
}