{
  "batch_size": 27,
  "hl_mlp": 1,
  "latent_size_mlp": 55,
  "lr": 0.004001862567904524,
  "lr_decay": 0.9262041078264724
}