{
  "batch_size": 32,
  "hl_mlp": 1,
  "latent_size_mlp": 33,
  "lr": 0.007242834657194668,
  "lr_decay": 0.012189531367315501
}