{
  "batch_size": 32,
  "hl_mlp": 1,
  "latent_size_mlp": 56,
  "lr": 0.004597873174504355,
  "lr_decay": 0.3870190989643886
}