{
  "batch_size": 20,
  "hl_mlp": 1,
  "latent_size_mlp": 51,
  "lr": 0.02051450403825908,
  "lr_decay": 0.00875927146051234
}