{
  "batch_size": 22,
  "hl_mlp": 1,
  "latent_size_mlp": 49,
  "lr": 0.07517796938987156,
  "lr_decay": 0.011101234545214196
}