{
  "batch_size": 17,
  "hl_mlp": 0,
  "latent_size_mlp": 59,
  "lr": 0.014184188416399068,
  "lr_decay": 0.0011093807002266148
}