{
  "batch_size": 24,
  "hl_mlp": 0,
  "latent_size_mlp": 42,
  "lr": 0.012449789151237048,
  "lr_decay": 0.001317791218380065
}