{
  "alpha": 0.0158247601110129,
  "length_scale": 2.2949171138311315
}