{
  "batch_size": 20,
  "hl_mlp": 0,
  "latent_size_mlp": 16,
  "lr": 0.005686612372940691,
  "lr_decay": 0.0037134006052335403
}