{
  "batch_size": 27,
  "hl_mlp": 2,
  "latent_size_mlp": 37,
  "lr": 0.0011243280759937807,
  "lr_decay": 0.0015800087549684336
}