{
  "batch_size": 24,
  "hl_mlp": 1,
  "latent_size_mlp": 65,
  "lr": 0.00018454939274970672,
  "lr_decay": 0.004277568284220003
}