{
  "batch_size": 25,
  "hl_mlp": 1,
  "latent_size_mlp": 48,
  "lr": 0.00010569364833971963,
  "lr_decay": 0.3093364044379348
}