{
  "batch_size": 23,
  "hl_mlp": 2,
  "latent_size_mlp": 59,
  "lr": 1.453883768928019e-05,
  "lr_decay": 0.27977307704346993
}