{
  "C": 2.284121322254806,
  "epsilon": 0.015143681159696528
}