{
  "batch_size": 36,
  "hl_mlp": 1,
  "latent_size_mlp": 43,
  "lr": 0.002662470371433383,
  "lr_decay": 0.00018119541393016108
}