{
  "batch_size": 20,
  "hl_mlp": 1,
  "latent_size_mlp": 46,
  "lr": 0.0021206839172444028,
  "lr_decay": 0.01116641701973352
}