{
  "batch_size": 21,
  "hl_mlp": 2,
  "latent_size_mlp": 76,
  "lr": 0.0015279590429367281,
  "lr_decay": 0.003720549733428701
}