{
  "batch_size": 29,
  "hl_mlp": 1,
  "latent_size_mlp": 53,
  "lr": 0.07314011202175705,
  "lr_decay": 0.011750805511903186
}