{
  "batch_size": 23,
  "hl_mlp": 1,
  "latent_size_mlp": 55,
  "lr": 0.09809014060535656,
  "lr_decay": 0.013026767863682195
}