{
  "batch_size": 13,
  "hl_mlp": 1,
  "latent_size_mlp": 44,
  "lr": 0.0014790015451284484,
  "lr_decay": 0.09905007231664559
}