{
  "alpha": 0.011504910046857638,
  "length_scale": 1.6520614956519981
}