{
  "batch_size": 26,
  "hl_mlp": 1,
  "latent_size_mlp": 45,
  "lr": 0.0013443859704901668,
  "lr_decay": 0.051861698125998744
}