{
  "alpha": 0.0062264496697330115,
  "length_scale": 3.7992638543114423
}