{
  "max_depth": 0.01442420160893157,
  "min_samples_leaf": 0.09814955625954278
}