{
  "batch_size": 23,
  "hl_mlp": 1,
  "latent_size_mlp": 43,
  "lr": 0.0029796592647821332,
  "lr_decay": 0.06449004727248955
}