{
  "batch_size": 27,
  "hl_mlp": 1,
  "latent_size_mlp": 38,
  "lr": 0.006232456192473273,
  "lr_decay": 0.04123337001061808
}