{
  "batch_size": 38,
  "hl_mlp": 1,
  "latent_size_mlp": 37,
  "lr": 0.0009138469945928626,
  "lr_decay": 0.0030466847056523885
}