{
  "batch_size": 18,
  "hl_mlp": 1,
  "latent_size_mlp": 59,
  "lr": 0.010566742702939957,
  "lr_decay": 0.0030223909062175995
}