{
  "batch_size": 22,
  "hl_mlp": 1,
  "latent_size_mlp": 46,
  "lr": 0.03389785317141675,
  "lr_decay": 0.0016073553064682644
}