{
  "alpha": 2.507556193567093,
  "length_scale": 0.631024595387988
}