{
  "alpha": 0.0036021787345681695,
  "length_scale": 0.0165217997684278
}