{
  "batch_size": 15,
  "hl_mlp": 2,
  "latent_size_mlp": 13,
  "lr": 0.003130762818728518,
  "lr_decay": 0.008574200908735943
}