{
  "batch_size": 19,
  "hl_mlp": 1,
  "latent_size_mlp": 43,
  "lr": 0.017618902713868078,
  "lr_decay": 0.0012128128385592444
}