{
  "batch_size": 29,
  "hl_mlp": 1,
  "latent_size_mlp": 53,
  "lr": 0.07375574949374461,
  "lr_decay": 0.008855224681285426
}