{
  "batch_size": 20,
  "hl_mlp": 1,
  "latent_size_mlp": 46,
  "lr": 0.01441801307686519,
  "lr_decay": 0.03202753667579068
}