{
  "batch_size": 26,
  "hl_mlp": 1,
  "latent_size_mlp": 53,
  "lr": 0.023201136548284488,
  "lr_decay": 0.8134410757548252
}