{
  "batch_size": 27,
  "hl_mlp": 1,
  "latent_size_mlp": 55,
  "lr": 0.0007334852419800294,
  "lr_decay": 0.998914479306237
}