{
  "alpha": 0.00032206995833921075,
  "length_scale": 0.6826750111014526
}