{
  "batch_size": 40,
  "hl_mlp": 0,
  "latent_size_mlp": 24,
  "lr": 0.009580664809429687,
  "lr_decay": 0.003313434988114183
}