{
  "batch_size": 23,
  "hl_mlp": 1,
  "latent_size_mlp": 44,
  "lr": 0.0039152675119746416,
  "lr_decay": 0.00363195022165444
}