{
  "batch_size": 19,
  "hl_mlp": 2,
  "latent_size_mlp": 58,
  "lr": 0.12492428091537952,
  "lr_decay": 0.004112817583023323
}