{
  "batch_size": 23,
  "hl_mlp": 1,
  "latent_size_mlp": 47,
  "lr": 0.021764040265287946,
  "lr_decay": 0.05242707926477053
}