{
  "alpha": 0.00110176668711119,
  "length_scale": 2.0960455260657507
}