{
  "alpha": 0.00207592882142044,
  "length_scale": 1.0268868690686952
}