{
  "alpha": 0.004270230776433004,
  "length_scale": 0.5516094410648764
}