{
  "batch_size": 16,
  "hl_mlp": 0,
  "latent_size_mlp": 45,
  "lr": 0.012044049674879346,
  "lr_decay": 0.0020798759511534257
}