{
  "batch_size": 21,
  "hl_mlp": 1,
  "latent_size_mlp": 48,
  "lr": 0.021262984546378663,
  "lr_decay": 0.08308161387414384
}