{
  "batch_size": 29,
  "hl_mlp": 1,
  "latent_size_mlp": 55,
  "lr": 0.07890793019278879,
  "lr_decay": 0.00935556728098409
}