{
  "batch_size": 16,
  "hl_mlp": 1,
  "latent_size_mlp": 40,
  "lr": 0.01702043596361054,
  "lr_decay": 0.015636317704958283
}