{
  "batch_size": 23,
  "hl_mlp": 1,
  "latent_size_mlp": 47,
  "lr": 0.00751717767072748,
  "lr_decay": 0.03523932380016559
}