{
  "batch_size": 32,
  "hl_mlp": 1,
  "latent_size_mlp": 41,
  "lr": 0.0021809538287952926,
  "lr_decay": 0.0047283877924376985
}