{
  "batch_size": 20,
  "hl_mlp": 1,
  "latent_size_mlp": 6,
  "lr": 0.005229809571468719,
  "lr_decay": 0.041934912915140204
}