{
  "batch_size": 26,
  "hl_mlp": 1,
  "latent_size_mlp": 65,
  "lr": 0.00062453766863716,
  "lr_decay": 0.005871123116000077
}