{
  "batch_size": 25,
  "hl_mlp": 1,
  "latent_size_mlp": 41,
  "lr": 0.001887225425730277,
  "lr_decay": 0.026341461026843194
}