{
  "batch_size": 22,
  "hl_mlp": 1,
  "latent_size_mlp": 48,
  "lr": 0.003850530126605236,
  "lr_decay": 0.05355633633937074
}