{
  "max_depth": 6.011234422825996,
  "min_samples_leaf": 3.7441081924528046
}