{
  "alpha": 0.003525312759028081,
  "length_scale": 1.3844016265410317
}