{
  "alpha": 0.001653672589536568,
  "length_scale": 1.1664567126286303
}