{
  "batch_size": 32,
  "hl_mlp": 1,
  "latent_size_mlp": 52,
  "lr": 0.007209027240480568,
  "lr_decay": 0.7848868403635275
}