{
  "batch_size": 25,
  "hl_mlp": 1,
  "latent_size_mlp": 48,
  "lr": 0.003557520418776929,
  "lr_decay": 0.053968898477928386
}