{
  "batch_size": 21,
  "hl_mlp": 1,
  "latent_size_mlp": 54,
  "lr": 0.10255950623715653,
  "lr_decay": 0.015177143078648266
}