{
  "batch_size": 17,
  "hl_mlp": 1,
  "latent_size_mlp": 49,
  "lr": 0.011809592929457456,
  "lr_decay": 0.005477569492038527
}