{
  "batch_size": 21,
  "hl_mlp": 1,
  "latent_size_mlp": 41,
  "lr": 0.053455542193228664,
  "lr_decay": 0.00414821085687342
}