{
  "batch_size": 23,
  "hl_mlp": 1,
  "latent_size_mlp": 44,
  "lr": 0.0063884296411071085,
  "lr_decay": 0.011225590970630635
}