{
  "batch_size": 23,
  "hl_mlp": 1,
  "latent_size_mlp": 40,
  "lr": 0.013051319825111275,
  "lr_decay": 0.001392019905531202
}