{
  "batch_size": 42,
  "hl_mlp": 2,
  "latent_size_mlp": 71,
  "lr": 0.06254007163025571,
  "lr_decay": 0.40732600979768463
}