{
  "batch_size": 42,
  "hl_mlp": 2,
  "latent_size_mlp": 39,
  "lr": 0.08254059969828938,
  "lr_decay": 0.01461580862700894
}