{
  "batch_size": 26,
  "hl_mlp": 1,
  "latent_size_mlp": 47,
  "lr": 0.0021589892394359663,
  "lr_decay": 0.0006919291766033193
}