{
  "batch_size": 39,
  "hl_mlp": 1,
  "latent_size_mlp": 78,
  "lr": 0.0001106007102530781,
  "lr_decay": 0.00030747293437907323
}