{
  "alpha": 0.01020227987423711,
  "length_scale": 1.4168506949529882
}