{
  "batch_size": 27,
  "hl_mlp": 1,
  "latent_size_mlp": 39,
  "lr": 0.0012432072768148088,
  "lr_decay": 0.00011947029265273392
}