{
  "alpha": 0.0019692464160906854,
  "length_scale": 1.487382249136261
}