{
  "alpha": 0.04934638024501519,
  "length_scale": 4.40592824266465
}