{
  "batch_size": 25,
  "hl_mlp": 1,
  "latent_size_mlp": 48,
  "lr": 0.011170462552215403,
  "lr_decay": 0.003760930035919098
}