{
  "batch_size": 16,
  "hl_mlp": 1,
  "latent_size_mlp": 45,
  "lr": 0.0016884161183625675,
  "lr_decay": 0.05711205139730438
}