{
  "batch_size": 17,
  "hl_mlp": 1,
  "latent_size_mlp": 46,
  "lr": 0.004917404544036895,
  "lr_decay": 0.0660220506761624
}