{
  "batch_size": 24,
  "hl_mlp": 2,
  "latent_size_mlp": 55,
  "lr": 0.030768845598028158,
  "lr_decay": 0.0010004467194880365
}