{
  "batch_size": 25,
  "hl_mlp": 1,
  "latent_size_mlp": 39,
  "lr": 0.001887234572104036,
  "lr_decay": 0.016288376135377824
}