{
  "batch_size": 23,
  "hl_mlp": 1,
  "latent_size_mlp": 38,
  "lr": 0.001090486874779286,
  "lr_decay": 0.08081670272694656
}