{
  "batch_size": 23,
  "hl_mlp": 1,
  "latent_size_mlp": 64,
  "lr": 9.647226011076082e-05,
  "lr_decay": 0.0001861878554015601
}