{
  "batch_size": 25,
  "hl_mlp": 1,
  "latent_size_mlp": 40,
  "lr": 0.002165645538710245,
  "lr_decay": 0.0006878499948107795
}