{
  "batch_size": 17,
  "hl_mlp": 1,
  "latent_size_mlp": 49,
  "lr": 0.015298976722547633,
  "lr_decay": 0.012814946097541961
}