{
  "batch_size": 32,
  "hl_mlp": 1,
  "latent_size_mlp": 36,
  "lr": 0.0015387490749683552,
  "lr_decay": 0.001694570592516634
}