{
  "batch_size": 35,
  "hl_mlp": 1,
  "latent_size_mlp": 53,
  "lr": 0.04342159534627688,
  "lr_decay": 0.44945659953584494
}