{
  "batch_size": 23,
  "hl_mlp": 1,
  "latent_size_mlp": 54,
  "lr": 0.015847207396800244,
  "lr_decay": 0.0023734579581637777
}