{
  "alpha": 1.7552395456412778e-05,
  "length_scale": 0.9387383937141331
}