{
  "alpha": 0.0013507242280619029,
  "length_scale": 1.412461550351567
}