{
  "batch_size": 19,
  "hl_mlp": 1,
  "latent_size_mlp": 50,
  "lr": 0.05309544451556132,
  "lr_decay": 0.0010417552685403745
}