{
  "batch_size": 20,
  "hl_mlp": 1,
  "latent_size_mlp": 45,
  "lr": 0.0012073169773044545,
  "lr_decay": 0.0001718372986381754
}