{
  "batch_size": 39,
  "hl_mlp": 1,
  "latent_size_mlp": 53,
  "lr": 0.00013560785678609565,
  "lr_decay": 0.09923391434364263
}