{
  "alpha": 0.012128026357146606,
  "length_scale": 1.8253947081433317
}