{
  "batch_size": 21,
  "hl_mlp": 1,
  "latent_size_mlp": 59,
  "lr": 0.010011282571362074,
  "lr_decay": 0.002256526948334519
}