{
  "batch_size": 18,
  "hl_mlp": 2,
  "latent_size_mlp": 63,
  "lr": 0.010391848166037661,
  "lr_decay": 0.020648960750915206
}