{
  "batch_size": 20,
  "hl_mlp": 1,
  "latent_size_mlp": 25,
  "lr": 0.003036919782210045,
  "lr_decay": 0.09934148321518506
}