{
  "batch_size": 20,
  "hl_mlp": 1,
  "latent_size_mlp": 58,
  "lr": 0.0691484312943066,
  "lr_decay": 0.039616115760464046
}