{
  "batch_size": 22,
  "hl_mlp": 1,
  "latent_size_mlp": 46,
  "lr": 0.0026273200734947513,
  "lr_decay": 0.0030058294000098146
}