{
  "batch_size": 21,
  "hl_mlp": 1,
  "latent_size_mlp": 48,
  "lr": 0.002341069577204309,
  "lr_decay": 0.041106394989430646
}