{
  "batch_size": 26,
  "hl_mlp": 1,
  "latent_size_mlp": 49,
  "lr": 0.00011466084229503651,
  "lr_decay": 0.0002318737367539334
}