{
  "alpha": 0.0020414562835218883,
  "length_scale": 1.0043082092299367
}