{
  "batch_size": 32,
  "hl_mlp": 1,
  "latent_size_mlp": 55,
  "lr": 0.0019675300338981806,
  "lr_decay": 0.9869064934499887
}