{
  "batch_size": 26,
  "hl_mlp": 1,
  "latent_size_mlp": 47,
  "lr": 0.07170746705554465,
  "lr_decay": 0.0056600599871404695
}