{
  "batch_size": 27,
  "hl_mlp": 1,
  "latent_size_mlp": 65,
  "lr": 0.0018298236048154863,
  "lr_decay": 0.0027774547211487236
}