{
  "batch_size": 19,
  "hl_mlp": 1,
  "latent_size_mlp": 58,
  "lr": 0.010760015998046891,
  "lr_decay": 0.001497500602876622
}