{
  "batch_size": 21,
  "hl_mlp": 0,
  "latent_size_mlp": 47,
  "lr": 0.020865567932845316,
  "lr_decay": 0.00108796468286382
}