{
  "batch_size": 22,
  "hl_mlp": 0,
  "latent_size_mlp": 49,
  "lr": 0.01669632501573724,
  "lr_decay": 0.012437308223074732
}