{
  "batch_size": 21,
  "hl_mlp": 1,
  "latent_size_mlp": 47,
  "lr": 0.07098319047632601,
  "lr_decay": 0.004820966937572553
}