{
  "batch_size": 32,
  "hl_mlp": 1,
  "latent_size_mlp": 41,
  "lr": 0.00020554544788270695,
  "lr_decay": 0.0006706304397540301
}