{
  "batch_size": 25,
  "hl_mlp": 1,
  "latent_size_mlp": 47,
  "lr": 0.007097044061868406,
  "lr_decay": 0.0042211340350541025
}