{
  "batch_size": 22,
  "hl_mlp": 1,
  "latent_size_mlp": 48,
  "lr": 7.048414508089982e-05,
  "lr_decay": 0.0003012028717283179
}