{
  "batch_size": 21,
  "hl_mlp": 0,
  "latent_size_mlp": 49,
  "lr": 0.0027109821041873504,
  "lr_decay": 0.036228205533052685
}