{
  "batch_size": 23,
  "hl_mlp": 0,
  "latent_size_mlp": 57,
  "lr": 0.01587041395278786,
  "lr_decay": 0.0014099185564422818
}