{
  "batch_size": 24,
  "hl_mlp": 1,
  "latent_size_mlp": 73,
  "lr": 0.000943415860446819,
  "lr_decay": 0.00012620470846442118
}