{
  "batch_size": 17,
  "hl_mlp": 1,
  "latent_size_mlp": 58,
  "lr": 0.012814711098549534,
  "lr_decay": 0.0014149869142670829
}