{
  "batch_size": 22,
  "hl_mlp": 0,
  "latent_size_mlp": 47,
  "lr": 0.06631811634956022,
  "lr_decay": 0.0041318382695282796
}