{
  "alpha": 0.0005168285505385591,
  "length_scale": 3.3780570180695153
}