{
  "batch_size": 23,
  "hl_mlp": 1,
  "latent_size_mlp": 28,
  "lr": 0.012346154638673461,
  "lr_decay": 0.020302201152296008
}