{
  "batch_size": 21,
  "hl_mlp": 1,
  "latent_size_mlp": 46,
  "lr": 0.006505168102869542,
  "lr_decay": 0.004389257301092794
}