{
  "batch_size": 18,
  "hl_mlp": 2,
  "latent_size_mlp": 40,
  "lr": 0.09270748325844827,
  "lr_decay": 0.020609590143569917
}