{
  "batch_size": 23,
  "hl_mlp": 1,
  "latent_size_mlp": 44,
  "lr": 0.01197899926159478,
  "lr_decay": 0.053251201280199785
}