{
  "batch_size": 20,
  "hl_mlp": 1,
  "latent_size_mlp": 51,
  "lr": 0.031506508788281665,
  "lr_decay": 0.0011798313575552583
}