{
  "batch_size": 22,
  "hl_mlp": 1,
  "latent_size_mlp": 58,
  "lr": 0.03808572052236746,
  "lr_decay": 0.006630518874200636
}