{
  "batch_size": 23,
  "hl_mlp": 1,
  "latent_size_mlp": 38,
  "lr": 0.0015220685814372528,
  "lr_decay": 0.002830109573536067
}