{
  "batch_size": 20,
  "hl_mlp": 1,
  "latent_size_mlp": 44,
  "lr": 0.0005555078807384295,
  "lr_decay": 0.0017934601867021951
}