{
  "batch_size": 20,
  "hl_mlp": 1,
  "latent_size_mlp": 46,
  "lr": 0.00378609602626137,
  "lr_decay": 0.004219467866471616
}