{
  "batch_size": 37,
  "hl_mlp": 1,
  "latent_size_mlp": 48,
  "lr": 0.009300126258978003,
  "lr_decay": 0.0004706007284020352
}