{
  "batch_size": 19,
  "hl_mlp": 1,
  "latent_size_mlp": 48,
  "lr": 0.022470989402448644,
  "lr_decay": 0.002585883985548512
}