{
  "batch_size": 27,
  "hl_mlp": 1,
  "latent_size_mlp": 40,
  "lr": 0.002408908443495396,
  "lr_decay": 0.001546501602512391
}