{
  "batch_size": 25,
  "hl_mlp": 1,
  "latent_size_mlp": 45,
  "lr": 0.00200199898876295,
  "lr_decay": 0.00012981316067440138
}