{
  "batch_size": 24,
  "hl_mlp": 1,
  "latent_size_mlp": 54,
  "lr": 0.08879764698099701,
  "lr_decay": 0.06332720970464495
}