{
  "batch_size": 29,
  "hl_mlp": 1,
  "latent_size_mlp": 40,
  "lr": 0.0016797927957530624,
  "lr_decay": 0.0027714328203884532
}