{
  "batch_size": 25,
  "hl_mlp": 1,
  "latent_size_mlp": 76,
  "lr": 0.00014287978196584434,
  "lr_decay": 0.00017280101514130684
}