{
  "batch_size": 25,
  "hl_mlp": 1,
  "latent_size_mlp": 56,
  "lr": 0.07235143110276301,
  "lr_decay": 0.010279850621632282
}