{
  "batch_size": 24,
  "hl_mlp": 1,
  "latent_size_mlp": 50,
  "lr": 0.0001484279852904067,
  "lr_decay": 0.0002554496496181729
}