{
  "batch_size": 29,
  "hl_mlp": 2,
  "latent_size_mlp": 52,
  "lr": 0.00873801274151826,
  "lr_decay": 0.6428977379188142
}