{
  "batch_size": 23,
  "hl_mlp": 1,
  "latent_size_mlp": 68,
  "lr": 7.046532639624186e-05,
  "lr_decay": 0.0004573502162821938
}