{
  "batch_size": 19,
  "hl_mlp": 1,
  "latent_size_mlp": 45,
  "lr": 0.0015036006243611003,
  "lr_decay": 0.09979992931980353
}