{
  "batch_size": 19,
  "hl_mlp": 1,
  "latent_size_mlp": 45,
  "lr": 0.022124421096168058,
  "lr_decay": 0.0012590138475007588
}