{
  "batch_size": 28,
  "hl_mlp": 1,
  "latent_size_mlp": 41,
  "lr": 0.0006394449485786066,
  "lr_decay": 0.00025807080259606096
}