{
  "batch_size": 16,
  "hl_mlp": 1,
  "latent_size_mlp": 46,
  "lr": 0.01636270449616883,
  "lr_decay": 0.0013348300068724774
}