{
  "batch_size": 22,
  "hl_mlp": 1,
  "latent_size_mlp": 50,
  "lr": 0.0053385410172410615,
  "lr_decay": 0.00038719801054669855
}