{
  "batch_size": 24,
  "hl_mlp": 1,
  "latent_size_mlp": 54,
  "lr": 0.011166401801801323,
  "lr_decay": 0.007342659840534993
}