{
  "batch_size": 21,
  "hl_mlp": 1,
  "latent_size_mlp": 46,
  "lr": 0.015982158461858482,
  "lr_decay": 0.04287874767332705
}