{
  "batch_size": 17,
  "hl_mlp": 1,
  "latent_size_mlp": 47,
  "lr": 0.05079977810441733,
  "lr_decay": 0.0019133231756060377
}