{
  "alpha": 0.0017802470885269145,
  "length_scale": 4.0786242285894545
}