{
  "batch_size": 28,
  "hl_mlp": 1,
  "latent_size_mlp": 68,
  "lr": 0.017885593573771192,
  "lr_decay": 0.6646128649245938
}