{
  "batch_size": 21,
  "hl_mlp": 1,
  "latent_size_mlp": 27,
  "lr": 0.0025442816605428823,
  "lr_decay": 0.030991990042152757
}