{
  "batch_size": 22,
  "hl_mlp": 1,
  "latent_size_mlp": 42,
  "lr": 0.0017499701362572405,
  "lr_decay": 0.028802169425797594
}