{
  "batch_size": 25,
  "hl_mlp": 1,
  "latent_size_mlp": 76,
  "lr": 0.0006255571713327681,
  "lr_decay": 0.01828835649960824
}