{
  "batch_size": 25,
  "hl_mlp": 1,
  "latent_size_mlp": 67,
  "lr": 0.0007891060369398585,
  "lr_decay": 0.00019574867951030096
}