{
  "batch_size": 21,
  "hl_mlp": 0,
  "latent_size_mlp": 53,
  "lr": 0.049942009808559173,
  "lr_decay": 0.0013913525658844532
}