{
  "batch_size": 17,
  "hl_mlp": 0,
  "latent_size_mlp": 47,
  "lr": 0.053592452850612635,
  "lr_decay": 0.0022560292017244888
}