{
  "batch_size": 26,
  "hl_mlp": 1,
  "latent_size_mlp": 53,
  "lr": 0.08591570348858552,
  "lr_decay": 0.010553062187468393
}