{
  "batch_size": 21,
  "hl_mlp": 1,
  "latent_size_mlp": 49,
  "lr": 0.0031085720887676464,
  "lr_decay": 0.028910769008574255
}