{
  "batch_size": 18,
  "hl_mlp": 1,
  "latent_size_mlp": 41,
  "lr": 0.021908233591255016,
  "lr_decay": 0.003995244584691034
}