{
  "batch_size": 23,
  "hl_mlp": 1,
  "latent_size_mlp": 59,
  "lr": 0.03340605536674417,
  "lr_decay": 0.0019509215522640698
}