{
  "batch_size": 23,
  "hl_mlp": 0,
  "latent_size_mlp": 51,
  "lr": 0.018082733068272856,
  "lr_decay": 0.0014595814971046625
}