{
  "batch_size": 22,
  "hl_mlp": 1,
  "latent_size_mlp": 41,
  "lr": 0.06868864420242496,
  "lr_decay": 0.009561838783332747
}