{
  "batch_size": 24,
  "hl_mlp": 1,
  "latent_size_mlp": 32,
  "lr": 0.004870707747810318,
  "lr_decay": 0.04480013736010873
}