{
  "batch_size": 25,
  "hl_mlp": 1,
  "latent_size_mlp": 41,
  "lr": 0.0012431796753605534,
  "lr_decay": 0.0014623203288559026
}