{
  "alpha": 0.0030615559866767118,
  "length_scale": 0.4867092389769677
}