{
  "batch_size": 23,
  "hl_mlp": 2,
  "latent_size_mlp": 42,
  "lr": 0.062121467969434366,
  "lr_decay": 0.007083899079958367
}