{
  "batch_size": 15,
  "hl_mlp": 2,
  "latent_size_mlp": 41,
  "lr": 0.08102346071251888,
  "lr_decay": 0.012075736198349004
}