{
  "batch_size": 23,
  "hl_mlp": 1,
  "latent_size_mlp": 42,
  "lr": 0.004619970301615751,
  "lr_decay": 0.010166800250441638
}