{
  "batch_size": 24,
  "hl_mlp": 2,
  "latent_size_mlp": 54,
  "lr": 0.015695924339557715,
  "lr_decay": 0.0011905062231065571
}