{
  "batch_size": 20,
  "hl_mlp": 1,
  "latent_size_mlp": 47,
  "lr": 0.0024817558508064344,
  "lr_decay": 0.04545613695157853
}