{
  "batch_size": 22,
  "hl_mlp": 1,
  "latent_size_mlp": 42,
  "lr": 0.026117361124556582,
  "lr_decay": 0.031172213414944257
}