{
  "batch_size": 24,
  "hl_mlp": 2,
  "latent_size_mlp": 51,
  "lr": 0.04503408686046975,
  "lr_decay": 0.004801615425023473
}