{
  "batch_size": 28,
  "hl_mlp": 1,
  "latent_size_mlp": 50,
  "lr": 0.0824762225377601,
  "lr_decay": 0.014626110494677462
}