{
  "batch_size": 24,
  "hl_mlp": 1,
  "latent_size_mlp": 48,
  "lr": 0.010470751545132752,
  "lr_decay": 0.012661735235376337
}