{
  "batch_size": 32,
  "hl_mlp": 1,
  "latent_size_mlp": 64,
  "lr": 0.00432534014595458,
  "lr_decay": 0.4426962511672845
}