{
  "batch_size": 22,
  "hl_mlp": 1,
  "latent_size_mlp": 47,
  "lr": 0.003947570569094537,
  "lr_decay": 0.02585085612607974
}