{
  "alpha": 1.3433241596780433e-05,
  "length_scale": 1.122999907735011
}