{
  "batch_size": 29,
  "hl_mlp": 1,
  "latent_size_mlp": 30,
  "lr": 0.021474441227441063,
  "lr_decay": 0.02916185827214773
}