{
  "C": 1.3195050564161557,
  "epsilon": 0.013416782696098676
}