{
  "batch_size": 49,
  "hl_mlp": 0,
  "latent_size_mlp": 24,
  "lr": 0.0012088220254175231,
  "lr_decay": 0.004863344479518258
}