{
  "batch_size": 22,
  "hl_mlp": 2,
  "latent_size_mlp": 52,
  "lr": 0.03269867803323222,
  "lr_decay": 0.0019848489824275317
}