{
  "batch_size": 22,
  "hl_mlp": 1,
  "latent_size_mlp": 42,
  "lr": 0.007276250895140374,
  "lr_decay": 0.06309687889370029
}