{
  "batch_size": 23,
  "hl_mlp": 0,
  "latent_size_mlp": 52,
  "lr": 0.018283137824391303,
  "lr_decay": 0.0012110646158461165
}