{
  "batch_size": 21,
  "hl_mlp": 1,
  "latent_size_mlp": 59,
  "lr": 0.015160923212935547,
  "lr_decay": 0.05482422781875356
}