{
  "batch_size": 34,
  "hl_mlp": 1,
  "latent_size_mlp": 52,
  "lr": 0.0013906305259552998,
  "lr_decay": 0.6243476758515434
}