{
  "batch_size": 20,
  "hl_mlp": 1,
  "latent_size_mlp": 47,
  "lr": 0.07899432779970327,
  "lr_decay": 0.03844754466660807
}