{
  "batch_size": 21,
  "hl_mlp": 2,
  "latent_size_mlp": 56,
  "lr": 0.02217961256022208,
  "lr_decay": 0.0024872898670453393
}