{
  "batch_size": 20,
  "hl_mlp": 2,
  "latent_size_mlp": 56,
  "lr": 0.02089301600826754,
  "lr_decay": 0.0016857806792089298
}