{
  "batch_size": 22,
  "hl_mlp": 1,
  "latent_size_mlp": 43,
  "lr": 0.001492128153829847,
  "lr_decay": 0.08732911728526466
}