{
  "C": 1.1615201722807147,
  "epsilon": 0.039552405875940215
}