{
  "batch_size": 24,
  "hl_mlp": 1,
  "latent_size_mlp": 49,
  "lr": 0.028952690545719247,
  "lr_decay": 0.0010875029028312182
}