{
  "C": 0.3465567605644441,
  "epsilon": 0.051612620345948636
}