{
  "batch_size": 22,
  "hl_mlp": 1,
  "latent_size_mlp": 47,
  "lr": 0.001966777179400789,
  "lr_decay": 0.058810670166847726
}