{
  "batch_size": 24,
  "hl_mlp": 1,
  "latent_size_mlp": 45,
  "lr": 0.004332315262151454,
  "lr_decay": 0.05916706382668916
}