{
  "alpha": 1.0972787432366078,
  "length_scale": 0.466193955524081
}