{
  "batch_size": 23,
  "hl_mlp": 2,
  "latent_size_mlp": 54,
  "lr": 0.017115580179067898,
  "lr_decay": 0.001665008233584082
}