{
  "batch_size": 23,
  "hl_mlp": 1,
  "latent_size_mlp": 45,
  "lr": 0.007568994925771899,
  "lr_decay": 0.08530861406622615
}