{
  "batch_size": 38,
  "hl_mlp": 2,
  "latent_size_mlp": 60,
  "lr": 0.1160346783989551,
  "lr_decay": 0.014608206624748458
}