{
  "batch_size": 19,
  "hl_mlp": 1,
  "latent_size_mlp": 50,
  "lr": 0.015536383518839911,
  "lr_decay": 0.002289417989093989
}