{
  "batch_size": 23,
  "hl_mlp": 2,
  "latent_size_mlp": 58,
  "lr": 0.011879353631182926,
  "lr_decay": 0.001729832313402277
}