{
  "batch_size": 38,
  "hl_mlp": 1,
  "latent_size_mlp": 48,
  "lr": 9.590365951837801e-05,
  "lr_decay": 0.00016026127973292143
}