{
  "batch_size": 35,
  "hl_mlp": 1,
  "latent_size_mlp": 52,
  "lr": 0.056010695251263065,
  "lr_decay": 0.012715741662121909
}