{
  "alpha": 0.015992940146152657,
  "length_scale": 7.328374984046228
}