{
  "batch_size": 19,
  "hl_mlp": 1,
  "latent_size_mlp": 47,
  "lr": 0.013359857404341207,
  "lr_decay": 0.08820354452940848
}