{
  "batch_size": 22,
  "hl_mlp": 0,
  "latent_size_mlp": 53,
  "lr": 0.02209065068394896,
  "lr_decay": 0.022958131573686945
}