{
  "batch_size": 29,
  "hl_mlp": 1,
  "latent_size_mlp": 52,
  "lr": 0.0842387794614262,
  "lr_decay": 0.012539250523987277
}