{
  "alpha": 0.0001533838310409818,
  "length_scale": 2.871027902787148
}