{
  "batch_size": 23,
  "hl_mlp": 1,
  "latent_size_mlp": 45,
  "lr": 0.0016336431898906487,
  "lr_decay": 0.016487683473163872
}