{
  "batch_size": 21,
  "hl_mlp": 1,
  "latent_size_mlp": 46,
  "lr": 0.02157654287652572,
  "lr_decay": 0.0016932062656913264
}