{
  "batch_size": 24,
  "hl_mlp": 1,
  "latent_size_mlp": 43,
  "lr": 0.07560169638472462,
  "lr_decay": 0.005436939056276388
}