{
  "alpha": 0.0018200169247877256,
  "length_scale": 1.1616449378767226
}