{
  "batch_size": 22,
  "hl_mlp": 1,
  "latent_size_mlp": 54,
  "lr": 0.012169615211878074,
  "lr_decay": 0.02869838971544877
}