{
  "batch_size": 20,
  "hl_mlp": 1,
  "latent_size_mlp": 39,
  "lr": 0.0037280800904115957,
  "lr_decay": 0.0012915403698171833
}