{
  "batch_size": 33,
  "hl_mlp": 1,
  "latent_size_mlp": 39,
  "lr": 0.0012204451171963968,
  "lr_decay": 0.0002204939570453826
}