{
  "batch_size": 24,
  "hl_mlp": 1,
  "latent_size_mlp": 53,
  "lr": 0.016435239276982698,
  "lr_decay": 0.005495008483493574
}