{
  "batch_size": 21,
  "hl_mlp": 1,
  "latent_size_mlp": 59,
  "lr": 0.06606139913225823,
  "lr_decay": 0.008874482322175711
}