{
  "batch_size": 25,
  "hl_mlp": 1,
  "latent_size_mlp": 52,
  "lr": 0.00020200363442942715,
  "lr_decay": 0.00023043461111421805
}