{
  "batch_size": 23,
  "hl_mlp": 1,
  "latent_size_mlp": 43,
  "lr": 0.02731391847863691,
  "lr_decay": 0.002593096238980872
}