{
  "batch_size": 22,
  "hl_mlp": 1,
  "latent_size_mlp": 59,
  "lr": 0.013419925290347866,
  "lr_decay": 0.0015357367340942624
}