{
  "max_depth": 6.586938060760594,
  "min_samples_leaf": 6.9930876144270435
}