{
  "batch_size": 32,
  "hl_mlp": 1,
  "latent_size_mlp": 38,
  "lr": 0.0011004085966034368,
  "lr_decay": 0.001436685608599438
}