{
  "batch_size": 22,
  "hl_mlp": 1,
  "latent_size_mlp": 48,
  "lr": 0.017836828189232146,
  "lr_decay": 0.0016616609802054404
}