{
  "C": 6.1077162704445485,
  "epsilon": 0.011211302348770193
}