{
  "C": 2.1890664180018042,
  "epsilon": 0.013843767463943056
}