{
  "batch_size": 23,
  "hl_mlp": 1,
  "latent_size_mlp": 73,
  "lr": 0.005332939264261977,
  "lr_decay": 0.5322418717797014
}