{
  "C": 0.9533511585951597,
  "epsilon": 0.03157878710745342
}