{
  "batch_size": 26,
  "hl_mlp": 1,
  "latent_size_mlp": 76,
  "lr": 0.0022448751338441054,
  "lr_decay": 0.00020260761504235612
}