{
  "batch_size": 30,
  "hl_mlp": 1,
  "latent_size_mlp": 74,
  "lr": 0.002466023369499116,
  "lr_decay": 0.0074121557252006184
}