{
  "batch_size": 21,
  "hl_mlp": 2,
  "latent_size_mlp": 57,
  "lr": 0.02130497974663116,
  "lr_decay": 0.004169055228522119
}