{
  "batch_size": 16,
  "hl_mlp": 1,
  "latent_size_mlp": 41,
  "lr": 0.051768036840996005,
  "lr_decay": 0.018143658776794195
}