{
  "batch_size": 23,
  "hl_mlp": 1,
  "latent_size_mlp": 45,
  "lr": 0.017886254794960307,
  "lr_decay": 0.029160129740863565
}