{
  "max_depth": 2.1179244542748483,
  "min_samples_leaf": 1.9679469431825505
}