{
  "batch_size": 20,
  "hl_mlp": 1,
  "latent_size_mlp": 48,
  "lr": 0.0025479600256780905,
  "lr_decay": 0.0012665328482837188
}