{
  "alpha": 7.079538119223582e-05,
  "length_scale": 0.17240520835000944
}