{
  "alpha": 0.0021915007620022693,
  "length_scale": 0.013877654432907454
}