{
  "alpha": 0.0013287489957455227,
  "length_scale": 0.76090944139241
}