{
  "batch_size": 27,
  "hl_mlp": 2,
  "latent_size_mlp": 45,
  "lr": 0.028097403383924947,
  "lr_decay": 0.0024997289741083436
}