{
  "batch_size": 25,
  "hl_mlp": 1,
  "latent_size_mlp": 42,
  "lr": 0.0011194508748441452,
  "lr_decay": 0.0003898218621321461
}