{
  "C": 1.4019769131137623,
  "epsilon": 0.02005220742351342
}