{
  "batch_size": 24,
  "hl_mlp": 1,
  "latent_size_mlp": 43,
  "lr": 0.00021415568123031643,
  "lr_decay": 0.0003484852866260228
}