{
  "batch_size": 22,
  "hl_mlp": 1,
  "latent_size_mlp": 47,
  "lr": 0.012550602044555681,
  "lr_decay": 0.00882982700834614
}