{
  "batch_size": 21,
  "hl_mlp": 1,
  "latent_size_mlp": 49,
  "lr": 0.0026840382836391978,
  "lr_decay": 0.002191895323635737
}