{
  "batch_size": 15,
  "hl_mlp": 1,
  "latent_size_mlp": 52,
  "lr": 0.08699907305497641,
  "lr_decay": 0.01299887506757108
}