{
  "batch_size": 23,
  "hl_mlp": 1,
  "latent_size_mlp": 40,
  "lr": 0.042982896007690494,
  "lr_decay": 0.00901875825587357
}