{
  "batch_size": 21,
  "hl_mlp": 1,
  "latent_size_mlp": 44,
  "lr": 0.003176827853446795,
  "lr_decay": 0.00385830488343857
}