{
  "batch_size": 17,
  "hl_mlp": 0,
  "latent_size_mlp": 28,
  "lr": 0.038165950500520476,
  "lr_decay": 0.02506442099428393
}