{
  "C": 3.2633675132868767,
  "epsilon": 0.013190770318451362
}