{
  "batch_size": 22,
  "hl_mlp": 0,
  "latent_size_mlp": 53,
  "lr": 0.03173919084303966,
  "lr_decay": 0.0016147738992257454
}