{
  "batch_size": 20,
  "hl_mlp": 1,
  "latent_size_mlp": 47,
  "lr": 0.008882829747721758,
  "lr_decay": 0.026197404448609407
}