{
  "C": 0.6879492889669536,
  "epsilon": 0.010092410654944425
}