{
  "alpha": 0.002753353339052403,
  "length_scale": 0.19844187379555037
}