{
  "batch_size": 34,
  "hl_mlp": 1,
  "latent_size_mlp": 56,
  "lr": 0.0005622456105243152,
  "lr_decay": 0.015278039483209058
}