{
  "batch_size": 22,
  "hl_mlp": 0,
  "latent_size_mlp": 54,
  "lr": 0.040781347850968735,
  "lr_decay": 0.0013234799663972973
}