{
  "batch_size": 18,
  "hl_mlp": 0,
  "latent_size_mlp": 45,
  "lr": 0.0036878151389599487,
  "lr_decay": 0.06284387520287042
}