{
  "batch_size": 24,
  "hl_mlp": 1,
  "latent_size_mlp": 36,
  "lr": 0.03237594311077159,
  "lr_decay": 0.012912040116840816
}