{
  "batch_size": 32,
  "hl_mlp": 1,
  "latent_size_mlp": 33,
  "lr": 0.0020384206115012177,
  "lr_decay": 0.0036395831473060554
}