{
  "batch_size": 15,
  "hl_mlp": 2,
  "latent_size_mlp": 45,
  "lr": 0.021885734706201268,
  "lr_decay": 0.060766212011839744
}