{
  "batch_size": 40,
  "hl_mlp": 1,
  "latent_size_mlp": 70,
  "lr": 0.0032612834334968697,
  "lr_decay": 0.08630953758815495
}