{
  "batch_size": 22,
  "hl_mlp": 1,
  "latent_size_mlp": 35,
  "lr": 0.001515356111561739,
  "lr_decay": 0.039450435745711804
}