{
  "batch_size": 22,
  "hl_mlp": 1,
  "latent_size_mlp": 46,
  "lr": 0.017850964560063787,
  "lr_decay": 0.0018747381599964266
}