{
  "batch_size": 23,
  "hl_mlp": 1,
  "latent_size_mlp": 53,
  "lr": 0.06724317337406831,
  "lr_decay": 0.009767842025725648
}