{
  "batch_size": 20,
  "hl_mlp": 1,
  "latent_size_mlp": 48,
  "lr": 0.006346772279408152,
  "lr_decay": 0.0757924521038796
}