{
  "batch_size": 35,
  "hl_mlp": 1,
  "latent_size_mlp": 75,
  "lr": 0.011146483962447015,
  "lr_decay": 0.009625102544290035
}