{
  "batch_size": 20,
  "hl_mlp": 1,
  "latent_size_mlp": 45,
  "lr": 0.02329415864824311,
  "lr_decay": 0.048519447957812045
}