{
  "batch_size": 23,
  "hl_mlp": 1,
  "latent_size_mlp": 39,
  "lr": 0.05464872426394929,
  "lr_decay": 0.005810208566163266
}