{
  "batch_size": 21,
  "hl_mlp": 1,
  "latent_size_mlp": 47,
  "lr": 0.0031086350681308957,
  "lr_decay": 0.031196324725729294
}