{
  "batch_size": 20,
  "hl_mlp": 1,
  "latent_size_mlp": 30,
  "lr": 0.001781270693961705,
  "lr_decay": 0.013479103810138525
}