{
  "batch_size": 20,
  "hl_mlp": 1,
  "latent_size_mlp": 55,
  "lr": 0.1015411854837689,
  "lr_decay": 0.008365677828531828
}