{
  "batch_size": 34,
  "hl_mlp": 1,
  "latent_size_mlp": 52,
  "lr": 0.0019821243645149426,
  "lr_decay": 0.6349577669369109
}