{
  "batch_size": 17,
  "hl_mlp": 1,
  "latent_size_mlp": 51,
  "lr": 0.03347216733746436,
  "lr_decay": 0.001668200505460105
}