{
  "batch_size": 26,
  "hl_mlp": 1,
  "latent_size_mlp": 75,
  "lr": 0.00015497821769186384,
  "lr_decay": 0.0002253097120770303
}