{
  "batch_size": 23,
  "hl_mlp": 1,
  "latent_size_mlp": 40,
  "lr": 0.048130601875614916,
  "lr_decay": 0.022802827113878012
}