{
  "batch_size": 23,
  "hl_mlp": 1,
  "latent_size_mlp": 55,
  "lr": 0.07094941212435302,
  "lr_decay": 0.00979051198474359
}