{
  "C": 1.4185076091208573,
  "epsilon": 0.016671413681259677
}