{
  "batch_size": 25,
  "hl_mlp": 1,
  "latent_size_mlp": 48,
  "lr": 0.002672767566973867,
  "lr_decay": 0.02176070140390093
}