{
  "batch_size": 26,
  "hl_mlp": 1,
  "latent_size_mlp": 51,
  "lr": 0.07775136904590625,
  "lr_decay": 0.00941377821985362
}