{
  "batch_size": 17,
  "hl_mlp": 2,
  "latent_size_mlp": 48,
  "lr": 0.013695789500963262,
  "lr_decay": 0.08169334692421064
}