{
  "batch_size": 24,
  "hl_mlp": 1,
  "latent_size_mlp": 42,
  "lr": 0.005298111719225303,
  "lr_decay": 0.050335373459750726
}