{
  "batch_size": 22,
  "hl_mlp": 0,
  "latent_size_mlp": 49,
  "lr": 0.013301008822297261,
  "lr_decay": 0.0018004475379777634
}