{
  "batch_size": 22,
  "hl_mlp": 1,
  "latent_size_mlp": 53,
  "lr": 0.03543863294516296,
  "lr_decay": 0.0018837429972958252
}