{
  "batch_size": 27,
  "hl_mlp": 1,
  "latent_size_mlp": 44,
  "lr": 0.001271170671941937,
  "lr_decay": 0.001903623801081201
}