{
  "batch_size": 24,
  "hl_mlp": 1,
  "latent_size_mlp": 78,
  "lr": 0.00010542704862005413,
  "lr_decay": 0.0002705622892646137
}