{
  "batch_size": 34,
  "hl_mlp": 1,
  "latent_size_mlp": 45,
  "lr": 0.00035707329272768147,
  "lr_decay": 0.0004078757124863759
}