{
  "batch_size": 31,
  "hl_mlp": 1,
  "latent_size_mlp": 54,
  "lr": 0.0055605807757054745,
  "lr_decay": 0.4425365310535882
}