{
  "batch_size": 23,
  "hl_mlp": 1,
  "latent_size_mlp": 47,
  "lr": 0.022532789146405236,
  "lr_decay": 0.0042324036487314635
}