{
  "batch_size": 24,
  "hl_mlp": 1,
  "latent_size_mlp": 47,
  "lr": 0.001474657526499928,
  "lr_decay": 0.09761741377954884
}