{
  "alpha": 0.01206098052752517,
  "length_scale": 1.8135633114670238
}