{
  "batch_size": 21,
  "hl_mlp": 1,
  "latent_size_mlp": 62,
  "lr": 0.0014513606419161642,
  "lr_decay": 0.0024553810605547795
}