{
  "batch_size": 28,
  "hl_mlp": 2,
  "latent_size_mlp": 33,
  "lr": 0.0020139973686537625,
  "lr_decay": 0.010361226446740208
}