{
  "batch_size": 26,
  "hl_mlp": 1,
  "latent_size_mlp": 63,
  "lr": 0.0011250484020914992,
  "lr_decay": 0.0025497779561245017
}