{
  "batch_size": 46,
  "hl_mlp": 1,
  "latent_size_mlp": 4,
  "lr": 0.0085328651141215,
  "lr_decay": 0.0011707542128361996
}