{
  "batch_size": 28,
  "hl_mlp": 1,
  "latent_size_mlp": 45,
  "lr": 0.003092421293358022,
  "lr_decay": 0.0014886378327775521
}