{
  "batch_size": 26,
  "hl_mlp": 1,
  "latent_size_mlp": 40,
  "lr": 0.0011844108472035763,
  "lr_decay": 0.029640097200698896
}