{
  "batch_size": 23,
  "hl_mlp": 1,
  "latent_size_mlp": 41,
  "lr": 0.010289264572782182,
  "lr_decay": 0.02523817480868881
}