{
  "C": 0.7838972838780871,
  "epsilon": 0.012154866989577514
}