{
  "batch_size": 29,
  "hl_mlp": 1,
  "latent_size_mlp": 71,
  "lr": 0.004242029985009314,
  "lr_decay": 0.0009365043740540955
}