{
  "alpha": 0.004059978467145058,
  "length_scale": 1.5557594940884576
}