{
  "batch_size": 16,
  "hl_mlp": 1,
  "latent_size_mlp": 59,
  "lr": 0.010753059417383913,
  "lr_decay": 0.003983367595285071
}