{
  "batch_size": 20,
  "hl_mlp": 2,
  "latent_size_mlp": 48,
  "lr": 0.06392200697716958,
  "lr_decay": 0.00663869330806894
}