{
  "alpha": 0.010181443468994548,
  "length_scale": 1.8010781245465002
}