{
  "batch_size": 28,
  "hl_mlp": 1,
  "latent_size_mlp": 46,
  "lr": 0.0032087434704229285,
  "lr_decay": 0.00100453981303545
}