{
  "batch_size": 22,
  "hl_mlp": 1,
  "latent_size_mlp": 43,
  "lr": 0.016420574191386986,
  "lr_decay": 0.04123455653474186
}