{
  "batch_size": 21,
  "hl_mlp": 1,
  "latent_size_mlp": 42,
  "lr": 0.0029651365759721664,
  "lr_decay": 0.009134317256777226
}