{
  "batch_size": 26,
  "hl_mlp": 1,
  "latent_size_mlp": 41,
  "lr": 0.006182548133574604,
  "lr_decay": 0.006624522827731041
}