{
  "batch_size": 25,
  "hl_mlp": 1,
  "latent_size_mlp": 71,
  "lr": 0.0745510671496335,
  "lr_decay": 0.8776779898974074
}