{
  "batch_size": 23,
  "hl_mlp": 1,
  "latent_size_mlp": 28,
  "lr": 0.05197592605477457,
  "lr_decay": 0.05577823745065899
}