{
  "batch_size": 28,
  "hl_mlp": 1,
  "latent_size_mlp": 43,
  "lr": 0.002568114626277389,
  "lr_decay": 0.03900997727134808
}