{
  "batch_size": 23,
  "hl_mlp": 0,
  "latent_size_mlp": 46,
  "lr": 0.01687228283397313,
  "lr_decay": 0.0011953936059999632
}