{
  "batch_size": 20,
  "hl_mlp": 2,
  "latent_size_mlp": 54,
  "lr": 0.023139633125949043,
  "lr_decay": 0.002631210083443292
}