{
  "C": 1.1063571391786482,
  "epsilon": 0.012514323273839507
}