{
  "batch_size": 22,
  "hl_mlp": 1,
  "latent_size_mlp": 52,
  "lr": 9.284296718942736e-05,
  "lr_decay": 0.00010072250123822359
}