{
  "C": 1.306157631492946,
  "epsilon": 0.015370744385509364
}