{
  "batch_size": 19,
  "hl_mlp": 1,
  "latent_size_mlp": 48,
  "lr": 0.03514028132898165,
  "lr_decay": 0.0014894306076800865
}