{
  "batch_size": 13,
  "hl_mlp": 1,
  "latent_size_mlp": 26,
  "lr": 0.010598729020025347,
  "lr_decay": 0.05499605319143137
}