{
  "batch_size": 19,
  "hl_mlp": 1,
  "latent_size_mlp": 48,
  "lr": 0.011532971968586837,
  "lr_decay": 0.07258433930211414
}