{
  "batch_size": 24,
  "hl_mlp": 1,
  "latent_size_mlp": 50,
  "lr": 0.022095352698366894,
  "lr_decay": 0.0048496409263763945
}