{
  "batch_size": 20,
  "hl_mlp": 1,
  "latent_size_mlp": 40,
  "lr": 0.0014263739585777936,
  "lr_decay": 0.013305675022823574
}