{
  "batch_size": 24,
  "hl_mlp": 1,
  "latent_size_mlp": 75,
  "lr": 0.0005840833193712763,
  "lr_decay": 0.7012137039001377
}