{
  "batch_size": 24,
  "hl_mlp": 1,
  "latent_size_mlp": 50,
  "lr": 0.0001607506576235394,
  "lr_decay": 0.00026329977482651603
}