{
  "batch_size": 15,
  "hl_mlp": 2,
  "latent_size_mlp": 41,
  "lr": 0.11223303591295303,
  "lr_decay": 0.014055981275960345
}