{
  "C": 2.516180238088416,
  "epsilon": 0.015887110172564677
}