{
  "batch_size": 23,
  "hl_mlp": 2,
  "latent_size_mlp": 35,
  "lr": 0.0013141963675181894,
  "lr_decay": 0.07461502276472283
}