{
  "C": 1.7255949630668026,
  "epsilon": 0.11556293652683913
}