{
  "batch_size": 23,
  "hl_mlp": 1,
  "latent_size_mlp": 43,
  "lr": 0.03978369592314539,
  "lr_decay": 0.02868106977607308
}