{
  "batch_size": 33,
  "hl_mlp": 1,
  "latent_size_mlp": 72,
  "lr": 0.0008466210373950005,
  "lr_decay": 0.00011791586562029938
}