{
  "batch_size": 24,
  "hl_mlp": 1,
  "latent_size_mlp": 45,
  "lr": 0.0023265984614578464,
  "lr_decay": 0.007063213092717114
}