{
  "batch_size": 25,
  "hl_mlp": 1,
  "latent_size_mlp": 42,
  "lr": 0.001649000104332858,
  "lr_decay": 0.029560855312626668
}