{
  "batch_size": 23,
  "hl_mlp": 0,
  "latent_size_mlp": 54,
  "lr": 0.01109452598728618,
  "lr_decay": 0.002560172272601135
}