{
  "batch_size": 35,
  "hl_mlp": 1,
  "latent_size_mlp": 44,
  "lr": 0.0993950816366491,
  "lr_decay": 0.5583057075449669
}