{
  "alpha": 0.013815977351889594,
  "length_scale": 1.3117213197672457
}