{
  "batch_size": 22,
  "hl_mlp": 1,
  "latent_size_mlp": 46,
  "lr": 0.0027974402056346456,
  "lr_decay": 0.019718888721293244
}