{
  "batch_size": 21,
  "hl_mlp": 1,
  "latent_size_mlp": 46,
  "lr": 0.012324241271150262,
  "lr_decay": 0.03264939737060615
}