{
  "batch_size": 30,
  "hl_mlp": 1,
  "latent_size_mlp": 57,
  "lr": 0.00409878765986853,
  "lr_decay": 0.35567270713708415
}