{
  "batch_size": 20,
  "hl_mlp": 1,
  "latent_size_mlp": 48,
  "lr": 0.002830529604021782,
  "lr_decay": 0.06152714292918204
}