{
  "alpha": 0.0010577734342099787,
  "length_scale": 1.3483412787673437
}