{
  "batch_size": 21,
  "hl_mlp": 1,
  "latent_size_mlp": 48,
  "lr": 0.04188440537465112,
  "lr_decay": 0.005785347386974619
}