{
  "batch_size": 29,
  "hl_mlp": 2,
  "latent_size_mlp": 52,
  "lr": 0.08496174836572341,
  "lr_decay": 0.00634447878550736
}