{
  "batch_size": 21,
  "hl_mlp": 1,
  "latent_size_mlp": 46,
  "lr": 0.010890155248186437,
  "lr_decay": 0.03683143441026886
}