{
  "batch_size": 22,
  "hl_mlp": 0,
  "latent_size_mlp": 50,
  "lr": 0.014563993051787509,
  "lr_decay": 0.0017515746061067437
}