{
  "batch_size": 22,
  "hl_mlp": 2,
  "latent_size_mlp": 51,
  "lr": 0.06136320875226941,
  "lr_decay": 0.004182938727915399
}