{
  "batch_size": 22,
  "hl_mlp": 1,
  "latent_size_mlp": 46,
  "lr": 0.0983056850856317,
  "lr_decay": 0.05469711669414416
}