{
  "C": 2.0084822567814027,
  "epsilon": 0.01653365445564475
}