{
  "batch_size": 22,
  "hl_mlp": 1,
  "latent_size_mlp": 47,
  "lr": 0.0431794362802803,
  "lr_decay": 0.0023064311557778566
}