{
  "batch_size": 22,
  "hl_mlp": 1,
  "latent_size_mlp": 59,
  "lr": 0.016531246139725862,
  "lr_decay": 0.0021213217558459447
}