{
  "batch_size": 21,
  "hl_mlp": 1,
  "latent_size_mlp": 46,
  "lr": 0.0031882298594360266,
  "lr_decay": 0.028682272232807983
}