{
  "batch_size": 23,
  "hl_mlp": 1,
  "latent_size_mlp": 58,
  "lr": 0.09607614882678757,
  "lr_decay": 0.0015832933640553197
}