{
  "batch_size": 18,
  "hl_mlp": 0,
  "latent_size_mlp": 59,
  "lr": 0.01789469569966101,
  "lr_decay": 0.027455959793409725
}