{
  "batch_size": 19,
  "hl_mlp": 1,
  "latent_size_mlp": 47,
  "lr": 0.003919739970030474,
  "lr_decay": 0.0803122519877328
}