{
  "batch_size": 27,
  "hl_mlp": 1,
  "latent_size_mlp": 44,
  "lr": 0.008331982745168678,
  "lr_decay": 0.009763003796521534
}