{
  "batch_size": 32,
  "hl_mlp": 1,
  "latent_size_mlp": 32,
  "lr": 0.00034953538975417706,
  "lr_decay": 0.0002976292072784852
}