{
  "C": 0.7594617902189165,
  "epsilon": 0.4197354442835521
}