{
  "batch_size": 29,
  "hl_mlp": 1,
  "latent_size_mlp": 68,
  "lr": 0.0034528284532537256,
  "lr_decay": 0.0008971424984261369
}