{
  "batch_size": 11,
  "hl_mlp": 2,
  "latent_size_mlp": 9,
  "lr": 0.006418194245525106,
  "lr_decay": 0.006046249055289088
}