{
  "batch_size": 28,
  "hl_mlp": 1,
  "latent_size_mlp": 61,
  "lr": 0.0005387855306364231,
  "lr_decay": 0.0020229697633900585
}