{
  "batch_size": 22,
  "hl_mlp": 1,
  "latent_size_mlp": 49,
  "lr": 0.023816865873093063,
  "lr_decay": 0.01591759419894795
}