{
  "batch_size": 29,
  "hl_mlp": 1,
  "latent_size_mlp": 56,
  "lr": 0.004444311026067577,
  "lr_decay": 0.08448247588688708
}