{
  "batch_size": 26,
  "hl_mlp": 1,
  "latent_size_mlp": 44,
  "lr": 0.0008770320598308318,
  "lr_decay": 0.0008842683784822568
}