{
  "batch_size": 20,
  "hl_mlp": 1,
  "latent_size_mlp": 49,
  "lr": 0.02182457013723359,
  "lr_decay": 0.0036184976988885916
}