{
  "batch_size": 23,
  "hl_mlp": 1,
  "latent_size_mlp": 52,
  "lr": 0.021273874746431148,
  "lr_decay": 0.003150496245327802
}