{
  "alpha": 0.0020877664838253283,
  "length_scale": 1.5228029924947641
}