{
  "batch_size": 21,
  "hl_mlp": 1,
  "latent_size_mlp": 45,
  "lr": 0.010677726061428772,
  "lr_decay": 0.006088568373906172
}