{
  "batch_size": 30,
  "hl_mlp": 1,
  "latent_size_mlp": 66,
  "lr": 0.0011781337811847036,
  "lr_decay": 0.002590466631937714
}