{
  "batch_size": 21,
  "hl_mlp": 1,
  "latent_size_mlp": 46,
  "lr": 0.032572751252682934,
  "lr_decay": 0.07223081628942171
}