{
  "batch_size": 29,
  "hl_mlp": 2,
  "latent_size_mlp": 49,
  "lr": 0.08386259957092185,
  "lr_decay": 0.016411795061916777
}