{
  "batch_size": 17,
  "hl_mlp": 2,
  "latent_size_mlp": 54,
  "lr": 0.01342748000975081,
  "lr_decay": 0.0016434471129549932
}