{
  "batch_size": 20,
  "hl_mlp": 1,
  "latent_size_mlp": 49,
  "lr": 0.0239702532579714,
  "lr_decay": 0.002960565480179621
}