{
  "batch_size": 30,
  "hl_mlp": 2,
  "latent_size_mlp": 56,
  "lr": 0.00018220348306394117,
  "lr_decay": 0.00017042212468172012
}