{
  "batch_size": 26,
  "hl_mlp": 1,
  "latent_size_mlp": 49,
  "lr": 0.0012608365635019627,
  "lr_decay": 0.01250354996076138
}