{
  "batch_size": 22,
  "hl_mlp": 1,
  "latent_size_mlp": 42,
  "lr": 0.00038849722969075786,
  "lr_decay": 0.003238176391784035
}