{
  "batch_size": 26,
  "hl_mlp": 1,
  "latent_size_mlp": 78,
  "lr": 0.0020728471444746016,
  "lr_decay": 0.0001702025972326018
}