{
  "batch_size": 20,
  "hl_mlp": 1,
  "latent_size_mlp": 48,
  "lr": 0.015217333060687559,
  "lr_decay": 0.0037485554799028126
}