{
  "batch_size": 29,
  "hl_mlp": 1,
  "latent_size_mlp": 40,
  "lr": 0.0007246344124233206,
  "lr_decay": 0.0011229230700767823
}