{
  "batch_size": 10,
  "hl_mlp": 1,
  "latent_size_mlp": 65,
  "lr": 0.00788912183957522,
  "lr_decay": 0.6639906283212172
}