{
  "batch_size": 23,
  "hl_mlp": 1,
  "latent_size_mlp": 45,
  "lr": 0.0010858171896334036,
  "lr_decay": 0.016445623434518202
}