{
  "batch_size": 27,
  "hl_mlp": 1,
  "latent_size_mlp": 79,
  "lr": 0.006003218461633806,
  "lr_decay": 0.30956719539648764
}