{
  "batch_size": 20,
  "hl_mlp": 2,
  "latent_size_mlp": 29,
  "lr": 0.001438740717877325,
  "lr_decay": 0.07187040128676367
}