{
  "batch_size": 23,
  "hl_mlp": 1,
  "latent_size_mlp": 54,
  "lr": 0.010008866188145,
  "lr_decay": 0.0011869524706629743
}