{
  "batch_size": 22,
  "hl_mlp": 0,
  "latent_size_mlp": 48,
  "lr": 0.017688506776316316,
  "lr_decay": 0.0012592686370234603
}