{
  "batch_size": 25,
  "hl_mlp": 1,
  "latent_size_mlp": 59,
  "lr": 0.13560498048336805,
  "lr_decay": 0.008048018839678412
}