{
  "batch_size": 23,
  "hl_mlp": 1,
  "latent_size_mlp": 43,
  "lr": 0.02152104861114157,
  "lr_decay": 0.002720599618047131
}