{
  "batch_size": 22,
  "hl_mlp": 1,
  "latent_size_mlp": 44,
  "lr": 0.0022707753654245743,
  "lr_decay": 0.06150339016498047
}