{
  "batch_size": 29,
  "hl_mlp": 1,
  "latent_size_mlp": 57,
  "lr": 0.05988184201290289,
  "lr_decay": 0.007916166020192041
}