{
  "batch_size": 22,
  "hl_mlp": 1,
  "latent_size_mlp": 43,
  "lr": 0.009706565066481196,
  "lr_decay": 0.03041172190676072
}