{
  "batch_size": 22,
  "hl_mlp": 2,
  "latent_size_mlp": 54,
  "lr": 0.06623534083273513,
  "lr_decay": 0.013144357067942878
}