{
  "batch_size": 18,
  "hl_mlp": 1,
  "latent_size_mlp": 46,
  "lr": 0.0992976989951344,
  "lr_decay": 0.029367295776098264
}