{
  "batch_size": 25,
  "hl_mlp": 1,
  "latent_size_mlp": 41,
  "lr": 0.0019077120006615472,
  "lr_decay": 0.026674949671176246
}