{
  "alpha": 0.000596601730541366,
  "length_scale": 1.3916945371513227
}