{
  "batch_size": 27,
  "hl_mlp": 1,
  "latent_size_mlp": 11,
  "lr": 0.00315138463720087,
  "lr_decay": 0.0014292268541107498
}