{
  "batch_size": 23,
  "hl_mlp": 0,
  "latent_size_mlp": 59,
  "lr": 0.012494346481485506,
  "lr_decay": 0.0036618687576757793
}