{
  "batch_size": 20,
  "hl_mlp": 1,
  "latent_size_mlp": 46,
  "lr": 0.022331647316417513,
  "lr_decay": 0.028563852036083442
}