{
  "batch_size": 22,
  "hl_mlp": 1,
  "latent_size_mlp": 53,
  "lr": 0.04118266079648549,
  "lr_decay": 0.00781315167505806
}