{
  "batch_size": 27,
  "hl_mlp": 1,
  "latent_size_mlp": 53,
  "lr": 0.0020773866999189796,
  "lr_decay": 0.005468453715656307
}