{
  "batch_size": 18,
  "hl_mlp": 1,
  "latent_size_mlp": 57,
  "lr": 0.07180940504953896,
  "lr_decay": 0.010301741321935573
}