{
  "batch_size": 21,
  "hl_mlp": 1,
  "latent_size_mlp": 43,
  "lr": 0.003693357734423826,
  "lr_decay": 0.04653960693905302
}