{
  "batch_size": 22,
  "hl_mlp": 1,
  "latent_size_mlp": 43,
  "lr": 0.001242917388952665,
  "lr_decay": 0.034696187686718616
}