{
  "alpha": 0.0011855636154011091,
  "length_scale": 3.6059841634115695
}