{
  "batch_size": 30,
  "hl_mlp": 1,
  "latent_size_mlp": 33,
  "lr": 0.06837166817625923,
  "lr_decay": 0.007354347358274561
}