{
  "batch_size": 17,
  "hl_mlp": 1,
  "latent_size_mlp": 48,
  "lr": 0.03903273857527369,
  "lr_decay": 0.009260852437400635
}