{
  "batch_size": 23,
  "hl_mlp": 1,
  "latent_size_mlp": 47,
  "lr": 0.017061687491332515,
  "lr_decay": 0.0018840387080760826
}