{
  "batch_size": 22,
  "hl_mlp": 1,
  "latent_size_mlp": 47,
  "lr": 0.07521001532725162,
  "lr_decay": 0.0016411223325307142
}