{
  "batch_size": 24,
  "hl_mlp": 2,
  "latent_size_mlp": 51,
  "lr": 0.007335119733014422,
  "lr_decay": 0.023328435992290363
}