{
  "C": 0.06275828823565878,
  "epsilon": 0.09020709594794393
}