{
  "batch_size": 22,
  "hl_mlp": 0,
  "latent_size_mlp": 47,
  "lr": 0.017330714994420224,
  "lr_decay": 0.0031061265901150287
}