{
  "batch_size": 38,
  "hl_mlp": 1,
  "latent_size_mlp": 67,
  "lr": 0.01973849802305301,
  "lr_decay": 0.01728109845298005
}