{
  "batch_size": 23,
  "hl_mlp": 1,
  "latent_size_mlp": 43,
  "lr": 0.026449119437557383,
  "lr_decay": 0.001712316111488246
}