{
  "alpha": 0.000655145914639413,
  "length_scale": 1.1932743903950176
}