{
  "batch_size": 17,
  "hl_mlp": 2,
  "latent_size_mlp": 58,
  "lr": 0.0669391971338109,
  "lr_decay": 0.0049425819579896665
}