{
  "batch_size": 19,
  "hl_mlp": 1,
  "latent_size_mlp": 45,
  "lr": 0.0024808266714243235,
  "lr_decay": 0.00440594057303204
}