{
  "batch_size": 20,
  "hl_mlp": 0,
  "latent_size_mlp": 53,
  "lr": 0.014242677642315914,
  "lr_decay": 0.0018195347263383304
}