{
  "batch_size": 23,
  "hl_mlp": 0,
  "latent_size_mlp": 53,
  "lr": 0.014969827126426598,
  "lr_decay": 0.014455389334968049
}