{
  "batch_size": 33,
  "hl_mlp": 1,
  "latent_size_mlp": 72,
  "lr": 0.0005547737283636303,
  "lr_decay": 0.0008558700453213623
}