{
  "C": 1.5853265952561924,
  "epsilon": 0.010172171667472486
}