{
  "batch_size": 35,
  "hl_mlp": 1,
  "latent_size_mlp": 7,
  "lr": 0.008374609675963944,
  "lr_decay": 0.010234938001201602
}