{
  "batch_size": 17,
  "hl_mlp": 1,
  "latent_size_mlp": 47,
  "lr": 0.032110720254597845,
  "lr_decay": 0.007155383028473143
}