{
  "alpha": 0.07305238915302635,
  "length_scale": 0.6197090249782637
}