{
  "batch_size": 14,
  "hl_mlp": 1,
  "latent_size_mlp": 37,
  "lr": 0.0025685550866464,
  "lr_decay": 0.01945448531737771
}