{
  "alpha": 0.3778792413778997,
  "length_scale": 0.03440425141859076
}