{
  "batch_size": 20,
  "hl_mlp": 1,
  "latent_size_mlp": 54,
  "lr": 0.1464896454000683,
  "lr_decay": 0.008746256276337216
}