{
  "alpha": 8.798319647533004,
  "length_scale": 0.012482085019104536
}