{
  "batch_size": 23,
  "hl_mlp": 0,
  "latent_size_mlp": 58,
  "lr": 0.02055962606588992,
  "lr_decay": 0.0027266985804293327
}