{
  "batch_size": 42,
  "hl_mlp": 1,
  "latent_size_mlp": 54,
  "lr": 0.006688981215612263,
  "lr_decay": 0.15207874576608582
}