{
  "batch_size": 29,
  "hl_mlp": 1,
  "latent_size_mlp": 66,
  "lr": 0.0012411066197334309,
  "lr_decay": 0.0036212842785674068
}