{
  "batch_size": 16,
  "hl_mlp": 1,
  "latent_size_mlp": 48,
  "lr": 0.033488974666807676,
  "lr_decay": 0.01233113804523637
}