{
  "batch_size": 20,
  "hl_mlp": 1,
  "latent_size_mlp": 47,
  "lr": 0.0030600728038193597,
  "lr_decay": 0.03274831914481926
}