{
  "batch_size": 23,
  "hl_mlp": 1,
  "latent_size_mlp": 43,
  "lr": 0.03329582496604192,
  "lr_decay": 0.06883478854642133
}