{
  "batch_size": 21,
  "hl_mlp": 1,
  "latent_size_mlp": 65,
  "lr": 0.0760773286521256,
  "lr_decay": 0.010586513728348044
}