{
  "batch_size": 23,
  "hl_mlp": 1,
  "latent_size_mlp": 42,
  "lr": 0.001377281586139944,
  "lr_decay": 0.0011399571835387684
}