{
  "batch_size": 19,
  "hl_mlp": 1,
  "latent_size_mlp": 59,
  "lr": 0.01805109109381552,
  "lr_decay": 0.0015087050127724304
}