{
  "batch_size": 19,
  "hl_mlp": 1,
  "latent_size_mlp": 43,
  "lr": 0.001617017206808241,
  "lr_decay": 0.05945252184027938
}