{
  "batch_size": 23,
  "hl_mlp": 1,
  "latent_size_mlp": 59,
  "lr": 0.03389174930679079,
  "lr_decay": 0.009197914580737031
}