{
  "batch_size": 21,
  "hl_mlp": 1,
  "latent_size_mlp": 48,
  "lr": 0.014900404161030667,
  "lr_decay": 0.003566985401654879
}