{
  "batch_size": 17,
  "hl_mlp": 1,
  "latent_size_mlp": 50,
  "lr": 0.016186666616981055,
  "lr_decay": 0.010074066501897913
}