{
  "alpha": 0.05849373183813925,
  "length_scale": 1.1248155995328706
}