{
  "batch_size": 21,
  "hl_mlp": 1,
  "latent_size_mlp": 49,
  "lr": 0.002211368695257037,
  "lr_decay": 0.05197326493291308
}