{
  "batch_size": 23,
  "hl_mlp": 0,
  "latent_size_mlp": 49,
  "lr": 0.09312744017157147,
  "lr_decay": 0.0011465032439957822
}