{
  "batch_size": 24,
  "hl_mlp": 1,
  "latent_size_mlp": 59,
  "lr": 0.0114969851723671,
  "lr_decay": 0.0016054847931707774
}