{
  "batch_size": 21,
  "hl_mlp": 1,
  "latent_size_mlp": 47,
  "lr": 0.013511459649003429,
  "lr_decay": 0.00809900221819722
}