{
  "C": 0.7179203757900753,
  "epsilon": 0.06569113086043625
}