{
  "batch_size": 20,
  "hl_mlp": 1,
  "latent_size_mlp": 53,
  "lr": 0.007774174143568562,
  "lr_decay": 0.033892169482318546
}