{
  "batch_size": 23,
  "hl_mlp": 2,
  "latent_size_mlp": 48,
  "lr": 0.0120315512047966,
  "lr_decay": 0.003475480680884426
}