{
  "batch_size": 25,
  "hl_mlp": 1,
  "latent_size_mlp": 29,
  "lr": 0.0018485050691808976,
  "lr_decay": 0.07588883763614428
}