{
  "batch_size": 36,
  "hl_mlp": 1,
  "latent_size_mlp": 72,
  "lr": 0.0017057824588935862,
  "lr_decay": 0.3713009910267373
}