{
  "batch_size": 22,
  "hl_mlp": 0,
  "latent_size_mlp": 51,
  "lr": 0.016586680549777615,
  "lr_decay": 0.005547139114118131
}