{
  "batch_size": 23,
  "hl_mlp": 1,
  "latent_size_mlp": 44,
  "lr": 0.0892621998373177,
  "lr_decay": 0.04956170239447217
}