{
  "C": 1.4256916608365575,
  "epsilon": 0.018172102280789186
}