{
  "batch_size": 47,
  "hl_mlp": 2,
  "latent_size_mlp": 25,
  "lr": 0.08527370240261088,
  "lr_decay": 0.0017238457449945603
}