{
  "alpha": 0.001114876947249206,
  "length_scale": 1.7959051976241165
}