{
  "alpha": 0.02325247547137058,
  "length_scale": 0.8309584601728729
}