{
  "batch_size": 22,
  "hl_mlp": 0,
  "latent_size_mlp": 47,
  "lr": 0.01730974048577184,
  "lr_decay": 0.003331711057371317
}