{
  "batch_size": 21,
  "hl_mlp": 1,
  "latent_size_mlp": 45,
  "lr": 0.00436511438658266,
  "lr_decay": 0.0036104070164613066
}