{
  "batch_size": 22,
  "hl_mlp": 1,
  "latent_size_mlp": 50,
  "lr": 7.252180677953498e-05,
  "lr_decay": 0.0002977313855103225
}