{
  "batch_size": 20,
  "hl_mlp": 1,
  "latent_size_mlp": 55,
  "lr": 0.07181659395036048,
  "lr_decay": 0.010577817891382143
}