{
  "alpha": 0.0007376498160844001,
  "length_scale": 1.5119350228028599
}