{
  "C": 1.4234132963435813,
  "epsilon": 0.010486249129785796
}