{
  "batch_size": 22,
  "hl_mlp": 1,
  "latent_size_mlp": 47,
  "lr": 0.004116882740285099,
  "lr_decay": 0.04366273642832535
}