{
  "batch_size": 17,
  "hl_mlp": 1,
  "latent_size_mlp": 48,
  "lr": 0.07439765096409993,
  "lr_decay": 0.010174938060396736
}