{
  "batch_size": 17,
  "hl_mlp": 2,
  "latent_size_mlp": 46,
  "lr": 0.019292049093801583,
  "lr_decay": 0.002451179288865085
}