{
  "batch_size": 14,
  "hl_mlp": 1,
  "latent_size_mlp": 48,
  "lr": 0.021661444219547698,
  "lr_decay": 0.03419754810724531
}