{
  "batch_size": 22,
  "hl_mlp": 2,
  "latent_size_mlp": 41,
  "lr": 0.019184376003579622,
  "lr_decay": 0.0033342313142740755
}