{
  "batch_size": 27,
  "hl_mlp": 1,
  "latent_size_mlp": 48,
  "lr": 0.0023251365803942793,
  "lr_decay": 0.04004356093065987
}