{
  "batch_size": 30,
  "hl_mlp": 1,
  "latent_size_mlp": 67,
  "lr": 0.00628916264909929,
  "lr_decay": 0.000542588572567396
}