{
  "batch_size": 29,
  "hl_mlp": 2,
  "latent_size_mlp": 56,
  "lr": 0.0565088195655744,
  "lr_decay": 0.009389384185352779
}