{
  "batch_size": 29,
  "hl_mlp": 1,
  "latent_size_mlp": 56,
  "lr": 0.0008844507569187461,
  "lr_decay": 0.6978714197193436
}