{
  "C": 3.533151528675455,
  "epsilon": 0.02755601030749457
}