{
  "batch_size": 24,
  "hl_mlp": 1,
  "latent_size_mlp": 73,
  "lr": 0.00017064891202331106,
  "lr_decay": 0.00016824051891396584
}