{
  "batch_size": 39,
  "hl_mlp": 2,
  "latent_size_mlp": 76,
  "lr": 0.007088272125851776,
  "lr_decay": 0.27019652470198563
}