{
  "batch_size": 18,
  "hl_mlp": 0,
  "latent_size_mlp": 45,
  "lr": 0.0017608288511023896,
  "lr_decay": 0.06932103527058853
}