{
  "batch_size": 22,
  "hl_mlp": 1,
  "latent_size_mlp": 41,
  "lr": 0.04926258131460204,
  "lr_decay": 0.024888875453144305
}