{
  "batch_size": 19,
  "hl_mlp": 2,
  "latent_size_mlp": 50,
  "lr": 0.05511112959618225,
  "lr_decay": 0.026445945432075863
}