{
  "batch_size": 16,
  "hl_mlp": 1,
  "latent_size_mlp": 59,
  "lr": 0.07790936422065872,
  "lr_decay": 0.00793272676724018
}