{
  "batch_size": 31,
  "hl_mlp": 1,
  "latent_size_mlp": 72,
  "lr": 0.001761753558234375,
  "lr_decay": 0.03208742891600328
}