{
  "batch_size": 23,
  "hl_mlp": 1,
  "latent_size_mlp": 47,
  "lr": 0.010118318645695219,
  "lr_decay": 0.001264370300976694
}