{
  "batch_size": 18,
  "hl_mlp": 0,
  "latent_size_mlp": 14,
  "lr": 0.003618003347627549,
  "lr_decay": 0.021245671229478333
}