{
  "batch_size": 22,
  "hl_mlp": 1,
  "latent_size_mlp": 45,
  "lr": 0.0030607986372650203,
  "lr_decay": 0.006468895138925131
}