{
  "batch_size": 22,
  "hl_mlp": 3,
  "latent_size_mlp": 53,
  "lr": 0.13461176740092312,
  "lr_decay": 0.007475107790903004
}