{
  "batch_size": 24,
  "hl_mlp": 1,
  "latent_size_mlp": 43,
  "lr": 0.008766338544092447,
  "lr_decay": 0.015126823672559055
}