{
  "batch_size": 25,
  "hl_mlp": 1,
  "latent_size_mlp": 57,
  "lr": 0.0021806832421600504,
  "lr_decay": 0.4526084993035162
}