{
  "batch_size": 27,
  "hl_mlp": 1,
  "latent_size_mlp": 7,
  "lr": 0.0189668230567106,
  "lr_decay": 0.014065606934723876
}