{
  "batch_size": 31,
  "hl_mlp": 2,
  "latent_size_mlp": 44,
  "lr": 8.212026703125952e-05,
  "lr_decay": 0.0016575618436204774
}