{
  "batch_size": 23,
  "hl_mlp": 0,
  "latent_size_mlp": 47,
  "lr": 0.020572226940744974,
  "lr_decay": 0.0020812830516543203
}