{
  "batch_size": 31,
  "hl_mlp": 1,
  "latent_size_mlp": 67,
  "lr": 0.0008200022389027052,
  "lr_decay": 0.0006695591193275523
}