{
  "batch_size": 32,
  "hl_mlp": 1,
  "latent_size_mlp": 38,
  "lr": 0.0024290739100957704,
  "lr_decay": 0.0015615204694491675
}