{
  "alpha": 0.0017230835034883394,
  "length_scale": 0.954554225517054
}