{
  "batch_size": 22,
  "hl_mlp": 2,
  "latent_size_mlp": 52,
  "lr": 0.010633279182176755,
  "lr_decay": 0.0013679093249927916
}