{
  "batch_size": 25,
  "hl_mlp": 1,
  "latent_size_mlp": 61,
  "lr": 0.0005763557706576964,
  "lr_decay": 0.00041004541367499204
}