{
  "batch_size": 21,
  "hl_mlp": 1,
  "latent_size_mlp": 48,
  "lr": 0.002408519042732406,
  "lr_decay": 0.04059211142487193
}