{
  "batch_size": 28,
  "hl_mlp": 1,
  "latent_size_mlp": 44,
  "lr": 0.0006391808077710688,
  "lr_decay": 0.0019330933390990285
}