{
  "batch_size": 18,
  "hl_mlp": 1,
  "latent_size_mlp": 49,
  "lr": 0.015542150620976709,
  "lr_decay": 0.07761045603463008
}