{
  "batch_size": 28,
  "hl_mlp": 1,
  "latent_size_mlp": 62,
  "lr": 0.0008884490803124503,
  "lr_decay": 0.001741941374223748
}