{
  "batch_size": 19,
  "hl_mlp": 1,
  "latent_size_mlp": 47,
  "lr": 0.0021582585622419506,
  "lr_decay": 0.04515106949664919
}