{
  "batch_size": 18,
  "hl_mlp": 0,
  "latent_size_mlp": 51,
  "lr": 0.010453866258784724,
  "lr_decay": 0.004483600844290382
}