{
  "alpha": 0.00016223087461646418,
  "length_scale": 3.761192840813983
}