{
  "batch_size": 17,
  "hl_mlp": 1,
  "latent_size_mlp": 49,
  "lr": 0.09473561999049214,
  "lr_decay": 0.0054544243518392654
}