{
  "batch_size": 22,
  "hl_mlp": 2,
  "latent_size_mlp": 46,
  "lr": 0.021818455363236188,
  "lr_decay": 0.014546701752249473
}