{
  "batch_size": 26,
  "hl_mlp": 0,
  "latent_size_mlp": 35,
  "lr": 0.005430789419670958,
  "lr_decay": 0.04976676914370427
}