{
  "batch_size": 22,
  "hl_mlp": 2,
  "latent_size_mlp": 47,
  "lr": 0.020437168615264935,
  "lr_decay": 0.0012834807169442724
}