{
  "alpha": 0.002502138124278081,
  "length_scale": 2.6314510839244027
}