{
  "alpha": 0.004186322658614528,
  "length_scale": 0.849654374836652
}