{
  "batch_size": 35,
  "hl_mlp": 1,
  "latent_size_mlp": 34,
  "lr": 0.0018580336437132112,
  "lr_decay": 0.007611347147749056
}