{
  "alpha": 0.0017876258731827808,
  "length_scale": 1.0263969038045426
}