{
  "max_depth": 2.639922865436215,
  "min_samples_leaf": 2.7931650247443427
}