{
  "batch_size": 20,
  "hl_mlp": 2,
  "latent_size_mlp": 51,
  "lr": 0.010382156469913606,
  "lr_decay": 0.0018300943964369685
}