{
  "alpha": 0.0010712492032824447,
  "length_scale": 1.1163420388528889
}