{
  "batch_size": 17,
  "hl_mlp": 1,
  "latent_size_mlp": 48,
  "lr": 0.0794463338664468,
  "lr_decay": 0.0021865177008367396
}