{
  "batch_size": 35,
  "hl_mlp": 1,
  "latent_size_mlp": 56,
  "lr": 0.0008631446382327002,
  "lr_decay": 0.15650989787825265
}