{
  "batch_size": 40,
  "hl_mlp": 1,
  "latent_size_mlp": 61,
  "lr": 0.00574257735797407,
  "lr_decay": 0.02698652860444466
}