{
  "C": 1.1530141159504719,
  "epsilon": 0.030041547764753533
}