{
  "batch_size": 22,
  "hl_mlp": 1,
  "latent_size_mlp": 44,
  "lr": 0.012047080051035492,
  "lr_decay": 0.03303087735951893
}