{
  "batch_size": 35,
  "hl_mlp": 1,
  "latent_size_mlp": 64,
  "lr": 0.04466761426404062,
  "lr_decay": 0.5237043939032138
}