{
  "batch_size": 21,
  "hl_mlp": 1,
  "latent_size_mlp": 50,
  "lr": 0.0010819237042304275,
  "lr_decay": 0.00013570910838574078
}