{
  "batch_size": 23,
  "hl_mlp": 1,
  "latent_size_mlp": 43,
  "lr": 0.003911179819330172,
  "lr_decay": 0.02807487055337913
}