{
  "batch_size": 29,
  "hl_mlp": 1,
  "latent_size_mlp": 19,
  "lr": 0.0013163305018439463,
  "lr_decay": 0.0034396575338293245
}