{
  "batch_size": 20,
  "hl_mlp": 1,
  "latent_size_mlp": 51,
  "lr": 3.2415556914477026e-05,
  "lr_decay": 0.12327094956573639
}