{
  "batch_size": 24,
  "hl_mlp": 1,
  "latent_size_mlp": 37,
  "lr": 0.0014592099263434823,
  "lr_decay": 0.06145648638851795
}