{
  "batch_size": 23,
  "hl_mlp": 1,
  "latent_size_mlp": 59,
  "lr": 0.014935093313545662,
  "lr_decay": 0.0013468863883689625
}