{
  "batch_size": 17,
  "hl_mlp": 0,
  "latent_size_mlp": 35,
  "lr": 0.06713718967242417,
  "lr_decay": 0.0011419468489360144
}