{
  "alpha": 0.0022485770364908237,
  "length_scale": 1.384821880106195
}