{
  "batch_size": 21,
  "hl_mlp": 1,
  "latent_size_mlp": 48,
  "lr": 0.05153854422824101,
  "lr_decay": 0.035380373872147194
}