{
  "batch_size": 18,
  "hl_mlp": 0,
  "latent_size_mlp": 48,
  "lr": 0.012258021516022566,
  "lr_decay": 0.0022146529757733884
}