{
  "batch_size": 24,
  "hl_mlp": 1,
  "latent_size_mlp": 59,
  "lr": 0.016121730075166988,
  "lr_decay": 0.010621013524179804
}