{
  "batch_size": 24,
  "hl_mlp": 1,
  "latent_size_mlp": 69,
  "lr": 0.05009845833354217,
  "lr_decay": 0.2875716571643429
}