{
  "batch_size": 32,
  "hl_mlp": 1,
  "latent_size_mlp": 56,
  "lr": 0.00047360016924091395,
  "lr_decay": 0.06519261484700614
}