{
  "alpha": 0.0032866188875853436,
  "length_scale": 1.472252332861886
}