{
  "alpha": 8.322465214195409e-05,
  "length_scale": 0.6007729910165521
}