{
  "batch_size": 24,
  "hl_mlp": 1,
  "latent_size_mlp": 74,
  "lr": 0.0001656987371388805,
  "lr_decay": 0.004257245311687938
}