{
  "batch_size": 20,
  "hl_mlp": 1,
  "latent_size_mlp": 48,
  "lr": 0.005392557178010507,
  "lr_decay": 0.08697054959038579
}