{
  "alpha": 0.001647675254984071,
  "length_scale": 0.6034000092323161
}