{
  "batch_size": 23,
  "hl_mlp": 1,
  "latent_size_mlp": 53,
  "lr": 0.01403879515588645,
  "lr_decay": 0.0014194009780461347
}