{
  "batch_size": 22,
  "hl_mlp": 2,
  "latent_size_mlp": 47,
  "lr": 0.013187817296278832,
  "lr_decay": 0.0014558480533214942
}