{
  "batch_size": 36,
  "hl_mlp": 1,
  "latent_size_mlp": 39,
  "lr": 0.0036564848521488604,
  "lr_decay": 0.0050573616492975895
}