{
  "batch_size": 25,
  "hl_mlp": 1,
  "latent_size_mlp": 50,
  "lr": 0.08375857010515865,
  "lr_decay": 0.016951894242937495
}