{
  "batch_size": 32,
  "hl_mlp": 2,
  "latent_size_mlp": 47,
  "lr": 0.00042296213592287894,
  "lr_decay": 0.0024224911284383924
}