{
  "batch_size": 23,
  "hl_mlp": 1,
  "latent_size_mlp": 49,
  "lr": 3.9474694177302414e-05,
  "lr_decay": 0.0002724082321773357
}