{
  "batch_size": 23,
  "hl_mlp": 1,
  "latent_size_mlp": 44,
  "lr": 0.0015739704993273098,
  "lr_decay": 0.005747646765191412
}