{
  "batch_size": 15,
  "hl_mlp": 2,
  "latent_size_mlp": 14,
  "lr": 0.011722784353048151,
  "lr_decay": 0.04069186292072344
}