{
  "alpha": 0.0017551610189514785,
  "length_scale": 1.1686868548203941
}