{
  "alpha": 0.005083191057559269,
  "length_scale": 0.593381258023958
}