{
  "batch_size": 34,
  "hl_mlp": 1,
  "latent_size_mlp": 71,
  "lr": 0.015049964936296718,
  "lr_decay": 0.0184984465527485
}