{
  "batch_size": 25,
  "hl_mlp": 1,
  "latent_size_mlp": 72,
  "lr": 0.00021679073970684514,
  "lr_decay": 0.0035592994937002367
}