{
  "batch_size": 24,
  "hl_mlp": 1,
  "latent_size_mlp": 43,
  "lr": 0.00376381444263885,
  "lr_decay": 0.04787210101418335
}