{
  "batch_size": 20,
  "hl_mlp": 1,
  "latent_size_mlp": 59,
  "lr": 0.058438038681030306,
  "lr_decay": 0.007420271586774666
}