{
  "batch_size": 32,
  "hl_mlp": 1,
  "latent_size_mlp": 33,
  "lr": 0.024461974283161218,
  "lr_decay": 0.023801839390429173
}