{
  "batch_size": 25,
  "hl_mlp": 1,
  "latent_size_mlp": 40,
  "lr": 0.0011249904841406778,
  "lr_decay": 0.043653306474882074
}