{
  "batch_size": 21,
  "hl_mlp": 1,
  "latent_size_mlp": 53,
  "lr": 0.018481897625204136,
  "lr_decay": 0.0011227319162447709
}