{
  "batch_size": 29,
  "hl_mlp": 1,
  "latent_size_mlp": 38,
  "lr": 0.001700439623754065,
  "lr_decay": 0.01172528921739961
}