{
  "batch_size": 29,
  "hl_mlp": 1,
  "latent_size_mlp": 35,
  "lr": 0.001237132360463859,
  "lr_decay": 0.0010313264620414415
}