{
  "batch_size": 23,
  "hl_mlp": 1,
  "latent_size_mlp": 48,
  "lr": 0.09967233369895999,
  "lr_decay": 0.003777026539975685
}