{
  "batch_size": 31,
  "hl_mlp": 1,
  "latent_size_mlp": 54,
  "lr": 0.002726955668989979,
  "lr_decay": 0.8486918918274982
}