{
  "batch_size": 22,
  "hl_mlp": 1,
  "latent_size_mlp": 47,
  "lr": 0.013897944737685797,
  "lr_decay": 0.05138450428389792
}