{
  "batch_size": 24,
  "hl_mlp": 1,
  "latent_size_mlp": 41,
  "lr": 0.0018653986877476894,
  "lr_decay": 0.00024198937234723994
}