{
  "C": 2.703452676260652,
  "epsilon": 0.23231247941355315
}