{
  "batch_size": 19,
  "hl_mlp": 1,
  "latent_size_mlp": 46,
  "lr": 0.0023661741387628887,
  "lr_decay": 0.02879354627541029
}