{
  "batch_size": 20,
  "hl_mlp": 1,
  "latent_size_mlp": 46,
  "lr": 0.010043700946828236,
  "lr_decay": 0.04238734850298838
}