{
  "batch_size": 17,
  "hl_mlp": 1,
  "latent_size_mlp": 45,
  "lr": 0.0028758119603657824,
  "lr_decay": 0.04848144154455652
}