{
  "batch_size": 23,
  "hl_mlp": 1,
  "latent_size_mlp": 46,
  "lr": 0.048569354887396,
  "lr_decay": 0.0013839290033038013
}