{
  "batch_size": 19,
  "hl_mlp": 1,
  "latent_size_mlp": 49,
  "lr": 0.004896576991414422,
  "lr_decay": 0.09840770146944437
}