{
  "alpha": 0.004514850120840952,
  "length_scale": 1.6903489262927283
}