{
  "batch_size": 43,
  "hl_mlp": 1,
  "latent_size_mlp": 67,
  "lr": 0.08897943991220073,
  "lr_decay": 0.005606016197892036
}