{
  "batch_size": 23,
  "hl_mlp": 1,
  "latent_size_mlp": 47,
  "lr": 0.018358507960435366,
  "lr_decay": 0.0018355391427926839
}