{
  "batch_size": 21,
  "hl_mlp": 2,
  "latent_size_mlp": 58,
  "lr": 0.05247577657003968,
  "lr_decay": 0.0077621636102327175
}