{
  "batch_size": 21,
  "hl_mlp": 1,
  "latent_size_mlp": 40,
  "lr": 0.043936606841393944,
  "lr_decay": 0.0641756635146656
}