{
  "batch_size": 22,
  "hl_mlp": 1,
  "latent_size_mlp": 41,
  "lr": 0.06569421801327498,
  "lr_decay": 0.01604624700291011
}