{
  "batch_size": 23,
  "hl_mlp": 1,
  "latent_size_mlp": 58,
  "lr": 0.0905781204444428,
  "lr_decay": 0.005526111388321317
}