{
  "alpha": 0.1921956395869167,
  "length_scale": 2.531071634945738
}