{
  "alpha": 0.0006142474237510245,
  "length_scale": 1.3001715246724344
}