{
  "batch_size": 23,
  "hl_mlp": 1,
  "latent_size_mlp": 46,
  "lr": 0.014446434248388318,
  "lr_decay": 0.0016965072663553617
}