{
  "max_depth": 9.302583945659247,
  "min_samples_leaf": 7.386714467801924
}