{
  "batch_size": 35,
  "hl_mlp": 1,
  "latent_size_mlp": 51,
  "lr": 0.032714363643504676,
  "lr_decay": 0.6017015547964839
}