{
  "batch_size": 24,
  "hl_mlp": 1,
  "latent_size_mlp": 54,
  "lr": 0.040194100783410826,
  "lr_decay": 0.0011986920613408364
}