{
  "alpha": 4.0307277744173e-05,
  "length_scale": 0.17004260523527312
}