{
  "batch_size": 23,
  "hl_mlp": 1,
  "latent_size_mlp": 44,
  "lr": 0.004998372055451481,
  "lr_decay": 0.005596962821284684
}