{
  "batch_size": 22,
  "hl_mlp": 2,
  "latent_size_mlp": 54,
  "lr": 0.019469091065842308,
  "lr_decay": 0.006874182074360057
}