{
  "C": 1.1244407696096996,
  "epsilon": 0.029526267897346005
}