{
  "batch_size": 17,
  "hl_mlp": 1,
  "latent_size_mlp": 45,
  "lr": 0.02132176142727633,
  "lr_decay": 0.0017354229401292122
}