{
  "batch_size": 20,
  "hl_mlp": 0,
  "latent_size_mlp": 51,
  "lr": 0.05062784446176205,
  "lr_decay": 0.0010828710991468275
}