{
  "batch_size": 18,
  "hl_mlp": 2,
  "latent_size_mlp": 41,
  "lr": 0.10941286692175234,
  "lr_decay": 0.016430810672123645
}