{
  "batch_size": 24,
  "hl_mlp": 1,
  "latent_size_mlp": 49,
  "lr": 0.007228691798561902,
  "lr_decay": 0.0003574875711066011
}