{
  "batch_size": 18,
  "hl_mlp": 1,
  "latent_size_mlp": 40,
  "lr": 0.001225892794898701,
  "lr_decay": 0.06822988418889128
}