{
  "batch_size": 31,
  "hl_mlp": 1,
  "latent_size_mlp": 35,
  "lr": 0.00119700757475269,
  "lr_decay": 0.0016664985929839076
}