{
  "batch_size": 22,
  "hl_mlp": 2,
  "latent_size_mlp": 58,
  "lr": 0.014411082420367453,
  "lr_decay": 0.002860601190762002
}