{
  "batch_size": 20,
  "hl_mlp": 1,
  "latent_size_mlp": 45,
  "lr": 0.001066684678426503,
  "lr_decay": 0.0030624914379851686
}