{
  "batch_size": 18,
  "hl_mlp": 1,
  "latent_size_mlp": 47,
  "lr": 0.0038276270226826645,
  "lr_decay": 0.07386259136875546
}