{
  "alpha": 0.037465631805178666,
  "length_scale": 0.8711663095514008
}