{
  "batch_size": 20,
  "hl_mlp": 1,
  "latent_size_mlp": 45,
  "lr": 0.026280610728956197,
  "lr_decay": 0.026864917062958137
}