{
  "batch_size": 25,
  "hl_mlp": 2,
  "latent_size_mlp": 35,
  "lr": 0.012894131521945268,
  "lr_decay": 0.01632616949512943
}