{
  "batch_size": 31,
  "hl_mlp": 1,
  "latent_size_mlp": 60,
  "lr": 0.00023097328571850253,
  "lr_decay": 0.004205417624855774
}