{
  "batch_size": 35,
  "hl_mlp": 1,
  "latent_size_mlp": 54,
  "lr": 0.0004930495062648426,
  "lr_decay": 0.03110174848782484
}