{
  "batch_size": 22,
  "hl_mlp": 1,
  "latent_size_mlp": 44,
  "lr": 0.0015164885444337213,
  "lr_decay": 0.037734119139548654
}