{
  "batch_size": 28,
  "hl_mlp": 1,
  "latent_size_mlp": 56,
  "lr": 0.07848134034361832,
  "lr_decay": 0.011471467580017315
}