{
  "batch_size": 22,
  "hl_mlp": 2,
  "latent_size_mlp": 55,
  "lr": 0.09113531228253527,
  "lr_decay": 0.01054582355411353
}