{
  "batch_size": 22,
  "hl_mlp": 0,
  "latent_size_mlp": 50,
  "lr": 0.017189547640974065,
  "lr_decay": 0.0011133631494142319
}