{
  "batch_size": 24,
  "hl_mlp": 0,
  "latent_size_mlp": 49,
  "lr": 0.019442969810330526,
  "lr_decay": 0.0022442111530116206
}