{
  "alpha": 0.0026205474505105984,
  "length_scale": 2.1423246506775655
}