{
  "batch_size": 29,
  "hl_mlp": 1,
  "latent_size_mlp": 42,
  "lr": 0.001063380478245601,
  "lr_decay": 0.0003073913976127152
}