{
  "alpha": 0.005724713627532409,
  "length_scale": 0.02717473989704434
}