{
  "batch_size": 23,
  "hl_mlp": 1,
  "latent_size_mlp": 41,
  "lr": 0.0515210697095133,
  "lr_decay": 0.021307681270816038
}