{
  "batch_size": 42,
  "hl_mlp": 1,
  "latent_size_mlp": 68,
  "lr": 0.06705211869131708,
  "lr_decay": 0.00499788650997392
}