{
  "batch_size": 21,
  "hl_mlp": 1,
  "latent_size_mlp": 46,
  "lr": 0.0033068216021593932,
  "lr_decay": 0.0012592318258069352
}