{
  "alpha": 0.014778774296571285,
  "length_scale": 4.187077638427683
}