{
  "batch_size": 26,
  "hl_mlp": 1,
  "latent_size_mlp": 63,
  "lr": 0.0011308538394166029,
  "lr_decay": 0.0043633775135077804
}