{
  "batch_size": 24,
  "hl_mlp": 1,
  "latent_size_mlp": 40,
  "lr": 0.0051275465349296424,
  "lr_decay": 0.04221759905210469
}