{
  "batch_size": 22,
  "hl_mlp": 1,
  "latent_size_mlp": 58,
  "lr": 0.06649485991165884,
  "lr_decay": 0.04131928191305005
}