{
  "batch_size": 40,
  "hl_mlp": 0,
  "latent_size_mlp": 23,
  "lr": 0.016092095099782103,
  "lr_decay": 0.022791775506170214
}