{
  "batch_size": 23,
  "hl_mlp": 0,
  "latent_size_mlp": 46,
  "lr": 0.01251995016869338,
  "lr_decay": 0.0036823905709849193
}