{
  "batch_size": 22,
  "hl_mlp": 1,
  "latent_size_mlp": 45,
  "lr": 0.0773440786547589,
  "lr_decay": 0.0015051885576992528
}