{
  "batch_size": 43,
  "hl_mlp": 1,
  "latent_size_mlp": 72,
  "lr": 0.0039454048439397475,
  "lr_decay": 0.006174128740735163
}