{
  "batch_size": 23,
  "hl_mlp": 1,
  "latent_size_mlp": 59,
  "lr": 0.0207552251291325,
  "lr_decay": 0.0016574140040400156
}