{
  "batch_size": 17,
  "hl_mlp": 2,
  "latent_size_mlp": 47,
  "lr": 0.0015686134830743062,
  "lr_decay": 0.03652656866186187
}