{
  "batch_size": 27,
  "hl_mlp": 2,
  "latent_size_mlp": 67,
  "lr": 0.007013408227578779,
  "lr_decay": 0.007191273147934353
}