{
  "batch_size": 21,
  "hl_mlp": 1,
  "latent_size_mlp": 42,
  "lr": 0.02168300470406676,
  "lr_decay": 0.0377282975908377
}