{
  "batch_size": 24,
  "hl_mlp": 2,
  "latent_size_mlp": 57,
  "lr": 0.02335577559370296,
  "lr_decay": 0.0011002549919896137
}