{
  "batch_size": 22,
  "hl_mlp": 1,
  "latent_size_mlp": 76,
  "lr": 0.0003673330994879906,
  "lr_decay": 0.34130018298318227
}