{
  "batch_size": 22,
  "hl_mlp": 1,
  "latent_size_mlp": 41,
  "lr": 0.004275115814907343,
  "lr_decay": 0.017471183845266827
}