{
  "batch_size": 43,
  "hl_mlp": 1,
  "latent_size_mlp": 40,
  "lr": 0.07269425671918674,
  "lr_decay": 0.07227103887057172
}