{
  "batch_size": 29,
  "hl_mlp": 1,
  "latent_size_mlp": 71,
  "lr": 0.003124957330959642,
  "lr_decay": 0.576955841728718
}