{
  "batch_size": 22,
  "hl_mlp": 1,
  "latent_size_mlp": 40,
  "lr": 0.040540880279079754,
  "lr_decay": 0.005077990512759779
}