{
  "batch_size": 21,
  "hl_mlp": 2,
  "latent_size_mlp": 53,
  "lr": 0.07792406241340362,
  "lr_decay": 0.010805527613590547
}