{
  "batch_size": 21,
  "hl_mlp": 0,
  "latent_size_mlp": 48,
  "lr": 0.029333634407304247,
  "lr_decay": 0.0011040685196875228
}