{
  "batch_size": 24,
  "hl_mlp": 1,
  "latent_size_mlp": 52,
  "lr": 5.763683631177791e-05,
  "lr_decay": 0.00049187940465965
}