{
  "batch_size": 12,
  "hl_mlp": 2,
  "latent_size_mlp": 49,
  "lr": 0.03252142078598674,
  "lr_decay": 0.02299131012220683
}