{
  "batch_size": 22,
  "hl_mlp": 0,
  "latent_size_mlp": 48,
  "lr": 0.017363164989264185,
  "lr_decay": 0.008378527211427357
}