{
  "batch_size": 17,
  "hl_mlp": 1,
  "latent_size_mlp": 44,
  "lr": 0.01836532600927262,
  "lr_decay": 0.011803797237317013
}