{
  "batch_size": 28,
  "hl_mlp": 1,
  "latent_size_mlp": 56,
  "lr": 0.08103885962262891,
  "lr_decay": 0.0058057843374057444
}