{
  "batch_size": 23,
  "hl_mlp": 0,
  "latent_size_mlp": 49,
  "lr": 0.012655489464850863,
  "lr_decay": 0.003143087862510282
}