{
  "batch_size": 23,
  "hl_mlp": 1,
  "latent_size_mlp": 44,
  "lr": 0.0019584842536286957,
  "lr_decay": 0.0240800057790847
}