{
  "batch_size": 29,
  "hl_mlp": 1,
  "latent_size_mlp": 53,
  "lr": 0.0016501542239215662,
  "lr_decay": 0.27611937751383503
}