{
  "batch_size": 28,
  "hl_mlp": 1,
  "latent_size_mlp": 45,
  "lr": 0.04805407011177373,
  "lr_decay": 0.02246690756795472
}