{
  "batch_size": 35,
  "hl_mlp": 2,
  "latent_size_mlp": 67,
  "lr": 0.0018567252900086185,
  "lr_decay": 0.08264691517526339
}