{
  "max_depth": 5.043926587433929,
  "min_samples_leaf": 4.594393477881045
}