{
  "batch_size": 22,
  "hl_mlp": 1,
  "latent_size_mlp": 58,
  "lr": 0.08934076044755816,
  "lr_decay": 0.005695449213072025
}