{
  "batch_size": 28,
  "hl_mlp": 1,
  "latent_size_mlp": 61,
  "lr": 0.0008149072296423189,
  "lr_decay": 0.21518637281025513
}