{
  "batch_size": 23,
  "hl_mlp": 1,
  "latent_size_mlp": 39,
  "lr": 0.035962769069222605,
  "lr_decay": 0.023205859653636765
}