{
  "batch_size": 41,
  "hl_mlp": 2,
  "latent_size_mlp": 71,
  "lr": 0.002258948820899261,
  "lr_decay": 0.019986490019669474
}