{
  "batch_size": 20,
  "hl_mlp": 1,
  "latent_size_mlp": 52,
  "lr": 0.14627610713008213,
  "lr_decay": 0.008539887398180715
}