{
  "batch_size": 21,
  "hl_mlp": 2,
  "latent_size_mlp": 60,
  "lr": 0.0025431857205755366,
  "lr_decay": 0.0013621492766330335
}