{
  "batch_size": 23,
  "hl_mlp": 0,
  "latent_size_mlp": 58,
  "lr": 0.018925785553283597,
  "lr_decay": 0.0015162375975483252
}