{
  "batch_size": 20,
  "hl_mlp": 0,
  "latent_size_mlp": 44,
  "lr": 0.01412345533508303,
  "lr_decay": 0.002451070370229612
}