{
  "batch_size": 10,
  "hl_mlp": 1,
  "latent_size_mlp": 46,
  "lr": 0.004792488638057677,
  "lr_decay": 0.03616853228092319
}