{
  "alpha": 0.007881790166807645,
  "length_scale": 1.7620282331135406
}