{
  "batch_size": 17,
  "hl_mlp": 0,
  "latent_size_mlp": 42,
  "lr": 0.018106338949906663,
  "lr_decay": 0.0015591483435360553
}