{
  "batch_size": 22,
  "hl_mlp": 0,
  "latent_size_mlp": 52,
  "lr": 0.09309256849694753,
  "lr_decay": 0.005796919072411189
}