{
  "batch_size": 22,
  "hl_mlp": 2,
  "latent_size_mlp": 52,
  "lr": 0.012068365356218847,
  "lr_decay": 0.0013639852348325651
}