{
  "batch_size": 23,
  "hl_mlp": 1,
  "latent_size_mlp": 46,
  "lr": 0.020895277840649543,
  "lr_decay": 0.004796791951228188
}