{
  "batch_size": 24,
  "hl_mlp": 1,
  "latent_size_mlp": 44,
  "lr": 0.09586509317507966,
  "lr_decay": 0.5009745268481164
}