{
  "batch_size": 19,
  "hl_mlp": 1,
  "latent_size_mlp": 44,
  "lr": 0.01331462695810146,
  "lr_decay": 0.006063394761011926
}