{
  "alpha": 0.0025775816751316453,
  "length_scale": 1.2342719360452692
}