{
  "batch_size": 24,
  "hl_mlp": 0,
  "latent_size_mlp": 44,
  "lr": 0.023553646289921966,
  "lr_decay": 0.0038722451051509663
}