{
  "batch_size": 30,
  "hl_mlp": 1,
  "latent_size_mlp": 67,
  "lr": 0.004102604024942311,
  "lr_decay": 0.03459530827657214
}