{
  "batch_size": 21,
  "hl_mlp": 1,
  "latent_size_mlp": 45,
  "lr": 0.014544632024996534,
  "lr_decay": 0.024713922184663364
}