{
  "batch_size": 24,
  "hl_mlp": 1,
  "latent_size_mlp": 53,
  "lr": 0.015642328979162862,
  "lr_decay": 0.009476716447045801
}