{
  "batch_size": 31,
  "hl_mlp": 1,
  "latent_size_mlp": 52,
  "lr": 0.002725627556300373,
  "lr_decay": 0.0032637758867042808
}