{
  "batch_size": 21,
  "hl_mlp": 1,
  "latent_size_mlp": 47,
  "lr": 0.0189169286951661,
  "lr_decay": 0.0011195215010579439
}