{
  "batch_size": 29,
  "hl_mlp": 1,
  "latent_size_mlp": 62,
  "lr": 0.013966782292045062,
  "lr_decay": 0.0087743285304801
}