{
  "batch_size": 43,
  "hl_mlp": 1,
  "latent_size_mlp": 71,
  "lr": 0.007671381464416376,
  "lr_decay": 0.5346222917147389
}