{
  "alpha": 0.0005960918093873768,
  "length_scale": 0.9853229924561535
}