{
  "batch_size": 20,
  "hl_mlp": 1,
  "latent_size_mlp": 49,
  "lr": 0.0016993193953049929,
  "lr_decay": 0.0013802365582891688
}