{
  "batch_size": 23,
  "hl_mlp": 0,
  "latent_size_mlp": 52,
  "lr": 0.05751382060905429,
  "lr_decay": 0.02687734115457347
}