{
  "alpha": 0.0023610160084936984,
  "length_scale": 2.6890460878202367
}