{
  "batch_size": 28,
  "hl_mlp": 1,
  "latent_size_mlp": 54,
  "lr": 0.0007177983964258894,
  "lr_decay": 0.5699723198394353
}