{
  "batch_size": 22,
  "hl_mlp": 1,
  "latent_size_mlp": 46,
  "lr": 0.004469145551875578,
  "lr_decay": 0.015751952457503673
}