{
  "batch_size": 10,
  "hl_mlp": 0,
  "latent_size_mlp": 33,
  "lr": 0.016840746808219422,
  "lr_decay": 0.013313613542341403
}