{
  "batch_size": 35,
  "hl_mlp": 1,
  "latent_size_mlp": 43,
  "lr": 0.00034725314025171926,
  "lr_decay": 0.00044082485822684845
}