{
  "batch_size": 44,
  "hl_mlp": 0,
  "latent_size_mlp": 39,
  "lr": 0.09580211870810652,
  "lr_decay": 0.0016137750899707795
}