{
  "batch_size": 22,
  "hl_mlp": 2,
  "latent_size_mlp": 58,
  "lr": 0.011668057407687003,
  "lr_decay": 0.0015946440765911287
}