{
  "batch_size": 23,
  "hl_mlp": 1,
  "latent_size_mlp": 45,
  "lr": 0.003424400106372111,
  "lr_decay": 0.0052113292574007195
}