{
  "batch_size": 24,
  "hl_mlp": 1,
  "latent_size_mlp": 54,
  "lr": 0.025301311109362404,
  "lr_decay": 0.0013432889037563551
}