{
  "batch_size": 10,
  "hl_mlp": 1,
  "latent_size_mlp": 46,
  "lr": 0.0036297549414469163,
  "lr_decay": 0.008137818150157112
}