{
  "batch_size": 21,
  "hl_mlp": 1,
  "latent_size_mlp": 46,
  "lr": 0.004185040909820953,
  "lr_decay": 0.015110922935228354
}