{
  "alpha": 0.00046251199548872176,
  "length_scale": 0.606806343467895
}