{
  "batch_size": 48,
  "hl_mlp": 2,
  "latent_size_mlp": 32,
  "lr": 0.011197606873847271,
  "lr_decay": 0.008436838541878225
}