{
  "batch_size": 22,
  "hl_mlp": 1,
  "latent_size_mlp": 40,
  "lr": 0.03669507865898071,
  "lr_decay": 0.003766650595360287
}