{
  "batch_size": 29,
  "hl_mlp": 1,
  "latent_size_mlp": 70,
  "lr": 0.002786184437943082,
  "lr_decay": 0.06487137023276195
}