{
  "batch_size": 18,
  "hl_mlp": 1,
  "latent_size_mlp": 46,
  "lr": 0.00913662019491651,
  "lr_decay": 0.013131273977613328
}