{
  "batch_size": 22,
  "hl_mlp": 1,
  "latent_size_mlp": 48,
  "lr": 0.033406139508554276,
  "lr_decay": 0.0017131539245387678
}