{
  "batch_size": 25,
  "hl_mlp": 1,
  "latent_size_mlp": 44,
  "lr": 0.01188115342176805,
  "lr_decay": 0.014279975968638723
}