{
  "batch_size": 28,
  "hl_mlp": 1,
  "latent_size_mlp": 71,
  "lr": 0.0008355120125427001,
  "lr_decay": 0.001964736989546569
}