{
  "batch_size": 21,
  "hl_mlp": 1,
  "latent_size_mlp": 47,
  "lr": 0.0011437595432580762,
  "lr_decay": 0.07491077784346374
}