{
  "alpha": 0.00772428518535423,
  "length_scale": 1.7425344578668531
}