{
  "batch_size": 27,
  "hl_mlp": 1,
  "latent_size_mlp": 41,
  "lr": 0.013938387103626227,
  "lr_decay": 0.04377997098183996
}