{
  "batch_size": 27,
  "hl_mlp": 1,
  "latent_size_mlp": 40,
  "lr": 0.004671409934109841,
  "lr_decay": 0.03384921864621824
}