{
  "batch_size": 29,
  "hl_mlp": 2,
  "latent_size_mlp": 43,
  "lr": 0.0007871044226006869,
  "lr_decay": 0.003383762541185182
}