{
  "batch_size": 22,
  "hl_mlp": 1,
  "latent_size_mlp": 45,
  "lr": 0.005953331196135272,
  "lr_decay": 0.034174285792379105
}