{
  "batch_size": 24,
  "hl_mlp": 1,
  "latent_size_mlp": 48,
  "lr": 0.05616398045153713,
  "lr_decay": 0.0019169737409450445
}