{
  "batch_size": 19,
  "hl_mlp": 1,
  "latent_size_mlp": 59,
  "lr": 0.019457675952048017,
  "lr_decay": 0.01204717922357432
}