{
  "batch_size": 37,
  "hl_mlp": 1,
  "latent_size_mlp": 30,
  "lr": 0.06074975970085416,
  "lr_decay": 0.05314330364436049
}