{
  "batch_size": 23,
  "hl_mlp": 1,
  "latent_size_mlp": 74,
  "lr": 0.0022630304515550296,
  "lr_decay": 0.00018427001110534483
}