{
  "batch_size": 22,
  "hl_mlp": 1,
  "latent_size_mlp": 48,
  "lr": 0.0026942397648486395,
  "lr_decay": 0.03542864223888375
}