{
  "batch_size": 23,
  "hl_mlp": 1,
  "latent_size_mlp": 38,
  "lr": 0.0013460486903426787,
  "lr_decay": 0.09411517399203577
}