{
  "batch_size": 26,
  "hl_mlp": 1,
  "latent_size_mlp": 51,
  "lr": 0.00022801823509483254,
  "lr_decay": 0.22089188621379097
}