{
  "batch_size": 41,
  "hl_mlp": 2,
  "latent_size_mlp": 70,
  "lr": 0.0056575532906483145,
  "lr_decay": 0.008266614495328077
}