{
  "batch_size": 29,
  "hl_mlp": 1,
  "latent_size_mlp": 68,
  "lr": 0.002932920374883164,
  "lr_decay": 0.0009725339432986891
}