{
  "batch_size": 17,
  "hl_mlp": 2,
  "latent_size_mlp": 40,
  "lr": 0.015097434907445417,
  "lr_decay": 0.03154162146203954
}