{
  "batch_size": 22,
  "hl_mlp": 1,
  "latent_size_mlp": 47,
  "lr": 0.003999592745532265,
  "lr_decay": 0.04223740607830019
}