{
  "batch_size": 35,
  "hl_mlp": 1,
  "latent_size_mlp": 38,
  "lr": 0.05886530459174925,
  "lr_decay": 0.08799699103306892
}