{
  "batch_size": 23,
  "hl_mlp": 1,
  "latent_size_mlp": 47,
  "lr": 0.017441583229192023,
  "lr_decay": 0.001550981317826384
}