{
  "batch_size": 25,
  "hl_mlp": 1,
  "latent_size_mlp": 65,
  "lr": 0.00017206498071282905,
  "lr_decay": 0.04866054774392198
}