{
  "batch_size": 40,
  "hl_mlp": 0,
  "latent_size_mlp": 17,
  "lr": 0.004076918469820328,
  "lr_decay": 0.00715252455696301
}