{
  "batch_size": 28,
  "hl_mlp": 1,
  "latent_size_mlp": 45,
  "lr": 0.004944688293512147,
  "lr_decay": 0.0001684893949128483
}