{
  "alpha": 0.003228050022842851,
  "length_scale": 0.8494610596329785
}