{
  "batch_size": 22,
  "hl_mlp": 1,
  "latent_size_mlp": 47,
  "lr": 0.03089680973539435,
  "lr_decay": 0.0012459729120344793
}