{
  "batch_size": 24,
  "hl_mlp": 1,
  "latent_size_mlp": 75,
  "lr": 0.00012010725530621068,
  "lr_decay": 0.008903102143949715
}