{
  "batch_size": 28,
  "hl_mlp": 1,
  "latent_size_mlp": 57,
  "lr": 0.06558623511355881,
  "lr_decay": 0.007433708388606755
}