{
  "alpha": 0.04959002215554698,
  "length_scale": 0.35284295949899663
}