{
  "batch_size": 33,
  "hl_mlp": 1,
  "latent_size_mlp": 55,
  "lr": 0.0034988436334843264,
  "lr_decay": 0.04807933769726057
}