{
  "batch_size": 22,
  "hl_mlp": 1,
  "latent_size_mlp": 38,
  "lr": 0.00044158010847186616,
  "lr_decay": 0.18118223987374385
}