{
  "batch_size": 33,
  "hl_mlp": 1,
  "latent_size_mlp": 70,
  "lr": 0.06289042354769715,
  "lr_decay": 0.012008042498763426
}