{
  "batch_size": 21,
  "hl_mlp": 1,
  "latent_size_mlp": 39,
  "lr": 0.002591044048181105,
  "lr_decay": 0.003453386911425037
}