{
  "batch_size": 19,
  "hl_mlp": 1,
  "latent_size_mlp": 49,
  "lr": 0.005121304355914032,
  "lr_decay": 0.08552957578037478
}