{
  "batch_size": 21,
  "hl_mlp": 1,
  "latent_size_mlp": 24,
  "lr": 0.009137815942302986,
  "lr_decay": 0.09487588894146023
}