{
  "batch_size": 12,
  "hl_mlp": 0,
  "latent_size_mlp": 40,
  "lr": 0.03158071231096336,
  "lr_decay": 0.0010318695526044088
}