{
  "batch_size": 26,
  "hl_mlp": 1,
  "latent_size_mlp": 68,
  "lr": 0.004889445076636448,
  "lr_decay": 0.4513355101477062
}