{
  "batch_size": 20,
  "hl_mlp": 1,
  "latent_size_mlp": 48,
  "lr": 0.006074444850014189,
  "lr_decay": 0.08692719416115492
}