{
  "batch_size": 17,
  "hl_mlp": 0,
  "latent_size_mlp": 48,
  "lr": 0.04374165735027476,
  "lr_decay": 0.0018641835823777963
}