{
  "batch_size": 37,
  "hl_mlp": 1,
  "latent_size_mlp": 51,
  "lr": 0.0038302401745824843,
  "lr_decay": 0.24550284151723203
}