{
  "batch_size": 15,
  "hl_mlp": 2,
  "latent_size_mlp": 44,
  "lr": 0.06900342043520898,
  "lr_decay": 0.014505224621408968
}