{
  "alpha": 1.277044354163171,
  "length_scale": 0.029984395590022243
}