{
  "batch_size": 30,
  "hl_mlp": 1,
  "latent_size_mlp": 41,
  "lr": 0.0034799243478579023,
  "lr_decay": 0.0006102666495504952
}