{
  "alpha": 0.039962678035916945,
  "length_scale": 1.489236886602149
}