{
  "max_depth": 4.1745277610782585,
  "min_samples_leaf": 8.730309435955661
}