{
  "batch_size": 27,
  "hl_mlp": 2,
  "latent_size_mlp": 54,
  "lr": 0.0031616836573856604,
  "lr_decay": 0.10966880998827985
}