{
  "batch_size": 23,
  "hl_mlp": 1,
  "latent_size_mlp": 46,
  "lr": 0.0019266118707277433,
  "lr_decay": 0.0006695825797801816
}