{
  "batch_size": 22,
  "hl_mlp": 1,
  "latent_size_mlp": 58,
  "lr": 0.08512547990528521,
  "lr_decay": 0.004171874788901678
}