{
  "batch_size": 26,
  "hl_mlp": 1,
  "latent_size_mlp": 31,
  "lr": 0.166961841157545,
  "lr_decay": 0.02491991885657851
}