{
  "batch_size": 24,
  "hl_mlp": 1,
  "latent_size_mlp": 59,
  "lr": 0.011316048609978967,
  "lr_decay": 0.0013128498444158344
}