{
  "batch_size": 25,
  "hl_mlp": 1,
  "latent_size_mlp": 46,
  "lr": 0.0011009748010776278,
  "lr_decay": 0.0007061896256909479
}