{
  "batch_size": 23,
  "hl_mlp": 1,
  "latent_size_mlp": 41,
  "lr": 0.0015697764945248201,
  "lr_decay": 0.017718137205503255
}