{
  "batch_size": 23,
  "hl_mlp": 1,
  "latent_size_mlp": 45,
  "lr": 0.0006712926127413198,
  "lr_decay": 0.0010056881100671787
}