{
  "batch_size": 24,
  "hl_mlp": 1,
  "latent_size_mlp": 49,
  "lr": 0.011941283357788208,
  "lr_decay": 0.0039494200803990515
}