{
  "batch_size": 19,
  "hl_mlp": 1,
  "latent_size_mlp": 48,
  "lr": 0.0019930831041424703,
  "lr_decay": 0.04928508134375896
}