{
  "batch_size": 21,
  "hl_mlp": 1,
  "latent_size_mlp": 30,
  "lr": 0.0007865037557629851,
  "lr_decay": 0.00156950802456367
}