{
  "batch_size": 17,
  "hl_mlp": 1,
  "latent_size_mlp": 50,
  "lr": 0.030281219381700763,
  "lr_decay": 0.03241298784445746
}