{
  "batch_size": 22,
  "hl_mlp": 0,
  "latent_size_mlp": 58,
  "lr": 0.0674383367251658,
  "lr_decay": 0.0010048368939807497
}