{
  "batch_size": 22,
  "hl_mlp": 1,
  "latent_size_mlp": 57,
  "lr": 0.021455141944318537,
  "lr_decay": 0.002189838955376188
}