{
  "batch_size": 22,
  "hl_mlp": 1,
  "latent_size_mlp": 49,
  "lr": 0.0007370234759738794,
  "lr_decay": 0.00023247159670332474
}