{
  "alpha": 0.009073190379460427,
  "length_scale": 0.06538881234393372
}