{
  "batch_size": 28,
  "hl_mlp": 1,
  "latent_size_mlp": 67,
  "lr": 0.0028198668780339323,
  "lr_decay": 0.03342988543426388
}