{
  "batch_size": 15,
  "hl_mlp": 1,
  "latent_size_mlp": 43,
  "lr": 0.025651938301267267,
  "lr_decay": 0.00738221618557625
}