{
  "batch_size": 17,
  "hl_mlp": 1,
  "latent_size_mlp": 45,
  "lr": 0.021436935601846955,
  "lr_decay": 0.001771525103858367
}