{
  "batch_size": 22,
  "hl_mlp": 1,
  "latent_size_mlp": 37,
  "lr": 0.014167833340526566,
  "lr_decay": 0.007275339546778177
}