{
  "batch_size": 24,
  "hl_mlp": 2,
  "latent_size_mlp": 56,
  "lr": 0.011685845819206786,
  "lr_decay": 0.0016301299355858973
}