{
  "batch_size": 20,
  "hl_mlp": 1,
  "latent_size_mlp": 46,
  "lr": 0.011130827896961255,
  "lr_decay": 0.0013820990084573053
}