{
  "batch_size": 20,
  "hl_mlp": 1,
  "latent_size_mlp": 30,
  "lr": 0.0002589039540368804,
  "lr_decay": 0.0005618063015781662
}