{
  "batch_size": 19,
  "hl_mlp": 1,
  "latent_size_mlp": 46,
  "lr": 0.011551032721517083,
  "lr_decay": 0.0016601943594031162
}