{
  "batch_size": 22,
  "hl_mlp": 1,
  "latent_size_mlp": 42,
  "lr": 0.0015293312647854701,
  "lr_decay": 0.033902438848517
}