{
  "batch_size": 16,
  "hl_mlp": 2,
  "latent_size_mlp": 59,
  "lr": 0.05211729965047973,
  "lr_decay": 0.006560755951012496
}