{
  "batch_size": 24,
  "hl_mlp": 1,
  "latent_size_mlp": 51,
  "lr": 0.020506164645221998,
  "lr_decay": 0.004530388098159783
}