{
  "batch_size": 17,
  "hl_mlp": 1,
  "latent_size_mlp": 42,
  "lr": 0.00243615028135849,
  "lr_decay": 0.043541095800665855
}