{
  "batch_size": 24,
  "hl_mlp": 1,
  "latent_size_mlp": 59,
  "lr": 0.01296887035663002,
  "lr_decay": 0.002834868513709147
}