{
  "batch_size": 20,
  "hl_mlp": 0,
  "latent_size_mlp": 49,
  "lr": 0.021448107335204126,
  "lr_decay": 0.004046646252244926
}