{
  "batch_size": 17,
  "hl_mlp": 3,
  "latent_size_mlp": 64,
  "lr": 0.06662951652453522,
  "lr_decay": 0.011201852645722819
}