{
  "batch_size": 10,
  "hl_mlp": 1,
  "latent_size_mlp": 26,
  "lr": 0.010103997078480944,
  "lr_decay": 0.048852999431344996
}