{
  "alpha": 0.026412329367837422,
  "length_scale": 0.8831100019293867
}