{
  "batch_size": 30,
  "hl_mlp": 1,
  "latent_size_mlp": 34,
  "lr": 0.0025185324772401497,
  "lr_decay": 0.0023551650180775856
}