{
  "batch_size": 16,
  "hl_mlp": 1,
  "latent_size_mlp": 60,
  "lr": 0.0701540982667231,
  "lr_decay": 0.018387410694787512
}