{
  "max_depth": 2.240609340271311,
  "min_samples_leaf": 7.575837357610315
}