{
  "batch_size": 23,
  "hl_mlp": 2,
  "latent_size_mlp": 48,
  "lr": 0.06878449181115184,
  "lr_decay": 0.004678259084245478
}