{
  "batch_size": 23,
  "hl_mlp": 1,
  "latent_size_mlp": 41,
  "lr": 0.040131215440291974,
  "lr_decay": 0.02710500762646531
}