{
  "batch_size": 29,
  "hl_mlp": 2,
  "latent_size_mlp": 57,
  "lr": 0.010042819031643883,
  "lr_decay": 0.001407268254649373
}