{
  "batch_size": 23,
  "hl_mlp": 0,
  "latent_size_mlp": 50,
  "lr": 0.016305945709833628,
  "lr_decay": 0.0016581746347316077
}