{
  "batch_size": 19,
  "hl_mlp": 1,
  "latent_size_mlp": 49,
  "lr": 0.05354491194640594,
  "lr_decay": 0.006227961343655113
}