{
  "alpha": 0.004733398099891983,
  "length_scale": 0.8673455986608704
}