{
  "batch_size": 20,
  "hl_mlp": 2,
  "latent_size_mlp": 54,
  "lr": 0.025430857884754753,
  "lr_decay": 0.04676320463314264
}