{
  "batch_size": 20,
  "hl_mlp": 1,
  "latent_size_mlp": 48,
  "lr": 0.002839825570235675,
  "lr_decay": 0.037595651116846596
}