{
  "batch_size": 27,
  "hl_mlp": 1,
  "latent_size_mlp": 47,
  "lr": 0.0031214474470909865,
  "lr_decay": 0.04183934664469904
}