{
  "batch_size": 21,
  "hl_mlp": 1,
  "latent_size_mlp": 46,
  "lr": 0.015766446841587192,
  "lr_decay": 0.005807915768510512
}