{
  "batch_size": 23,
  "hl_mlp": 1,
  "latent_size_mlp": 55,
  "lr": 0.06612582612411545,
  "lr_decay": 0.009415794201472635
}