{
  "alpha": 0.006223856191712645,
  "length_scale": 0.7637700082600337
}