{
  "batch_size": 37,
  "hl_mlp": 1,
  "latent_size_mlp": 55,
  "lr": 0.0037190506034018365,
  "lr_decay": 0.055599593101002015
}