{
  "batch_size": 24,
  "hl_mlp": 1,
  "latent_size_mlp": 78,
  "lr": 3.066942801708627e-05,
  "lr_decay": 0.0002563418702222795
}