{
  "batch_size": 23,
  "hl_mlp": 1,
  "latent_size_mlp": 45,
  "lr": 0.002420487781095861,
  "lr_decay": 0.06942496442551421
}