{
  "batch_size": 23,
  "hl_mlp": 2,
  "latent_size_mlp": 53,
  "lr": 0.01169899913521281,
  "lr_decay": 0.001005402548094696
}