{
  "batch_size": 16,
  "hl_mlp": 1,
  "latent_size_mlp": 49,
  "lr": 0.013718228814590405,
  "lr_decay": 0.001857372278396525
}