{
  "batch_size": 23,
  "hl_mlp": 1,
  "latent_size_mlp": 49,
  "lr": 0.02797792740076264,
  "lr_decay": 0.002793572635554371
}