{
  "batch_size": 45,
  "hl_mlp": 1,
  "latent_size_mlp": 58,
  "lr": 0.008453484815060608,
  "lr_decay": 0.408083721651197
}