{
  "batch_size": 22,
  "hl_mlp": 1,
  "latent_size_mlp": 40,
  "lr": 7.025322151135954e-05,
  "lr_decay": 0.0006480876311218182
}