{
  "batch_size": 40,
  "hl_mlp": 2,
  "latent_size_mlp": 31,
  "lr": 0.05777250717494896,
  "lr_decay": 0.05396903142569109
}