{
  "batch_size": 27,
  "hl_mlp": 1,
  "latent_size_mlp": 35,
  "lr": 0.0015743000633612642,
  "lr_decay": 0.002416498299178177
}