{
  "batch_size": 26,
  "hl_mlp": 1,
  "latent_size_mlp": 44,
  "lr": 0.02387978447914748,
  "lr_decay": 0.004242292356079885
}