{
  "batch_size": 34,
  "hl_mlp": 1,
  "latent_size_mlp": 65,
  "lr": 0.07903750771892361,
  "lr_decay": 0.08977758830106738
}