{
  "batch_size": 21,
  "hl_mlp": 2,
  "latent_size_mlp": 56,
  "lr": 0.08272920195143525,
  "lr_decay": 0.002515540676967727
}