{
  "batch_size": 23,
  "hl_mlp": 1,
  "latent_size_mlp": 59,
  "lr": 0.06312864545379358,
  "lr_decay": 0.0076179484725770975
}