{
  "batch_size": 31,
  "hl_mlp": 1,
  "latent_size_mlp": 69,
  "lr": 0.0019382213187698152,
  "lr_decay": 0.0002590939890691883
}