{
  "alpha": 0.021785894451077984,
  "length_scale": 1.1383041801673646
}