{
  "batch_size": 24,
  "hl_mlp": 1,
  "latent_size_mlp": 49,
  "lr": 0.06012274073067146,
  "lr_decay": 0.003184253874644512
}