{
  "batch_size": 23,
  "hl_mlp": 1,
  "latent_size_mlp": 52,
  "lr": 0.01611612629559359,
  "lr_decay": 0.005796576277489018
}