{
  "batch_size": 24,
  "hl_mlp": 1,
  "latent_size_mlp": 47,
  "lr": 0.005802276994100919,
  "lr_decay": 0.04519184820002679
}