{
  "batch_size": 20,
  "hl_mlp": 1,
  "latent_size_mlp": 4,
  "lr": 0.01934407998862364,
  "lr_decay": 0.02700793204178772
}