{
  "batch_size": 23,
  "hl_mlp": 0,
  "latent_size_mlp": 47,
  "lr": 0.012621782274528367,
  "lr_decay": 0.0024648965745219225
}