{
  "batch_size": 22,
  "hl_mlp": 1,
  "latent_size_mlp": 51,
  "lr": 0.02177338476387649,
  "lr_decay": 0.006243977438175782
}