{
  "batch_size": 22,
  "hl_mlp": 1,
  "latent_size_mlp": 44,
  "lr": 0.0013928631676744926,
  "lr_decay": 0.09767003155433349
}