{
  "batch_size": 29,
  "hl_mlp": 1,
  "latent_size_mlp": 21,
  "lr": 0.008487273261206345,
  "lr_decay": 0.00814832512105937
}