{
  "batch_size": 23,
  "hl_mlp": 0,
  "latent_size_mlp": 48,
  "lr": 0.017688114925482203,
  "lr_decay": 0.001954285211784965
}