{
  "batch_size": 19,
  "hl_mlp": 1,
  "latent_size_mlp": 48,
  "lr": 0.019050140318182616,
  "lr_decay": 0.0019467470810716877
}