{
  "batch_size": 23,
  "hl_mlp": 0,
  "latent_size_mlp": 52,
  "lr": 0.02811374756017027,
  "lr_decay": 0.0022808129047668683
}