{
  "batch_size": 22,
  "hl_mlp": 1,
  "latent_size_mlp": 67,
  "lr": 0.0008072660279976857,
  "lr_decay": 0.002205945439363692
}