{
  "batch_size": 23,
  "hl_mlp": 0,
  "latent_size_mlp": 50,
  "lr": 0.019790454979666867,
  "lr_decay": 0.0011103152360232061
}