{
  "batch_size": 30,
  "hl_mlp": 1,
  "latent_size_mlp": 37,
  "lr": 0.004206918076256344,
  "lr_decay": 0.0026328500947308845
}