{
  "alpha": 0.0021812240792557246,
  "length_scale": 1.2536160002057795
}