{
  "batch_size": 22,
  "hl_mlp": 1,
  "latent_size_mlp": 53,
  "lr": 0.0019975069770405097,
  "lr_decay": 0.05102518334564357
}