{
  "batch_size": 28,
  "hl_mlp": 1,
  "latent_size_mlp": 70,
  "lr": 0.003983625297780566,
  "lr_decay": 0.7002952448701479
}