{
  "batch_size": 21,
  "hl_mlp": 2,
  "latent_size_mlp": 47,
  "lr": 0.02529739220625142,
  "lr_decay": 0.011921557517589446
}