{
  "batch_size": 22,
  "hl_mlp": 1,
  "latent_size_mlp": 51,
  "lr": 0.0014351702773061214,
  "lr_decay": 0.00045086168715212897
}