{
  "batch_size": 20,
  "hl_mlp": 1,
  "latent_size_mlp": 30,
  "lr": 0.00024710406124507704,
  "lr_decay": 0.0002562294677274665
}