{
  "batch_size": 12,
  "hl_mlp": 1,
  "latent_size_mlp": 5,
  "lr": 0.0011068749350632834,
  "lr_decay": 0.0010038049471193485
}