{
  "alpha": 0.004216203074698448,
  "length_scale": 0.24050938913368608
}