{
  "alpha": 0.3665537910160527,
  "length_scale": 0.42222477423697224
}