{
  "batch_size": 22,
  "hl_mlp": 1,
  "latent_size_mlp": 48,
  "lr": 0.03145332871066121,
  "lr_decay": 0.0016416939204071427
}