{
  "batch_size": 20,
  "hl_mlp": 1,
  "latent_size_mlp": 30,
  "lr": 0.000877715210574304,
  "lr_decay": 0.005857939962255445
}