{
  "batch_size": 23,
  "hl_mlp": 1,
  "latent_size_mlp": 51,
  "lr": 0.01680899108015093,
  "lr_decay": 0.00201272794810832
}