{
  "batch_size": 23,
  "hl_mlp": 1,
  "latent_size_mlp": 18,
  "lr": 0.0038394295542252314,
  "lr_decay": 0.03041807421629309
}