{
  "batch_size": 27,
  "hl_mlp": 1,
  "latent_size_mlp": 41,
  "lr": 0.0044783322547492545,
  "lr_decay": 0.00795269254824968
}