{
  "batch_size": 19,
  "hl_mlp": 0,
  "latent_size_mlp": 12,
  "lr": 0.002791134672326565,
  "lr_decay": 0.004371209438507131
}