{
  "batch_size": 18,
  "hl_mlp": 2,
  "latent_size_mlp": 40,
  "lr": 0.12470453717963532,
  "lr_decay": 0.01676279899956965
}