{
  "batch_size": 20,
  "hl_mlp": 1,
  "latent_size_mlp": 43,
  "lr": 0.0026571499447124395,
  "lr_decay": 0.02855822626583057
}