{
  "batch_size": 21,
  "hl_mlp": 1,
  "latent_size_mlp": 46,
  "lr": 0.024487171255122255,
  "lr_decay": 0.06665261997600976
}