{
  "batch_size": 21,
  "hl_mlp": 1,
  "latent_size_mlp": 49,
  "lr": 0.016471868958508804,
  "lr_decay": 0.007614100420563446
}