{
  "batch_size": 23,
  "hl_mlp": 2,
  "latent_size_mlp": 52,
  "lr": 0.01239717073122341,
  "lr_decay": 0.0013628869115866306
}