{
  "batch_size": 22,
  "hl_mlp": 2,
  "latent_size_mlp": 58,
  "lr": 0.0394538625483904,
  "lr_decay": 0.07863937472657907
}