{
  "C": 1.8047168435961651,
  "epsilon": 0.011627452583378457
}