{
  "batch_size": 20,
  "hl_mlp": 1,
  "latent_size_mlp": 49,
  "lr": 0.020500939555663174,
  "lr_decay": 0.0028898586720064053
}