{
  "batch_size": 22,
  "hl_mlp": 0,
  "latent_size_mlp": 47,
  "lr": 0.015799088380796814,
  "lr_decay": 0.0033553812928255955
}