{
  "batch_size": 17,
  "hl_mlp": 1,
  "latent_size_mlp": 51,
  "lr": 0.01775524035869666,
  "lr_decay": 0.006734782181969982
}