{
  "batch_size": 35,
  "hl_mlp": 1,
  "latent_size_mlp": 54,
  "lr": 0.0021567859727556664,
  "lr_decay": 0.8251807368424864
}