{
  "batch_size": 22,
  "hl_mlp": 1,
  "latent_size_mlp": 47,
  "lr": 0.08442041959961893,
  "lr_decay": 0.01546035047374116
}