{
  "batch_size": 22,
  "hl_mlp": 1,
  "latent_size_mlp": 47,
  "lr": 0.0028546884654262936,
  "lr_decay": 0.06319349303193339
}