{
  "batch_size": 21,
  "hl_mlp": 2,
  "latent_size_mlp": 49,
  "lr": 0.011154503668072357,
  "lr_decay": 0.0011331202092829174
}