{
  "batch_size": 21,
  "hl_mlp": 1,
  "latent_size_mlp": 46,
  "lr": 0.011713982360716479,
  "lr_decay": 0.0019917417183233825
}