{
  "batch_size": 23,
  "hl_mlp": 1,
  "latent_size_mlp": 43,
  "lr": 0.005392518397599825,
  "lr_decay": 0.027999032777905563
}