{
  "batch_size": 22,
  "hl_mlp": 1,
  "latent_size_mlp": 42,
  "lr": 0.025697648756077534,
  "lr_decay": 0.002662994382482645
}