{
  "batch_size": 22,
  "hl_mlp": 0,
  "latent_size_mlp": 58,
  "lr": 0.027346600335156464,
  "lr_decay": 0.001071796393570217
}