{
  "alpha": 0.0035531037697368955,
  "length_scale": 3.5483357651264615
}