{
  "batch_size": 23,
  "hl_mlp": 0,
  "latent_size_mlp": 54,
  "lr": 0.018027000278418855,
  "lr_decay": 0.0012560893670847052
}