{
  "batch_size": 22,
  "hl_mlp": 1,
  "latent_size_mlp": 52,
  "lr": 0.08632797627515688,
  "lr_decay": 0.011894504067529026
}