{
  "batch_size": 22,
  "hl_mlp": 1,
  "latent_size_mlp": 40,
  "lr": 0.048169318544674336,
  "lr_decay": 0.024826025444847914
}