{
  "batch_size": 24,
  "hl_mlp": 0,
  "latent_size_mlp": 51,
  "lr": 0.02335140784870712,
  "lr_decay": 0.012911805338825199
}