{
  "batch_size": 20,
  "hl_mlp": 1,
  "latent_size_mlp": 51,
  "lr": 0.022505882112481605,
  "lr_decay": 0.0070384977021704575
}