{
  "alpha": 0.0021512083493597754,
  "length_scale": 1.2364709604365727
}