{
  "batch_size": 22,
  "hl_mlp": 0,
  "latent_size_mlp": 48,
  "lr": 0.019418347819602135,
  "lr_decay": 0.002680809077864464
}