{
  "batch_size": 29,
  "hl_mlp": 1,
  "latent_size_mlp": 62,
  "lr": 0.007272485160209116,
  "lr_decay": 0.9940391585089555
}