{
  "batch_size": 20,
  "hl_mlp": 1,
  "latent_size_mlp": 45,
  "lr": 0.0032865140017713512,
  "lr_decay": 0.006739129640183802
}