{
  "batch_size": 21,
  "hl_mlp": 0,
  "latent_size_mlp": 23,
  "lr": 0.001456445162997658,
  "lr_decay": 0.0010309847610571186
}