{
  "batch_size": 25,
  "hl_mlp": 1,
  "latent_size_mlp": 48,
  "lr": 0.09460028249984681,
  "lr_decay": 0.029344610115342815
}