{
  "batch_size": 17,
  "hl_mlp": 0,
  "latent_size_mlp": 46,
  "lr": 0.0551312771201363,
  "lr_decay": 0.003146843735635481
}