{
  "batch_size": 22,
  "hl_mlp": 0,
  "latent_size_mlp": 54,
  "lr": 0.01319147053159905,
  "lr_decay": 0.0018866096935138666
}