{
  "batch_size": 17,
  "hl_mlp": 1,
  "latent_size_mlp": 71,
  "lr": 0.0013741204373203218,
  "lr_decay": 0.014472387718362208
}