{
  "batch_size": 28,
  "hl_mlp": 1,
  "latent_size_mlp": 24,
  "lr": 0.00133885119132636,
  "lr_decay": 0.0967575366843572
}