{
  "batch_size": 49,
  "hl_mlp": 2,
  "latent_size_mlp": 30,
  "lr": 0.012081372136574373,
  "lr_decay": 0.0033831063587837756
}