{
  "batch_size": 23,
  "hl_mlp": 1,
  "latent_size_mlp": 26,
  "lr": 0.006000542822967981,
  "lr_decay": 0.039633629527205616
}