{
  "batch_size": 21,
  "hl_mlp": 1,
  "latent_size_mlp": 45,
  "lr": 0.0027418062912462297,
  "lr_decay": 0.0017303525750326856
}