{
  "batch_size": 24,
  "hl_mlp": 1,
  "latent_size_mlp": 41,
  "lr": 0.01866637399194763,
  "lr_decay": 0.0473681966165241
}