{
  "batch_size": 21,
  "hl_mlp": 2,
  "latent_size_mlp": 51,
  "lr": 0.010875900554996614,
  "lr_decay": 0.00165900719728415
}