{
  "batch_size": 22,
  "hl_mlp": 1,
  "latent_size_mlp": 43,
  "lr": 0.039034333574764636,
  "lr_decay": 0.04499536006049144
}