{
  "batch_size": 26,
  "hl_mlp": 1,
  "latent_size_mlp": 76,
  "lr": 0.0024849675905845824,
  "lr_decay": 0.00013018256486764632
}