{
  "batch_size": 21,
  "hl_mlp": 1,
  "latent_size_mlp": 53,
  "lr": 0.012750208811628727,
  "lr_decay": 0.0015331719967072552
}