{
  "batch_size": 25,
  "hl_mlp": 1,
  "latent_size_mlp": 41,
  "lr": 0.001562143861472698,
  "lr_decay": 0.0010360251901145247
}