{
  "batch_size": 23,
  "hl_mlp": 2,
  "latent_size_mlp": 53,
  "lr": 0.012873217137483203,
  "lr_decay": 0.0012825275267210666
}