{
  "batch_size": 23,
  "hl_mlp": 1,
  "latent_size_mlp": 44,
  "lr": 0.0013954706033297698,
  "lr_decay": 0.05925177364587923
}