{
  "batch_size": 21,
  "hl_mlp": 1,
  "latent_size_mlp": 27,
  "lr": 0.060843200981065534,
  "lr_decay": 0.006962920011901487
}