{
  "batch_size": 20,
  "hl_mlp": 1,
  "latent_size_mlp": 47,
  "lr": 0.02205215613401119,
  "lr_decay": 0.0376803117618539
}