{
  "batch_size": 22,
  "hl_mlp": 1,
  "latent_size_mlp": 53,
  "lr": 0.002171580154074077,
  "lr_decay": 0.04754060914521128
}