{
  "C": 0.1377383354431673,
  "epsilon": 0.15313653027908708
}