{
  "batch_size": 23,
  "hl_mlp": 1,
  "latent_size_mlp": 47,
  "lr": 0.008688913466102201,
  "lr_decay": 0.002621704568637697
}