{
  "batch_size": 25,
  "hl_mlp": 1,
  "latent_size_mlp": 44,
  "lr": 0.006387506446306772,
  "lr_decay": 0.05025545166401101
}