{
  "batch_size": 16,
  "hl_mlp": 1,
  "latent_size_mlp": 45,
  "lr": 0.004901026824516725,
  "lr_decay": 0.007339069739152272
}