{
  "batch_size": 23,
  "hl_mlp": 1,
  "latent_size_mlp": 43,
  "lr": 0.004438605202240344,
  "lr_decay": 0.036885821853221444
}