{
  "batch_size": 24,
  "hl_mlp": 1,
  "latent_size_mlp": 46,
  "lr": 0.0010531758658596927,
  "lr_decay": 0.0008100434979005929
}