{
  "batch_size": 21,
  "hl_mlp": 1,
  "latent_size_mlp": 41,
  "lr": 0.03112561176912963,
  "lr_decay": 0.0617759282732401
}