{
  "batch_size": 30,
  "hl_mlp": 1,
  "latent_size_mlp": 36,
  "lr": 0.001691251326047218,
  "lr_decay": 0.002165657404284079
}