{
  "batch_size": 22,
  "hl_mlp": 1,
  "latent_size_mlp": 46,
  "lr": 0.014128392964653604,
  "lr_decay": 0.0015905583134850005
}