{
  "batch_size": 31,
  "hl_mlp": 1,
  "latent_size_mlp": 54,
  "lr": 0.002439606059354204,
  "lr_decay": 0.7495325650874061
}