{
  "alpha": 0.0309519946881802,
  "length_scale": 2.489509178611477
}