{
  "batch_size": 19,
  "hl_mlp": 0,
  "latent_size_mlp": 47,
  "lr": 0.043796399644622,
  "lr_decay": 0.020550871908390233
}