{
  "batch_size": 20,
  "hl_mlp": 1,
  "latent_size_mlp": 31,
  "lr": 0.00016367203107171423,
  "lr_decay": 0.0005421182938784597
}