{
  "batch_size": 24,
  "hl_mlp": 1,
  "latent_size_mlp": 50,
  "lr": 0.0224935011797218,
  "lr_decay": 0.0037010084404436056
}