{
  "batch_size": 24,
  "hl_mlp": 2,
  "latent_size_mlp": 35,
  "lr": 0.0037871223836366892,
  "lr_decay": 0.00662813151818141
}