{
  "batch_size": 29,
  "hl_mlp": 1,
  "latent_size_mlp": 40,
  "lr": 0.0006640735377229202,
  "lr_decay": 0.00024212872191061824
}