{
  "batch_size": 23,
  "hl_mlp": 0,
  "latent_size_mlp": 45,
  "lr": 0.034801033969989785,
  "lr_decay": 0.001795608198923176
}