{
  "batch_size": 23,
  "hl_mlp": 1,
  "latent_size_mlp": 42,
  "lr": 0.005477652248398274,
  "lr_decay": 0.02500346287844253
}