{
  "batch_size": 21,
  "hl_mlp": 1,
  "latent_size_mlp": 40,
  "lr": 0.016625399545619847,
  "lr_decay": 0.006057789873477763
}