{
  "batch_size": 34,
  "hl_mlp": 1,
  "latent_size_mlp": 38,
  "lr": 0.060823454918303564,
  "lr_decay": 0.11246255699536285
}