{
  "batch_size": 24,
  "hl_mlp": 2,
  "latent_size_mlp": 59,
  "lr": 0.01380068063280764,
  "lr_decay": 0.0017390859663389167
}