{
  "batch_size": 22,
  "hl_mlp": 1,
  "latent_size_mlp": 44,
  "lr": 0.08058434780233505,
  "lr_decay": 0.010432189155887452
}