{
  "batch_size": 27,
  "hl_mlp": 1,
  "latent_size_mlp": 47,
  "lr": 0.012998220206563384,
  "lr_decay": 0.009216263014337927
}