{
  "batch_size": 22,
  "hl_mlp": 1,
  "latent_size_mlp": 55,
  "lr": 0.016919828622043456,
  "lr_decay": 0.0031162357038678626
}