{
  "batch_size": 22,
  "hl_mlp": 1,
  "latent_size_mlp": 44,
  "lr": 0.019764205001964078,
  "lr_decay": 0.007458019429616501
}