{
  "batch_size": 23,
  "hl_mlp": 0,
  "latent_size_mlp": 52,
  "lr": 0.03610366898140806,
  "lr_decay": 0.0015173735607950216
}