{
  "batch_size": 25,
  "hl_mlp": 1,
  "latent_size_mlp": 38,
  "lr": 0.001390035330573049,
  "lr_decay": 0.0005191549437356209
}