{
  "batch_size": 22,
  "hl_mlp": 1,
  "latent_size_mlp": 41,
  "lr": 0.05973443496772219,
  "lr_decay": 0.019744997163677263
}