{
  "max_depth": 4.373760697732073,
  "min_samples_leaf": 2.5272309634845667
}