{
  "batch_size": 29,
  "hl_mlp": 1,
  "latent_size_mlp": 47,
  "lr": 0.07454823097538946,
  "lr_decay": 0.008031763228321968
}