{
  "batch_size": 23,
  "hl_mlp": 2,
  "latent_size_mlp": 58,
  "lr": 0.023592892684928396,
  "lr_decay": 0.0013540707946326715
}