{
  "batch_size": 17,
  "hl_mlp": 0,
  "latent_size_mlp": 53,
  "lr": 0.019110297796273178,
  "lr_decay": 0.025293464244566344
}