{
  "batch_size": 18,
  "hl_mlp": 2,
  "latent_size_mlp": 58,
  "lr": 0.016074688310808858,
  "lr_decay": 0.0010819246924639256
}