{
  "batch_size": 21,
  "hl_mlp": 1,
  "latent_size_mlp": 14,
  "lr": 0.007985387258431852,
  "lr_decay": 0.03451257900990387
}