{
  "batch_size": 42,
  "hl_mlp": 1,
  "latent_size_mlp": 71,
  "lr": 0.0980356858199017,
  "lr_decay": 0.007104069276800211
}