{
  "batch_size": 25,
  "hl_mlp": 1,
  "latent_size_mlp": 75,
  "lr": 0.00013638450792874472,
  "lr_decay": 0.000255545787422676
}