{
  "batch_size": 35,
  "hl_mlp": 1,
  "latent_size_mlp": 43,
  "lr": 0.0019877965651327414,
  "lr_decay": 0.002318900602689989
}