{
  "C": 0.9176235029681483,
  "epsilon": 0.011439632101911826
}