{
  "batch_size": 21,
  "hl_mlp": 1,
  "latent_size_mlp": 46,
  "lr": 0.012391284447992885,
  "lr_decay": 0.03408100292460686
}