{
  "batch_size": 20,
  "hl_mlp": 1,
  "latent_size_mlp": 48,
  "lr": 0.01758278702047601,
  "lr_decay": 0.039585764945190366
}