{
  "batch_size": 23,
  "hl_mlp": 0,
  "latent_size_mlp": 50,
  "lr": 0.01443348188186348,
  "lr_decay": 0.012961387323251168
}