{
  "batch_size": 12,
  "hl_mlp": 1,
  "latent_size_mlp": 37,
  "lr": 0.0010051779393108204,
  "lr_decay": 0.0037599063954147625
}