{
  "batch_size": 24,
  "hl_mlp": 1,
  "latent_size_mlp": 45,
  "lr": 0.005078624762913904,
  "lr_decay": 0.04518565883108293
}