{
  "batch_size": 21,
  "hl_mlp": 1,
  "latent_size_mlp": 49,
  "lr": 0.0023043434283414282,
  "lr_decay": 0.02217664161401243
}