{
  "batch_size": 23,
  "hl_mlp": 0,
  "latent_size_mlp": 45,
  "lr": 0.015438384838056133,
  "lr_decay": 0.0035768953939029017
}