{
  "batch_size": 24,
  "hl_mlp": 1,
  "latent_size_mlp": 42,
  "lr": 0.0011962427374967415,
  "lr_decay": 0.044953278509432766
}