{
  "batch_size": 21,
  "hl_mlp": 2,
  "latent_size_mlp": 49,
  "lr": 0.05823667251706759,
  "lr_decay": 0.003759498361180323
}