{
  "batch_size": 22,
  "hl_mlp": 0,
  "latent_size_mlp": 52,
  "lr": 0.045194733023316225,
  "lr_decay": 0.0014120470890032664
}