{
  "batch_size": 23,
  "hl_mlp": 0,
  "latent_size_mlp": 48,
  "lr": 0.012480786492628192,
  "lr_decay": 0.0027746321147062328
}