{
  "batch_size": 23,
  "hl_mlp": 2,
  "latent_size_mlp": 64,
  "lr": 0.0003130954481729267,
  "lr_decay": 0.00035199550115170636
}