{
  "batch_size": 25,
  "hl_mlp": 1,
  "latent_size_mlp": 58,
  "lr": 0.07029027505372618,
  "lr_decay": 0.00570958921142717
}