{
  "batch_size": 24,
  "hl_mlp": 1,
  "latent_size_mlp": 59,
  "lr": 0.027243239930846465,
  "lr_decay": 0.00234395443345904
}