{
  "batch_size": 26,
  "hl_mlp": 2,
  "latent_size_mlp": 18,
  "lr": 0.014905765209022438,
  "lr_decay": 0.004534827687573841
}