{
  "C": 2.5199444382281535,
  "epsilon": 0.024158820325228172
}