{
  "batch_size": 22,
  "hl_mlp": 2,
  "latent_size_mlp": 54,
  "lr": 0.014420978883765461,
  "lr_decay": 0.0025352929575902326
}