{
  "batch_size": 35,
  "hl_mlp": 1,
  "latent_size_mlp": 43,
  "lr": 0.0004730139122813221,
  "lr_decay": 0.0002765390108302069
}