{
  "alpha": 0.012172252024576695,
  "length_scale": 2.7033743875576777
}