{
  "batch_size": 24,
  "hl_mlp": 1,
  "latent_size_mlp": 53,
  "lr": 0.014921810876949068,
  "lr_decay": 0.00116857632150765
}