{
  "batch_size": 22,
  "hl_mlp": 1,
  "latent_size_mlp": 48,
  "lr": 0.0037067654600098153,
  "lr_decay": 0.05305103841792012
}