{
  "batch_size": 17,
  "hl_mlp": 2,
  "latent_size_mlp": 48,
  "lr": 0.05391763791935501,
  "lr_decay": 0.019421470934021405
}