{
  "batch_size": 34,
  "hl_mlp": 1,
  "latent_size_mlp": 53,
  "lr": 0.015814313914980022,
  "lr_decay": 0.2018521980651111
}