{
  "batch_size": 34,
  "hl_mlp": 1,
  "latent_size_mlp": 51,
  "lr": 0.0029938507580053735,
  "lr_decay": 0.12792927613897906
}