{
  "batch_size": 20,
  "hl_mlp": 1,
  "latent_size_mlp": 49,
  "lr": 0.01844867233975028,
  "lr_decay": 0.001178241962862511
}