{
  "alpha": 0.0050332552820951774,
  "length_scale": 1.770994523861817
}