{
  "batch_size": 24,
  "hl_mlp": 2,
  "latent_size_mlp": 57,
  "lr": 0.012739813967749205,
  "lr_decay": 0.00158264533960772
}