{
  "batch_size": 29,
  "hl_mlp": 1,
  "latent_size_mlp": 55,
  "lr": 0.02991036699482453,
  "lr_decay": 0.6773654820506904
}