{
  "batch_size": 22,
  "hl_mlp": 2,
  "latent_size_mlp": 58,
  "lr": 0.07761291894321833,
  "lr_decay": 0.0011387023849093781
}