{
  "batch_size": 41,
  "hl_mlp": 2,
  "latent_size_mlp": 70,
  "lr": 0.015826783526894296,
  "lr_decay": 0.009425473859417544
}