{
  "batch_size": 13,
  "hl_mlp": 1,
  "latent_size_mlp": 41,
  "lr": 0.0011812617895061565,
  "lr_decay": 0.026614347970758827
}