{
  "batch_size": 21,
  "hl_mlp": 1,
  "latent_size_mlp": 45,
  "lr": 0.01128621675481263,
  "lr_decay": 0.006058123860680083
}