{
  "batch_size": 32,
  "hl_mlp": 1,
  "latent_size_mlp": 48,
  "lr": 0.001667953060678483,
  "lr_decay": 0.00037561432666299583
}