{
  "batch_size": 20,
  "hl_mlp": 1,
  "latent_size_mlp": 48,
  "lr": 0.0030879481450688676,
  "lr_decay": 0.08779859870952485
}