{
  "batch_size": 29,
  "hl_mlp": 1,
  "latent_size_mlp": 74,
  "lr": 0.00036898924813143734,
  "lr_decay": 0.08506406607081095
}