{
  "batch_size": 22,
  "hl_mlp": 1,
  "latent_size_mlp": 31,
  "lr": 0.002266938448669674,
  "lr_decay": 0.04906997916840056
}