{
  "batch_size": 24,
  "hl_mlp": 1,
  "latent_size_mlp": 40,
  "lr": 0.012936139985171232,
  "lr_decay": 0.001091256255841218
}