{
  "alpha": 0.012748161396857343,
  "length_scale": 9.613549834689348
}