{
  "batch_size": 20,
  "hl_mlp": 1,
  "latent_size_mlp": 42,
  "lr": 0.01908584274349853,
  "lr_decay": 0.0396237962472718
}