{
  "batch_size": 17,
  "hl_mlp": 1,
  "latent_size_mlp": 57,
  "lr": 0.12027539099963977,
  "lr_decay": 0.01066727717935942
}