{
  "batch_size": 24,
  "hl_mlp": 1,
  "latent_size_mlp": 49,
  "lr": 0.027429910837817196,
  "lr_decay": 0.001514785778545276
}