{
  "batch_size": 22,
  "hl_mlp": 0,
  "latent_size_mlp": 59,
  "lr": 0.020435299590321736,
  "lr_decay": 0.004553259462725159
}