{
  "batch_size": 22,
  "hl_mlp": 1,
  "latent_size_mlp": 47,
  "lr": 0.032089078037642965,
  "lr_decay": 0.0023602422491579736
}