{
  "batch_size": 39,
  "hl_mlp": 1,
  "latent_size_mlp": 55,
  "lr": 0.0021763403616026737,
  "lr_decay": 0.9978165341865431
}