{
  "batch_size": 21,
  "hl_mlp": 1,
  "latent_size_mlp": 48,
  "lr": 0.029451448338119,
  "lr_decay": 0.007874613411841397
}