{
  "batch_size": 31,
  "hl_mlp": 1,
  "latent_size_mlp": 49,
  "lr": 0.0017442724300719195,
  "lr_decay": 0.0003648704968195443
}