{
  "batch_size": 23,
  "hl_mlp": 1,
  "latent_size_mlp": 59,
  "lr": 0.01116619173528862,
  "lr_decay": 0.0042784651205816995
}