{
  "batch_size": 29,
  "hl_mlp": 1,
  "latent_size_mlp": 57,
  "lr": 0.0005180665677863755,
  "lr_decay": 0.6132112814933551
}