{
  "batch_size": 27,
  "hl_mlp": 1,
  "latent_size_mlp": 44,
  "lr": 0.0013245644105072786,
  "lr_decay": 0.001632601845188682
}