{
  "batch_size": 21,
  "hl_mlp": 1,
  "latent_size_mlp": 44,
  "lr": 0.0016773187389992538,
  "lr_decay": 0.014492723691237264
}