{
  "alpha": 0.0018718732589323229,
  "length_scale": 0.9839791538271369
}