{
  "batch_size": 17,
  "hl_mlp": 1,
  "latent_size_mlp": 50,
  "lr": 0.012259427683061493,
  "lr_decay": 0.00325624616488716
}