{
  "batch_size": 14,
  "hl_mlp": 1,
  "latent_size_mlp": 75,
  "lr": 0.0007378520491942759,
  "lr_decay": 0.8927095326298632
}