{
  "alpha": 0.34022764170177533,
  "length_scale": 4.688298603310618
}