{
  "batch_size": 23,
  "hl_mlp": 1,
  "latent_size_mlp": 59,
  "lr": 0.04129819296380835,
  "lr_decay": 0.002169669248771931
}