{
  "batch_size": 21,
  "hl_mlp": 0,
  "latent_size_mlp": 58,
  "lr": 0.021839795680647034,
  "lr_decay": 0.0015279321511508378
}