{
  "batch_size": 24,
  "hl_mlp": 1,
  "latent_size_mlp": 48,
  "lr": 0.010055104282944087,
  "lr_decay": 0.0016126938560285977
}