{
  "batch_size": 21,
  "hl_mlp": 1,
  "latent_size_mlp": 41,
  "lr": 0.0642671123721396,
  "lr_decay": 0.0136395380354217
}