{
  "batch_size": 23,
  "hl_mlp": 0,
  "latent_size_mlp": 59,
  "lr": 0.06890946113291073,
  "lr_decay": 0.0017581650143001196
}