{
  "batch_size": 22,
  "hl_mlp": 1,
  "latent_size_mlp": 53,
  "lr": 0.02405422617420354,
  "lr_decay": 0.003199650511771657
}