{
  "batch_size": 21,
  "hl_mlp": 1,
  "latent_size_mlp": 47,
  "lr": 0.018304857527182194,
  "lr_decay": 0.008962494502437208
}