{
  "batch_size": 23,
  "hl_mlp": 1,
  "latent_size_mlp": 42,
  "lr": 0.003397813972105242,
  "lr_decay": 0.05956085352570065
}