{
  "batch_size": 34,
  "hl_mlp": 1,
  "latent_size_mlp": 59,
  "lr": 0.0013176467783112085,
  "lr_decay": 0.49490882994016433
}