{
  "batch_size": 22,
  "hl_mlp": 1,
  "latent_size_mlp": 59,
  "lr": 0.09739443528503462,
  "lr_decay": 0.0011042578873377196
}