{
  "batch_size": 16,
  "hl_mlp": 1,
  "latent_size_mlp": 50,
  "lr": 0.14901221100727982,
  "lr_decay": 0.027479253636320724
}