{
  "batch_size": 28,
  "hl_mlp": 1,
  "latent_size_mlp": 18,
  "lr": 0.05191396435774711,
  "lr_decay": 0.0140062169790998
}