{
  "batch_size": 23,
  "hl_mlp": 1,
  "latent_size_mlp": 52,
  "lr": 0.07785672072624573,
  "lr_decay": 0.0020714910812031505
}