{
  "alpha": 0.0008674966671937527,
  "length_scale": 0.9541797901868757
}