{
  "alpha": 0.0010328395141049678,
  "length_scale": 1.2764906386815928
}