{
  "batch_size": 20,
  "hl_mlp": 1,
  "latent_size_mlp": 44,
  "lr": 0.003250332758231145,
  "lr_decay": 0.0747989119273227
}