{
  "C": 1.3226571879256586,
  "epsilon": 0.01269069829024749
}