{
  "batch_size": 23,
  "hl_mlp": 0,
  "latent_size_mlp": 42,
  "lr": 0.03857762010230063,
  "lr_decay": 0.0012303822574537707
}