{
  "batch_size": 38,
  "hl_mlp": 2,
  "latent_size_mlp": 66,
  "lr": 0.0033195926848487082,
  "lr_decay": 0.0165831939370748
}