{
  "batch_size": 24,
  "hl_mlp": 2,
  "latent_size_mlp": 59,
  "lr": 0.014356163631627143,
  "lr_decay": 0.0010478093247614693
}