{
  "alpha": 0.0015793475881560816,
  "length_scale": 3.2314756514353316
}