{
  "batch_size": 23,
  "hl_mlp": 1,
  "latent_size_mlp": 43,
  "lr": 0.017135012462304543,
  "lr_decay": 0.002753095909698744
}