{
  "batch_size": 24,
  "hl_mlp": 1,
  "latent_size_mlp": 49,
  "lr": 0.01960490294480702,
  "lr_decay": 0.03144210238366348
}