{
  "batch_size": 21,
  "hl_mlp": 2,
  "latent_size_mlp": 46,
  "lr": 0.031286885444672674,
  "lr_decay": 0.0015708845481049402
}