{
  "batch_size": 25,
  "hl_mlp": 1,
  "latent_size_mlp": 42,
  "lr": 0.0010877511540549369,
  "lr_decay": 0.011128430570746696
}