{
  "batch_size": 21,
  "hl_mlp": 1,
  "latent_size_mlp": 47,
  "lr": 0.018707499761648847,
  "lr_decay": 0.04045721932254867
}