{
  "C": 1.2075278174405724,
  "epsilon": 0.013058181492460543
}