{
  "batch_size": 22,
  "hl_mlp": 2,
  "latent_size_mlp": 48,
  "lr": 0.012036638275009788,
  "lr_decay": 0.030824936440516863
}