{
  "C": 0.476345435918286,
  "epsilon": 0.01599044855501222
}