{
  "batch_size": 17,
  "hl_mlp": 1,
  "latent_size_mlp": 47,
  "lr": 0.023733714015120734,
  "lr_decay": 0.006043605793483705
}