{
  "max_depth": 3.4491669372365594,
  "min_samples_leaf": 3.300679205992646
}