{
  "batch_size": 23,
  "hl_mlp": 0,
  "latent_size_mlp": 54,
  "lr": 0.012591900843521303,
  "lr_decay": 0.018230387529813742
}