{
  "batch_size": 21,
  "hl_mlp": 1,
  "latent_size_mlp": 50,
  "lr": 0.0014733745585386534,
  "lr_decay": 0.0065896795931375
}