{
  "batch_size": 44,
  "hl_mlp": 1,
  "latent_size_mlp": 57,
  "lr": 0.004686683597619227,
  "lr_decay": 0.11074759524926941
}