{
  "batch_size": 14,
  "hl_mlp": 1,
  "latent_size_mlp": 29,
  "lr": 0.04289011068844864,
  "lr_decay": 0.01695697079733783
}