{
  "max_depth": 3.749472987455776,
  "min_samples_leaf": 6.208007889612007
}