{
  "batch_size": 17,
  "hl_mlp": 1,
  "latent_size_mlp": 50,
  "lr": 0.01542477241173096,
  "lr_decay": 0.010335254879376692
}