{
  "batch_size": 27,
  "hl_mlp": 1,
  "latent_size_mlp": 45,
  "lr": 0.0001558534237820673,
  "lr_decay": 0.004220192981154059
}