{
  "batch_size": 23,
  "hl_mlp": 1,
  "latent_size_mlp": 46,
  "lr": 0.05788793639215757,
  "lr_decay": 0.0507154423572956
}