{
  "batch_size": 18,
  "hl_mlp": 1,
  "latent_size_mlp": 48,
  "lr": 0.017524286387363443,
  "lr_decay": 0.006618733992106228
}