{
  "batch_size": 22,
  "hl_mlp": 1,
  "latent_size_mlp": 45,
  "lr": 0.08163110458269347,
  "lr_decay": 0.0037319592188504833
}