{
  "batch_size": 23,
  "hl_mlp": 2,
  "latent_size_mlp": 51,
  "lr": 0.012188012126975607,
  "lr_decay": 0.04346961682648156
}