{
  "batch_size": 24,
  "hl_mlp": 1,
  "latent_size_mlp": 48,
  "lr": 0.017648432499509065,
  "lr_decay": 0.004443646111580732
}