{
  "batch_size": 34,
  "hl_mlp": 1,
  "latent_size_mlp": 34,
  "lr": 0.0002910094709590548,
  "lr_decay": 0.00022191599318291573
}