{
  "batch_size": 24,
  "hl_mlp": 1,
  "latent_size_mlp": 50,
  "lr": 0.013165676070151993,
  "lr_decay": 0.004011947079259898
}