{
  "batch_size": 23,
  "hl_mlp": 1,
  "latent_size_mlp": 52,
  "lr": 0.0159670476356339,
  "lr_decay": 0.003633731973720042
}