{
  "batch_size": 29,
  "hl_mlp": 1,
  "latent_size_mlp": 49,
  "lr": 0.022468153644034365,
  "lr_decay": 0.0010307586409839622
}