{
  "batch_size": 18,
  "hl_mlp": 1,
  "latent_size_mlp": 36,
  "lr": 0.0011691372355293692,
  "lr_decay": 0.01595165689894715
}