{
  "batch_size": 24,
  "hl_mlp": 2,
  "latent_size_mlp": 47,
  "lr": 0.018562811779579413,
  "lr_decay": 0.0012281244828051662
}