{
  "batch_size": 17,
  "hl_mlp": 1,
  "latent_size_mlp": 57,
  "lr": 0.014046681444584265,
  "lr_decay": 0.0014297364025287465
}