{
  "batch_size": 43,
  "hl_mlp": 1,
  "latent_size_mlp": 66,
  "lr": 0.0009697824855684873,
  "lr_decay": 0.03795598067814837
}