{
  "batch_size": 23,
  "hl_mlp": 0,
  "latent_size_mlp": 51,
  "lr": 0.03678446922384651,
  "lr_decay": 0.001571757822437941
}