{
  "batch_size": 23,
  "hl_mlp": 1,
  "latent_size_mlp": 46,
  "lr": 0.07407626053877187,
  "lr_decay": 0.04721454773946907
}