{
  "batch_size": 24,
  "hl_mlp": 1,
  "latent_size_mlp": 50,
  "lr": 0.017079766468530194,
  "lr_decay": 0.00391685588121636
}