{
  "batch_size": 28,
  "hl_mlp": 1,
  "latent_size_mlp": 38,
  "lr": 0.002477979059013464,
  "lr_decay": 0.00038987731059331177
}