{
  "batch_size": 34,
  "hl_mlp": 2,
  "latent_size_mlp": 67,
  "lr": 0.003790952139423468,
  "lr_decay": 0.0705079009651536
}