{
  "batch_size": 23,
  "hl_mlp": 1,
  "latent_size_mlp": 40,
  "lr": 0.05061716536087376,
  "lr_decay": 0.09060203559214075
}