{
  "batch_size": 10,
  "hl_mlp": 0,
  "latent_size_mlp": 15,
  "lr": 0.03550689455308934,
  "lr_decay": 0.0012681561492308923
}