{
  "batch_size": 21,
  "hl_mlp": 1,
  "latent_size_mlp": 61,
  "lr": 0.0010669608875074207,
  "lr_decay": 0.0006842593737003609
}