{
  "batch_size": 29,
  "hl_mlp": 1,
  "latent_size_mlp": 39,
  "lr": 0.00019924951399772722,
  "lr_decay": 0.00028612060613874863
}