{
  "alpha": 4.649883182147162e-05,
  "length_scale": 0.10215172435569317
}