{
  "batch_size": 24,
  "hl_mlp": 1,
  "latent_size_mlp": 43,
  "lr": 0.0041574116718663835,
  "lr_decay": 0.06104439500946793
}