{
  "batch_size": 15,
  "hl_mlp": 1,
  "latent_size_mlp": 41,
  "lr": 0.003084012643029488,
  "lr_decay": 0.04991059826867574
}