{
  "batch_size": 24,
  "hl_mlp": 2,
  "latent_size_mlp": 53,
  "lr": 0.013584281130112074,
  "lr_decay": 0.0017096385896178921
}