{
  "batch_size": 21,
  "hl_mlp": 1,
  "latent_size_mlp": 23,
  "lr": 0.0021702329770708897,
  "lr_decay": 0.03714228368544888
}