{
  "batch_size": 17,
  "hl_mlp": 1,
  "latent_size_mlp": 59,
  "lr": 0.0166700006579305,
  "lr_decay": 0.012371944251727253
}