{
  "batch_size": 23,
  "hl_mlp": 1,
  "latent_size_mlp": 38,
  "lr": 0.05019793707473747,
  "lr_decay": 0.02465467406703423
}