{
  "batch_size": 34,
  "hl_mlp": 1,
  "latent_size_mlp": 58,
  "lr": 0.07540955449870304,
  "lr_decay": 0.046267787712689294
}