{
  "batch_size": 42,
  "hl_mlp": 1,
  "latent_size_mlp": 54,
  "lr": 0.00470966348522229,
  "lr_decay": 0.4900799233572833
}