{
  "C": 1.4071225312544127,
  "epsilon": 0.010148771684669426
}