{
  "batch_size": 47,
  "hl_mlp": 1,
  "latent_size_mlp": 67,
  "lr": 0.05248386103000291,
  "lr_decay": 0.005107495748166702
}