{
  "batch_size": 20,
  "hl_mlp": 1,
  "latent_size_mlp": 48,
  "lr": 0.015989411784646416,
  "lr_decay": 0.029892451908114993
}