{
  "batch_size": 35,
  "hl_mlp": 1,
  "latent_size_mlp": 53,
  "lr": 0.0035901728054999883,
  "lr_decay": 0.4682959062683817
}