{
  "batch_size": 29,
  "hl_mlp": 1,
  "latent_size_mlp": 52,
  "lr": 0.0006348751466922689,
  "lr_decay": 0.0014725602138208067
}