{
  "batch_size": 27,
  "hl_mlp": 1,
  "latent_size_mlp": 66,
  "lr": 0.0008909054756558643,
  "lr_decay": 0.005453075162901224
}