{
  "batch_size": 28,
  "hl_mlp": 1,
  "latent_size_mlp": 37,
  "lr": 0.00219254895938074,
  "lr_decay": 0.0014957893984648184
}