{
  "batch_size": 22,
  "hl_mlp": 2,
  "latent_size_mlp": 54,
  "lr": 0.018489178547624007,
  "lr_decay": 0.0011542823215186515
}