{
  "batch_size": 21,
  "hl_mlp": 0,
  "latent_size_mlp": 47,
  "lr": 0.018204254549591552,
  "lr_decay": 0.005015859722135285
}