{
  "batch_size": 28,
  "hl_mlp": 1,
  "latent_size_mlp": 43,
  "lr": 0.016866990382649615,
  "lr_decay": 0.029602778606629077
}