{
  "batch_size": 28,
  "hl_mlp": 1,
  "latent_size_mlp": 67,
  "lr": 0.0035217941618706982,
  "lr_decay": 0.0008226413139459275
}