{
  "batch_size": 23,
  "hl_mlp": 1,
  "latent_size_mlp": 40,
  "lr": 0.03927477034637499,
  "lr_decay": 0.029097261728849418
}