{
  "batch_size": 20,
  "hl_mlp": 1,
  "latent_size_mlp": 8,
  "lr": 0.0707741363941373,
  "lr_decay": 0.04730060001092102
}