{
  "batch_size": 26,
  "hl_mlp": 1,
  "latent_size_mlp": 75,
  "lr": 0.001219227087756735,
  "lr_decay": 0.00014970766350614852
}