{
  "batch_size": 48,
  "hl_mlp": 0,
  "latent_size_mlp": 46,
  "lr": 0.008363185699445393,
  "lr_decay": 0.0026166601603801825
}