{
  "batch_size": 25,
  "hl_mlp": 1,
  "latent_size_mlp": 55,
  "lr": 0.05955073514143692,
  "lr_decay": 0.008220197527788064
}