{
  "batch_size": 24,
  "hl_mlp": 1,
  "latent_size_mlp": 49,
  "lr": 0.021042781360246187,
  "lr_decay": 0.003431966362851208
}