{
  "batch_size": 23,
  "hl_mlp": 1,
  "latent_size_mlp": 49,
  "lr": 4.379629573322701e-05,
  "lr_decay": 0.00039249467855206264
}