{
  "batch_size": 20,
  "hl_mlp": 1,
  "latent_size_mlp": 50,
  "lr": 0.020834221948263197,
  "lr_decay": 0.006884666076600798
}