{
  "batch_size": 24,
  "hl_mlp": 1,
  "latent_size_mlp": 59,
  "lr": 0.010454241445777033,
  "lr_decay": 0.03343953589754509
}