{
  "batch_size": 23,
  "hl_mlp": 1,
  "latent_size_mlp": 48,
  "lr": 0.06029877085944255,
  "lr_decay": 0.020912145447818855
}