{
  "batch_size": 23,
  "hl_mlp": 1,
  "latent_size_mlp": 45,
  "lr": 0.005018310259641025,
  "lr_decay": 0.010424593387016338
}