{
  "batch_size": 24,
  "hl_mlp": 1,
  "latent_size_mlp": 42,
  "lr": 0.0052709090712357584,
  "lr_decay": 0.05048650345411444
}