{
  "batch_size": 17,
  "hl_mlp": 1,
  "latent_size_mlp": 58,
  "lr": 0.011853128441112491,
  "lr_decay": 0.001618534802170664
}