{
  "batch_size": 30,
  "hl_mlp": 1,
  "latent_size_mlp": 60,
  "lr": 0.015592682223441515,
  "lr_decay": 0.07278196279932593
}