{
  "batch_size": 17,
  "hl_mlp": 1,
  "latent_size_mlp": 49,
  "lr": 0.0032148375773172716,
  "lr_decay": 0.006164861618150579
}