{
  "batch_size": 21,
  "hl_mlp": 0,
  "latent_size_mlp": 43,
  "lr": 0.015849639153853342,
  "lr_decay": 0.006252538783364293
}