{
  "batch_size": 32,
  "hl_mlp": 1,
  "latent_size_mlp": 70,
  "lr": 0.010938033688300978,
  "lr_decay": 0.460894818519887
}