{
  "batch_size": 38,
  "hl_mlp": 1,
  "latent_size_mlp": 34,
  "lr": 0.0025242933157544065,
  "lr_decay": 0.0008099050993002847
}