{
  "batch_size": 22,
  "hl_mlp": 1,
  "latent_size_mlp": 65,
  "lr": 9.82854896583561e-05,
  "lr_decay": 0.0001248072752804029
}