{
  "batch_size": 23,
  "hl_mlp": 1,
  "latent_size_mlp": 53,
  "lr": 0.017636143815297347,
  "lr_decay": 0.0060506620583442566
}