{
  "batch_size": 27,
  "hl_mlp": 0,
  "latent_size_mlp": 17,
  "lr": 0.02151056122872494,
  "lr_decay": 0.010174438560673215
}