{
  "batch_size": 25,
  "hl_mlp": 2,
  "latent_size_mlp": 47,
  "lr": 0.010249791712986324,
  "lr_decay": 0.06276435705146426
}