{
  "batch_size": 22,
  "hl_mlp": 1,
  "latent_size_mlp": 47,
  "lr": 0.05035257777955264,
  "lr_decay": 0.0014092265776873049
}