{
  "C": 1.9804257426090202,
  "epsilon": 0.019496376646960082
}