{
  "batch_size": 31,
  "hl_mlp": 1,
  "latent_size_mlp": 39,
  "lr": 0.0021013466757431667,
  "lr_decay": 0.0005849385011900947
}