{
  "batch_size": 24,
  "hl_mlp": 1,
  "latent_size_mlp": 76,
  "lr": 0.00040990767606113464,
  "lr_decay": 0.00021282447512572416
}