{
  "batch_size": 17,
  "hl_mlp": 1,
  "latent_size_mlp": 50,
  "lr": 0.013456390563069747,
  "lr_decay": 0.0012668270816321289
}