{
  "batch_size": 27,
  "hl_mlp": 1,
  "latent_size_mlp": 59,
  "lr": 0.10213956825920702,
  "lr_decay": 0.007712002465925638
}