{
  "batch_size": 24,
  "hl_mlp": 1,
  "latent_size_mlp": 39,
  "lr": 0.0024251896079731288,
  "lr_decay": 0.06327970567769294
}