{
  "batch_size": 36,
  "hl_mlp": 1,
  "latent_size_mlp": 37,
  "lr": 0.005867400603197953,
  "lr_decay": 0.0027706986440942517
}