{
  "batch_size": 25,
  "hl_mlp": 1,
  "latent_size_mlp": 41,
  "lr": 0.002451425705364251,
  "lr_decay": 0.058049491604422465
}