{
  "batch_size": 20,
  "hl_mlp": 1,
  "latent_size_mlp": 51,
  "lr": 0.029169313136950994,
  "lr_decay": 0.003065995974969164
}