{
  "batch_size": 23,
  "hl_mlp": 1,
  "latent_size_mlp": 45,
  "lr": 0.0021198698113775237,
  "lr_decay": 0.0058390224081707
}