{
  "batch_size": 19,
  "hl_mlp": 1,
  "latent_size_mlp": 59,
  "lr": 0.020651411300370282,
  "lr_decay": 0.001682696411026578
}