{
  "batch_size": 18,
  "hl_mlp": 1,
  "latent_size_mlp": 47,
  "lr": 0.02001908550031764,
  "lr_decay": 0.0011238882154221215
}