{
  "batch_size": 24,
  "hl_mlp": 1,
  "latent_size_mlp": 50,
  "lr": 0.010580537957103685,
  "lr_decay": 0.0983785536026815
}