{
  "batch_size": 25,
  "hl_mlp": 1,
  "latent_size_mlp": 54,
  "lr": 0.0006647346223192943,
  "lr_decay": 0.0046543164213892685
}