{
  "batch_size": 27,
  "hl_mlp": 2,
  "latent_size_mlp": 65,
  "lr": 0.0004233885468456544,
  "lr_decay": 0.00561216078791215
}