{
  "batch_size": 22,
  "hl_mlp": 1,
  "latent_size_mlp": 46,
  "lr": 0.010595759321386594,
  "lr_decay": 0.030471459650271177
}