{
  "batch_size": 16,
  "hl_mlp": 1,
  "latent_size_mlp": 47,
  "lr": 0.09464346191778783,
  "lr_decay": 0.02176393597794154
}