{
  "C": 0.823655540984827,
  "epsilon": 0.014168784058484249
}