{
  "batch_size": 25,
  "hl_mlp": 1,
  "latent_size_mlp": 39,
  "lr": 0.004112833393222236,
  "lr_decay": 0.031149889544878663
}