{
  "batch_size": 25,
  "hl_mlp": 1,
  "latent_size_mlp": 48,
  "lr": 0.0034250358823143595,
  "lr_decay": 0.04046829996786726
}