{
  "batch_size": 21,
  "hl_mlp": 2,
  "latent_size_mlp": 47,
  "lr": 0.043764049838466205,
  "lr_decay": 0.0013810623549112056
}