{
  "batch_size": 24,
  "hl_mlp": 1,
  "latent_size_mlp": 44,
  "lr": 0.002163978634459553,
  "lr_decay": 0.05556572645389954
}