{
  "batch_size": 24,
  "hl_mlp": 0,
  "latent_size_mlp": 48,
  "lr": 0.016220599130169874,
  "lr_decay": 0.014095442285334532
}