{
  "batch_size": 21,
  "hl_mlp": 0,
  "latent_size_mlp": 54,
  "lr": 0.010013672465968172,
  "lr_decay": 0.09869532675170821
}