{
  "batch_size": 22,
  "hl_mlp": 1,
  "latent_size_mlp": 42,
  "lr": 0.04874634806078343,
  "lr_decay": 0.008460888699795943
}