{
  "batch_size": 25,
  "hl_mlp": 1,
  "latent_size_mlp": 74,
  "lr": 0.0010371466054963808,
  "lr_decay": 0.00015025094352652386
}