{
  "batch_size": 24,
  "hl_mlp": 1,
  "latent_size_mlp": 54,
  "lr": 0.015301490226121489,
  "lr_decay": 0.004377423747846968
}