{
  "batch_size": 35,
  "hl_mlp": 1,
  "latent_size_mlp": 49,
  "lr": 0.0032894773302192155,
  "lr_decay": 0.6499823796358224
}