{
  "batch_size": 31,
  "hl_mlp": 1,
  "latent_size_mlp": 47,
  "lr": 0.0023543760312441514,
  "lr_decay": 0.010741109862477182
}