{
  "batch_size": 17,
  "hl_mlp": 3,
  "latent_size_mlp": 63,
  "lr": 0.09836852942579923,
  "lr_decay": 0.010780997157888647
}