{
  "batch_size": 18,
  "hl_mlp": 1,
  "latent_size_mlp": 57,
  "lr": 0.06500828699251032,
  "lr_decay": 0.013880030760288205
}