{
  "batch_size": 29,
  "hl_mlp": 1,
  "latent_size_mlp": 73,
  "lr": 0.0007795010928895263,
  "lr_decay": 0.971852970843039
}