{
  "batch_size": 36,
  "hl_mlp": 1,
  "latent_size_mlp": 36,
  "lr": 0.0018703714384081824,
  "lr_decay": 0.01596259259629324
}