{
  "batch_size": 23,
  "hl_mlp": 0,
  "latent_size_mlp": 50,
  "lr": 0.016516456471218088,
  "lr_decay": 0.0017115739687659848
}