{
  "batch_size": 46,
  "hl_mlp": 1,
  "latent_size_mlp": 36,
  "lr": 0.005252238833052065,
  "lr_decay": 0.08253613787037214
}