{
  "batch_size": 20,
  "hl_mlp": 1,
  "latent_size_mlp": 17,
  "lr": 0.01275866955614337,
  "lr_decay": 0.0024790327348967775
}