{
  "batch_size": 22,
  "hl_mlp": 1,
  "latent_size_mlp": 47,
  "lr": 0.019158460989446412,
  "lr_decay": 0.033384663940919046
}