{
  "batch_size": 18,
  "hl_mlp": 1,
  "latent_size_mlp": 51,
  "lr": 0.030064142192617094,
  "lr_decay": 0.011949534956797165
}