{
  "batch_size": 47,
  "hl_mlp": 2,
  "latent_size_mlp": 49,
  "lr": 0.0015121356867402928,
  "lr_decay": 0.04339596983836511
}