{
  "alpha": 0.027298300513985317,
  "length_scale": 1.247399090814595
}