{
  "batch_size": 22,
  "hl_mlp": 1,
  "latent_size_mlp": 48,
  "lr": 0.011994173619641665,
  "lr_decay": 0.011459126083389603
}