{
  "batch_size": 25,
  "hl_mlp": 1,
  "latent_size_mlp": 72,
  "lr": 0.0006267474591317502,
  "lr_decay": 0.0018740483620087788
}