{
  "batch_size": 24,
  "hl_mlp": 0,
  "latent_size_mlp": 47,
  "lr": 0.04411481321518492,
  "lr_decay": 0.0030597083159918477
}