{
  "batch_size": 22,
  "hl_mlp": 1,
  "latent_size_mlp": 53,
  "lr": 0.08710164892260075,
  "lr_decay": 0.011147817861056663
}