{
  "batch_size": 32,
  "hl_mlp": 1,
  "latent_size_mlp": 42,
  "lr": 0.0019022105056336332,
  "lr_decay": 0.006743429926579585
}