{
  "batch_size": 26,
  "hl_mlp": 1,
  "latent_size_mlp": 47,
  "lr": 0.00017007332038868384,
  "lr_decay": 0.0007239705357684495
}