{
  "alpha": 0.0020837688122645045,
  "length_scale": 0.9824255061832223
}