{
  "batch_size": 32,
  "hl_mlp": 1,
  "latent_size_mlp": 37,
  "lr": 0.0013669229178697308,
  "lr_decay": 0.0018912062640778643
}