{
  "batch_size": 25,
  "hl_mlp": 2,
  "latent_size_mlp": 45,
  "lr": 0.002393780365757945,
  "lr_decay": 0.04482366040825294
}