{
  "batch_size": 25,
  "hl_mlp": 1,
  "latent_size_mlp": 39,
  "lr": 0.0004367118411199962,
  "lr_decay": 0.0011965555890350705
}