{
  "batch_size": 33,
  "hl_mlp": 1,
  "latent_size_mlp": 61,
  "lr": 0.05512416466528364,
  "lr_decay": 0.43324882532982656
}