{
  "batch_size": 20,
  "hl_mlp": 1,
  "latent_size_mlp": 46,
  "lr": 0.003579053657005645,
  "lr_decay": 0.04800548947336029
}