{
  "batch_size": 23,
  "hl_mlp": 1,
  "latent_size_mlp": 47,
  "lr": 0.012747096236005083,
  "lr_decay": 0.004641522433485614
}