{
  "batch_size": 23,
  "hl_mlp": 1,
  "latent_size_mlp": 53,
  "lr": 0.02606719064345364,
  "lr_decay": 0.001535079685249962
}