{
  "batch_size": 22,
  "hl_mlp": 1,
  "latent_size_mlp": 41,
  "lr": 0.02666835670656871,
  "lr_decay": 0.033620556933116615
}