{
  "batch_size": 22,
  "hl_mlp": 1,
  "latent_size_mlp": 59,
  "lr": 0.014068532952059834,
  "lr_decay": 0.0013335161333775294
}