{
  "batch_size": 25,
  "hl_mlp": 1,
  "latent_size_mlp": 44,
  "lr": 0.028643530685422254,
  "lr_decay": 0.006183216266983658
}