{
  "batch_size": 19,
  "hl_mlp": 1,
  "latent_size_mlp": 48,
  "lr": 0.0028762020586855326,
  "lr_decay": 0.011235861191345368
}