{
  "alpha": 0.01726331577402957,
  "length_scale": 1.4438853959463305
}