{
  "batch_size": 26,
  "hl_mlp": 1,
  "latent_size_mlp": 76,
  "lr": 0.0003475180568323779,
  "lr_decay": 0.00022598941380278938
}