{
  "alpha": 0.0009020550771145098,
  "length_scale": 0.8811348093714039
}