{
  "batch_size": 22,
  "hl_mlp": 1,
  "latent_size_mlp": 48,
  "lr": 0.015895058497059692,
  "lr_decay": 0.04630844256833546
}