{
  "batch_size": 24,
  "hl_mlp": 2,
  "latent_size_mlp": 56,
  "lr": 0.013236304554676748,
  "lr_decay": 0.00125813576505767
}