{
  "batch_size": 26,
  "hl_mlp": 2,
  "latent_size_mlp": 68,
  "lr": 0.0010298707142208303,
  "lr_decay": 0.00023300272358907698
}