{
  "batch_size": 23,
  "hl_mlp": 1,
  "latent_size_mlp": 45,
  "lr": 0.0018204743030266755,
  "lr_decay": 0.05126584671880037
}