{
  "batch_size": 23,
  "hl_mlp": 0,
  "latent_size_mlp": 58,
  "lr": 0.013455234967536095,
  "lr_decay": 0.016213051458603862
}