{
  "batch_size": 29,
  "hl_mlp": 1,
  "latent_size_mlp": 60,
  "lr": 0.0025297273871606545,
  "lr_decay": 0.0013035490604076654
}