{
  "batch_size": 20,
  "hl_mlp": 1,
  "latent_size_mlp": 47,
  "lr": 0.016500882485056004,
  "lr_decay": 0.0436962054947524
}