{
  "batch_size": 22,
  "hl_mlp": 2,
  "latent_size_mlp": 52,
  "lr": 0.011215337732216434,
  "lr_decay": 0.002571357357970231
}