{
  "batch_size": 25,
  "hl_mlp": 1,
  "latent_size_mlp": 40,
  "lr": 0.00136970262614908,
  "lr_decay": 0.0025396521875986782
}