{
  "batch_size": 20,
  "hl_mlp": 1,
  "latent_size_mlp": 37,
  "lr": 0.00012197121828305584,
  "lr_decay": 0.0016132479100359732
}