{
  "batch_size": 25,
  "hl_mlp": 0,
  "latent_size_mlp": 46,
  "lr": 0.019921577465846926,
  "lr_decay": 0.091846984789171
}