{
  "batch_size": 22,
  "hl_mlp": 1,
  "latent_size_mlp": 52,
  "lr": 0.01234591156496861,
  "lr_decay": 0.00113312629397235
}