{
  "batch_size": 19,
  "hl_mlp": 0,
  "latent_size_mlp": 49,
  "lr": 0.03338635094311364,
  "lr_decay": 0.00463479474223428
}