{
  "batch_size": 22,
  "hl_mlp": 0,
  "latent_size_mlp": 52,
  "lr": 0.030470573264136224,
  "lr_decay": 0.0012623744289101482
}