{
  "batch_size": 20,
  "hl_mlp": 1,
  "latent_size_mlp": 65,
  "lr": 0.0012735695819595149,
  "lr_decay": 0.005932789172347342
}