{
  "batch_size": 23,
  "hl_mlp": 1,
  "latent_size_mlp": 46,
  "lr": 0.009671355316604945,
  "lr_decay": 0.02815172056561502
}