{
  "batch_size": 16,
  "hl_mlp": 1,
  "latent_size_mlp": 59,
  "lr": 0.01631383863153807,
  "lr_decay": 0.0033541750151928804
}