{
  "batch_size": 21,
  "hl_mlp": 0,
  "latent_size_mlp": 58,
  "lr": 0.039435031839272314,
  "lr_decay": 0.0031743253645938395
}