{
  "alpha": 1.1637838823010442,
  "length_scale": 0.05378751532020677
}