{
  "batch_size": 23,
  "hl_mlp": 2,
  "latent_size_mlp": 61,
  "lr": 0.06702174904434993,
  "lr_decay": 0.012204797867932575
}