{
  "batch_size": 27,
  "hl_mlp": 2,
  "latent_size_mlp": 78,
  "lr": 0.012208518443857192,
  "lr_decay": 0.010982950219028356
}