{
  "batch_size": 22,
  "hl_mlp": 1,
  "latent_size_mlp": 47,
  "lr": 0.026007851654865306,
  "lr_decay": 0.0019027959545077117
}