{
  "batch_size": 22,
  "hl_mlp": 1,
  "latent_size_mlp": 52,
  "lr": 0.011425527877673685,
  "lr_decay": 0.0015310708263761613
}