{
  "batch_size": 48,
  "hl_mlp": 2,
  "latent_size_mlp": 35,
  "lr": 0.0072857682933390846,
  "lr_decay": 0.0035413454124933364
}