{
  "batch_size": 23,
  "hl_mlp": 1,
  "latent_size_mlp": 54,
  "lr": 0.01611738251771376,
  "lr_decay": 0.002311940380780437
}