{
  "batch_size": 17,
  "hl_mlp": 1,
  "latent_size_mlp": 59,
  "lr": 0.01239469054316491,
  "lr_decay": 0.02301337915064823
}