{
  "batch_size": 22,
  "hl_mlp": 1,
  "latent_size_mlp": 46,
  "lr": 0.0830953777618264,
  "lr_decay": 0.0034613701902651965
}