{
  "batch_size": 17,
  "hl_mlp": 0,
  "latent_size_mlp": 52,
  "lr": 0.014626033614769877,
  "lr_decay": 0.0010639445078057912
}