{
  "batch_size": 15,
  "hl_mlp": 1,
  "latent_size_mlp": 47,
  "lr": 0.00944448699765942,
  "lr_decay": 0.06865451908318647
}