{
  "alpha": 0.0009445480481425656,
  "length_scale": 1.3385091384336518
}