{
  "batch_size": 24,
  "hl_mlp": 2,
  "latent_size_mlp": 53,
  "lr": 0.012431211549799426,
  "lr_decay": 0.002196459191369432
}