{
  "batch_size": 23,
  "hl_mlp": 1,
  "latent_size_mlp": 47,
  "lr": 0.001211752401885095,
  "lr_decay": 0.042247229240531224
}