{
  "batch_size": 23,
  "hl_mlp": 1,
  "latent_size_mlp": 46,
  "lr": 0.003677163082202809,
  "lr_decay": 0.04113949709094268
}