{
  "batch_size": 19,
  "hl_mlp": 1,
  "latent_size_mlp": 47,
  "lr": 0.05720089719178873,
  "lr_decay": 0.08581838468647503
}