{
  "alpha": 0.007253626339286837,
  "length_scale": 0.4262056869585139
}