{
  "C": 2.1423991716289437,
  "epsilon": 0.017834819281474606
}