{
  "batch_size": 15,
  "hl_mlp": 0,
  "latent_size_mlp": 59,
  "lr": 0.01319142846823777,
  "lr_decay": 0.010364737128696492
}