{
  "batch_size": 42,
  "hl_mlp": 1,
  "latent_size_mlp": 67,
  "lr": 0.03821450247493347,
  "lr_decay": 0.7133056103833942
}