{
  "batch_size": 22,
  "hl_mlp": 1,
  "latent_size_mlp": 45,
  "lr": 0.002329466210664235,
  "lr_decay": 0.04171473147177562
}