{
  "batch_size": 24,
  "hl_mlp": 1,
  "latent_size_mlp": 40,
  "lr": 0.0018011020792296608,
  "lr_decay": 0.005859163391122647
}