{
  "batch_size": 24,
  "hl_mlp": 1,
  "latent_size_mlp": 32,
  "lr": 0.00024429541599294637,
  "lr_decay": 0.0021540542233918934
}