{
  "batch_size": 48,
  "hl_mlp": 1,
  "latent_size_mlp": 68,
  "lr": 0.0011569060755364882,
  "lr_decay": 0.024264727110757323
}