{
  "batch_size": 30,
  "hl_mlp": 1,
  "latent_size_mlp": 62,
  "lr": 0.0025080488782235543,
  "lr_decay": 0.06493441859939439
}