{
  "batch_size": 28,
  "hl_mlp": 1,
  "latent_size_mlp": 57,
  "lr": 0.10905734511470504,
  "lr_decay": 0.005706559135762144
}