{
  "batch_size": 24,
  "hl_mlp": 2,
  "latent_size_mlp": 40,
  "lr": 0.23430795232500765,
  "lr_decay": 0.007313032877359575
}