{
  "batch_size": 26,
  "hl_mlp": 1,
  "latent_size_mlp": 68,
  "lr": 0.0021490389816033093,
  "lr_decay": 0.0001752560308689897
}