{
  "batch_size": 23,
  "hl_mlp": 1,
  "latent_size_mlp": 44,
  "lr": 0.004051380581420376,
  "lr_decay": 0.003846254810413346
}