{
  "batch_size": 37,
  "hl_mlp": 1,
  "latent_size_mlp": 45,
  "lr": 0.09886923501386333,
  "lr_decay": 0.16417769362889298
}