{
  "batch_size": 22,
  "hl_mlp": 1,
  "latent_size_mlp": 48,
  "lr": 7.78833799267193e-05,
  "lr_decay": 0.00039796023096725627
}