{
  "C": 1.5045519355428325,
  "epsilon": 0.015325562274822459
}