{
  "batch_size": 26,
  "hl_mlp": 1,
  "latent_size_mlp": 46,
  "lr": 0.0009465260822394076,
  "lr_decay": 0.0007812089462591234
}