{
  "batch_size": 29,
  "hl_mlp": 1,
  "latent_size_mlp": 40,
  "lr": 0.0033450142152034266,
  "lr_decay": 0.0009260442313643025
}