{
  "batch_size": 23,
  "hl_mlp": 1,
  "latent_size_mlp": 43,
  "lr": 0.023838154675172463,
  "lr_decay": 0.008545333822323278
}