{
  "batch_size": 24,
  "hl_mlp": 1,
  "latent_size_mlp": 53,
  "lr": 0.0943970848243447,
  "lr_decay": 0.0037684686178533215
}