{
  "alpha": 0.0015788908430326221,
  "length_scale": 1.105812855737446
}