{
  "alpha": 0.0008256334883825063,
  "length_scale": 0.4128225786741089
}