{
  "batch_size": 15,
  "hl_mlp": 0,
  "latent_size_mlp": 9,
  "lr": 0.023640945815542158,
  "lr_decay": 0.0025446376448800593
}