{
  "batch_size": 22,
  "hl_mlp": 1,
  "latent_size_mlp": 47,
  "lr": 0.020962941270837348,
  "lr_decay": 0.001731111400390349
}