{
  "batch_size": 29,
  "hl_mlp": 1,
  "latent_size_mlp": 70,
  "lr": 0.0058978944859246745,
  "lr_decay": 0.9038771256637845
}