{
  "batch_size": 17,
  "hl_mlp": 1,
  "latent_size_mlp": 54,
  "lr": 0.010537911229584154,
  "lr_decay": 0.0019347031744674475
}