{
  "batch_size": 22,
  "hl_mlp": 1,
  "latent_size_mlp": 45,
  "lr": 0.08227421498051925,
  "lr_decay": 0.0033504923239080554
}