{
  "batch_size": 34,
  "hl_mlp": 1,
  "latent_size_mlp": 63,
  "lr": 0.04632533204713348,
  "lr_decay": 0.10884052204219495
}