{
  "batch_size": 28,
  "hl_mlp": 1,
  "latent_size_mlp": 46,
  "lr": 0.0012875050232526184,
  "lr_decay": 0.013138437020213955
}