{
  "alpha": 0.0011270418279803829,
  "length_scale": 0.9155101771053331
}