{
  "batch_size": 24,
  "hl_mlp": 2,
  "latent_size_mlp": 55,
  "lr": 0.08490641392074373,
  "lr_decay": 0.001492631648140298
}