{
  "batch_size": 23,
  "hl_mlp": 1,
  "latent_size_mlp": 47,
  "lr": 0.030767151871004574,
  "lr_decay": 0.0034547343834512288
}