{
  "batch_size": 32,
  "hl_mlp": 1,
  "latent_size_mlp": 37,
  "lr": 0.0016038899237385935,
  "lr_decay": 0.0023623923446364457
}