{
  "batch_size": 17,
  "hl_mlp": 1,
  "latent_size_mlp": 44,
  "lr": 0.019314175093536976,
  "lr_decay": 0.004797381791319458
}