{
  "batch_size": 24,
  "hl_mlp": 1,
  "latent_size_mlp": 42,
  "lr": 0.005376694801489479,
  "lr_decay": 0.04383082884265488
}