{
  "alpha": 0.0005921933648261132,
  "length_scale": 1.527531783009916
}