{
  "batch_size": 23,
  "hl_mlp": 2,
  "latent_size_mlp": 48,
  "lr": 0.06353431286975605,
  "lr_decay": 0.0025528457240597525
}