{
  "batch_size": 23,
  "hl_mlp": 1,
  "latent_size_mlp": 47,
  "lr": 0.017818766120990096,
  "lr_decay": 0.0012880425283057844
}