{
  "batch_size": 22,
  "hl_mlp": 1,
  "latent_size_mlp": 45,
  "lr": 0.014375039613722102,
  "lr_decay": 0.031861292658420075
}