{
  "batch_size": 45,
  "hl_mlp": 1,
  "latent_size_mlp": 77,
  "lr": 0.034385812777897005,
  "lr_decay": 0.8149524030807075
}