{
  "batch_size": 24,
  "hl_mlp": 2,
  "latent_size_mlp": 57,
  "lr": 0.01564583031774319,
  "lr_decay": 0.0017928927556007264
}