{
  "batch_size": 17,
  "hl_mlp": 1,
  "latent_size_mlp": 48,
  "lr": 0.013022682300834466,
  "lr_decay": 0.005817268944569697
}