{
  "batch_size": 19,
  "hl_mlp": 0,
  "latent_size_mlp": 45,
  "lr": 0.0013116938410035594,
  "lr_decay": 0.042827092928665655
}