{
  "batch_size": 28,
  "hl_mlp": 1,
  "latent_size_mlp": 41,
  "lr": 0.00047598195170259954,
  "lr_decay": 0.00011146373201154448
}