{
  "batch_size": 19,
  "hl_mlp": 1,
  "latent_size_mlp": 56,
  "lr": 0.011152564707374545,
  "lr_decay": 0.0013113331552401654
}