{
  "batch_size": 29,
  "hl_mlp": 1,
  "latent_size_mlp": 69,
  "lr": 0.003577415225444344,
  "lr_decay": 0.0009986657677411581
}