{
  "batch_size": 22,
  "hl_mlp": 1,
  "latent_size_mlp": 41,
  "lr": 0.04001773105703689,
  "lr_decay": 0.002039542075704503
}