{
  "batch_size": 30,
  "hl_mlp": 1,
  "latent_size_mlp": 60,
  "lr": 0.001918482486508934,
  "lr_decay": 0.002612634628081881
}