{
  "batch_size": 27,
  "hl_mlp": 1,
  "latent_size_mlp": 55,
  "lr": 0.002012023603247979,
  "lr_decay": 0.00032468996997143967
}