{
  "batch_size": 3,
  "hl_mlp": 2,
  "latent_size_mlp": 76,
  "lr": 1.5256148058958789e-06,
  "lr_decay": 0.005904250397300068
}