{
  "batch_size": 25,
  "hl_mlp": 1,
  "latent_size_mlp": 43,
  "lr": 0.0013964959775546301,
  "lr_decay": 0.002880587745032652
}