{
  "batch_size": 22,
  "hl_mlp": 1,
  "latent_size_mlp": 48,
  "lr": 0.010319242522841917,
  "lr_decay": 0.030547114081863242
}