{
  "batch_size": 24,
  "hl_mlp": 2,
  "latent_size_mlp": 27,
  "lr": 0.0012986585245822703,
  "lr_decay": 0.025858407727155207
}