{
  "batch_size": 24,
  "hl_mlp": 1,
  "latent_size_mlp": 43,
  "lr": 0.05180331818793427,
  "lr_decay": 0.002994506429715799
}