{
  "batch_size": 25,
  "hl_mlp": 1,
  "latent_size_mlp": 72,
  "lr": 0.00020476771482569211,
  "lr_decay": 0.005118192292007108
}