{
  "batch_size": 18,
  "hl_mlp": 1,
  "latent_size_mlp": 43,
  "lr": 0.002598366125386708,
  "lr_decay": 0.05490697290588571
}