{
  "batch_size": 26,
  "hl_mlp": 1,
  "latent_size_mlp": 62,
  "lr": 0.00013973232583031487,
  "lr_decay": 0.0015433290292026578
}