{
  "batch_size": 22,
  "hl_mlp": 1,
  "latent_size_mlp": 40,
  "lr": 0.00025447587997488337,
  "lr_decay": 0.0021589772641558208
}