{
  "batch_size": 21,
  "hl_mlp": 1,
  "latent_size_mlp": 47,
  "lr": 0.003247965128677971,
  "lr_decay": 0.030215977068094414
}