{
  "alpha": 0.005609210462077756,
  "length_scale": 7.124113501108701
}