{
  "batch_size": 20,
  "hl_mlp": 1,
  "latent_size_mlp": 48,
  "lr": 0.016531062652255273,
  "lr_decay": 0.0033991372036884415
}