{
  "alpha": 0.006509744767083863,
  "length_scale": 2.9704680181001795
}