{
  "batch_size": 23,
  "hl_mlp": 1,
  "latent_size_mlp": 74,
  "lr": 0.0002768769869220222,
  "lr_decay": 0.00016409056807154758
}