{
  "batch_size": 21,
  "hl_mlp": 1,
  "latent_size_mlp": 47,
  "lr": 0.012982073491965535,
  "lr_decay": 0.02691007702706134
}