{
  "batch_size": 20,
  "hl_mlp": 1,
  "latent_size_mlp": 47,
  "lr": 0.0017495443429267877,
  "lr_decay": 0.04961779622954539
}