{
  "batch_size": 24,
  "hl_mlp": 2,
  "latent_size_mlp": 41,
  "lr": 0.0008306561332977756,
  "lr_decay": 0.0014836873825053753
}