{
  "alpha": 0.0005640065279339759,
  "length_scale": 0.6114917648099732
}