{
  "batch_size": 24,
  "hl_mlp": 1,
  "latent_size_mlp": 41,
  "lr": 0.00097731715770795,
  "lr_decay": 0.008091751370899482
}