{
  "batch_size": 19,
  "hl_mlp": 1,
  "latent_size_mlp": 49,
  "lr": 0.005278746800889413,
  "lr_decay": 0.09441185078576997
}