{
  "batch_size": 23,
  "hl_mlp": 1,
  "latent_size_mlp": 44,
  "lr": 0.0013284086964264867,
  "lr_decay": 0.06521755783961929
}