{
  "batch_size": 17,
  "hl_mlp": 2,
  "latent_size_mlp": 51,
  "lr": 0.026520843131264286,
  "lr_decay": 0.01061844891007108
}