{
  "batch_size": 24,
  "hl_mlp": 1,
  "latent_size_mlp": 59,
  "lr": 0.01827881427830858,
  "lr_decay": 0.0011383551881284362
}