{
  "batch_size": 24,
  "hl_mlp": 1,
  "latent_size_mlp": 50,
  "lr": 0.014117350831186759,
  "lr_decay": 0.005921566335537323
}