{
  "batch_size": 26,
  "hl_mlp": 1,
  "latent_size_mlp": 40,
  "lr": 0.0006498003242988501,
  "lr_decay": 0.0006524390359287791
}