{
  "batch_size": 27,
  "hl_mlp": 1,
  "latent_size_mlp": 38,
  "lr": 0.0007902814234501516,
  "lr_decay": 0.00010712437671757218
}