{
  "batch_size": 21,
  "hl_mlp": 1,
  "latent_size_mlp": 39,
  "lr": 0.00035076239494203926,
  "lr_decay": 0.0022985850828467036
}