{
  "batch_size": 22,
  "hl_mlp": 1,
  "latent_size_mlp": 44,
  "lr": 0.004260024794540717,
  "lr_decay": 0.030516086981071125
}