{
  "batch_size": 26,
  "hl_mlp": 1,
  "latent_size_mlp": 47,
  "lr": 0.004271063134291458,
  "lr_decay": 0.05017463208640105
}