{
  "batch_size": 22,
  "hl_mlp": 1,
  "latent_size_mlp": 47,
  "lr": 0.019525811538529253,
  "lr_decay": 0.0012702289367777263
}