{
  "alpha": 0.005641405683832452,
  "length_scale": 1.8765072468992439
}