{
  "alpha": 0.25662065792961514,
  "length_scale": 0.03105497396183098
}