{
  "batch_size": 25,
  "hl_mlp": 1,
  "latent_size_mlp": 47,
  "lr": 0.005287729627624984,
  "lr_decay": 0.003488089262518364
}