{
  "alpha": 0.0009790603976492112,
  "length_scale": 0.03160546862142773
}