{
  "batch_size": 17,
  "hl_mlp": 0,
  "latent_size_mlp": 44,
  "lr": 0.016086536889035812,
  "lr_decay": 0.04310924610232484
}