{
  "alpha": 0.016089168121428982,
  "length_scale": 2.0737401845641994
}