{
  "batch_size": 30,
  "hl_mlp": 1,
  "latent_size_mlp": 42,
  "lr": 0.0007114535184667718,
  "lr_decay": 0.0013226850912472937
}