{
  "batch_size": 21,
  "hl_mlp": 1,
  "latent_size_mlp": 77,
  "lr": 0.0042972740439228534,
  "lr_decay": 0.0005505611961281954
}