{
  "batch_size": 45,
  "hl_mlp": 2,
  "latent_size_mlp": 57,
  "lr": 0.031928963385534026,
  "lr_decay": 0.6067349121264568
}