{
  "batch_size": 23,
  "hl_mlp": 2,
  "latent_size_mlp": 64,
  "lr": 0.0002934431583685871,
  "lr_decay": 0.0004948446824112406
}