{
  "batch_size": 24,
  "hl_mlp": 1,
  "latent_size_mlp": 52,
  "lr": 0.001231637066477591,
  "lr_decay": 0.5277593680940948
}