{
  "alpha": 0.007476114853906854,
  "length_scale": 0.718655296602223
}