{
  "batch_size": 20,
  "hl_mlp": 2,
  "latent_size_mlp": 56,
  "lr": 0.011187877550417145,
  "lr_decay": 0.0011594294727297334
}