{
  "batch_size": 24,
  "hl_mlp": 2,
  "latent_size_mlp": 44,
  "lr": 0.015277709771790353,
  "lr_decay": 0.00264096137656551
}