{
  "batch_size": 24,
  "hl_mlp": 1,
  "latent_size_mlp": 42,
  "lr": 0.0006822196080383081,
  "lr_decay": 0.0017669442063990603
}