{
  "batch_size": 21,
  "hl_mlp": 0,
  "latent_size_mlp": 53,
  "lr": 0.016460777271033244,
  "lr_decay": 0.009098390778854276
}