{
  "alpha": 0.0012164568458454482,
  "length_scale": 0.7356532549705651
}