{
  "batch_size": 23,
  "hl_mlp": 1,
  "latent_size_mlp": 44,
  "lr": 0.001819030209697167,
  "lr_decay": 0.014823777818847455
}