{
  "batch_size": 36,
  "hl_mlp": 1,
  "latent_size_mlp": 35,
  "lr": 0.000873659900740414,
  "lr_decay": 0.005084061503873105
}