{
  "batch_size": 26,
  "hl_mlp": 1,
  "latent_size_mlp": 47,
  "lr": 0.0035090573876411795,
  "lr_decay": 0.051355021078882776
}