{
  "batch_size": 18,
  "hl_mlp": 1,
  "latent_size_mlp": 52,
  "lr": 0.010139494274904744,
  "lr_decay": 0.002323965135242579
}