{
  "batch_size": 24,
  "hl_mlp": 2,
  "latent_size_mlp": 56,
  "lr": 0.013912811609177221,
  "lr_decay": 0.0013285269597852656
}