{
  "batch_size": 23,
  "hl_mlp": 1,
  "latent_size_mlp": 41,
  "lr": 0.0018786586985628574,
  "lr_decay": 0.04828509150048012
}