{
  "batch_size": 17,
  "hl_mlp": 1,
  "latent_size_mlp": 48,
  "lr": 0.047493048718988636,
  "lr_decay": 0.009133811329881369
}