{
  "batch_size": 30,
  "hl_mlp": 1,
  "latent_size_mlp": 45,
  "lr": 0.05887783546383152,
  "lr_decay": 0.07910808178086774
}