{
  "batch_size": 35,
  "hl_mlp": 2,
  "latent_size_mlp": 67,
  "lr": 0.0036410056292140915,
  "lr_decay": 0.2892231767905024
}