{
  "batch_size": 25,
  "hl_mlp": 2,
  "latent_size_mlp": 51,
  "lr": 0.000976294982865411,
  "lr_decay": 0.1193797974655412
}