{
  "batch_size": 19,
  "hl_mlp": 1,
  "latent_size_mlp": 49,
  "lr": 0.004368902291166089,
  "lr_decay": 0.08607774435466069
}