{
  "batch_size": 15,
  "hl_mlp": 2,
  "latent_size_mlp": 47,
  "lr": 0.05241185320207757,
  "lr_decay": 0.001932352432174608
}