{
  "batch_size": 24,
  "hl_mlp": 1,
  "latent_size_mlp": 44,
  "lr": 0.0020582781045504254,
  "lr_decay": 0.027867660457394878
}