{
  "batch_size": 26,
  "hl_mlp": 1,
  "latent_size_mlp": 31,
  "lr": 0.11207723071904845,
  "lr_decay": 0.012466525120447543
}