{
  "batch_size": 16,
  "hl_mlp": 2,
  "latent_size_mlp": 41,
  "lr": 0.09103051349381404,
  "lr_decay": 0.012172618657466407
}