{
  "batch_size": 20,
  "hl_mlp": 1,
  "latent_size_mlp": 43,
  "lr": 0.015038132547839613,
  "lr_decay": 0.00142440646782432
}