{
  "batch_size": 34,
  "hl_mlp": 1,
  "latent_size_mlp": 58,
  "lr": 0.02694377393865119,
  "lr_decay": 0.12383709064685394
}