{
  "batch_size": 24,
  "hl_mlp": 2,
  "latent_size_mlp": 54,
  "lr": 0.09379286527498629,
  "lr_decay": 0.0016168305874929615
}