{
  "batch_size": 29,
  "hl_mlp": 1,
  "latent_size_mlp": 43,
  "lr": 0.019928054596160916,
  "lr_decay": 0.03921080229877018
}