{
  "batch_size": 35,
  "hl_mlp": 2,
  "latent_size_mlp": 75,
  "lr": 0.07230354912392103,
  "lr_decay": 0.016077862414702326
}