{
  "batch_size": 17,
  "hl_mlp": 1,
  "latent_size_mlp": 41,
  "lr": 0.04625548540687753,
  "lr_decay": 0.016868740824389016
}