{
  "max_depth": 6.0790290188848255,
  "min_samples_leaf": 1.7041814537094677
}