{
  "batch_size": 15,
  "hl_mlp": 1,
  "latent_size_mlp": 48,
  "lr": 0.00314509830533982,
  "lr_decay": 0.02109120706553562
}