{
  "batch_size": 24,
  "hl_mlp": 1,
  "latent_size_mlp": 53,
  "lr": 0.013630318511405802,
  "lr_decay": 0.0011522242729606223
}