{
  "batch_size": 26,
  "hl_mlp": 1,
  "latent_size_mlp": 76,
  "lr": 0.001629744359798483,
  "lr_decay": 0.00033696669309630454
}