{
  "batch_size": 28,
  "hl_mlp": 1,
  "latent_size_mlp": 39,
  "lr": 0.0008201026535318915,
  "lr_decay": 0.0011373458396936194
}