{
  "alpha": 0.006965845544670048,
  "length_scale": 1.580885878207423
}