{
  "batch_size": 17,
  "hl_mlp": 0,
  "latent_size_mlp": 59,
  "lr": 0.01422807694897091,
  "lr_decay": 0.05422862463440499
}