{
  "batch_size": 40,
  "hl_mlp": 2,
  "latent_size_mlp": 34,
  "lr": 0.006267217811956455,
  "lr_decay": 0.023060138880084877
}