{
  "batch_size": 22,
  "hl_mlp": 2,
  "latent_size_mlp": 54,
  "lr": 0.019890297015663888,
  "lr_decay": 0.0018384165297395873
}