{
  "batch_size": 22,
  "hl_mlp": 1,
  "latent_size_mlp": 52,
  "lr": 0.13231699958138574,
  "lr_decay": 0.0065222660030125916
}