{
  "batch_size": 12,
  "hl_mlp": 1,
  "latent_size_mlp": 13,
  "lr": 0.022311884738266532,
  "lr_decay": 0.00705311883788772
}