{
  "batch_size": 23,
  "hl_mlp": 1,
  "latent_size_mlp": 47,
  "lr": 0.005919700954271474,
  "lr_decay": 0.03428814414379655
}