{
  "batch_size": 46,
  "hl_mlp": 1,
  "latent_size_mlp": 57,
  "lr": 0.005003911928484953,
  "lr_decay": 0.05614792172590869
}