{
  "batch_size": 24,
  "hl_mlp": 1,
  "latent_size_mlp": 71,
  "lr": 0.0001161511103367199,
  "lr_decay": 0.00010155392939244017
}