{
  "batch_size": 24,
  "hl_mlp": 1,
  "latent_size_mlp": 56,
  "lr": 0.07507579783271556,
  "lr_decay": 0.01202393327049958
}