{
  "batch_size": 20,
  "hl_mlp": 1,
  "latent_size_mlp": 44,
  "lr": 0.015096916455521506,
  "lr_decay": 0.014807144990770888
}