{
  "batch_size": 22,
  "hl_mlp": 1,
  "latent_size_mlp": 45,
  "lr": 0.01445115612276544,
  "lr_decay": 0.0065623230070101825
}