{
  "batch_size": 17,
  "hl_mlp": 1,
  "latent_size_mlp": 60,
  "lr": 0.08643377817315315,
  "lr_decay": 0.004628779324432012
}