{
  "batch_size": 24,
  "hl_mlp": 2,
  "latent_size_mlp": 48,
  "lr": 0.012937360336676666,
  "lr_decay": 0.0013891997544750038
}