{
  "batch_size": 24,
  "hl_mlp": 2,
  "latent_size_mlp": 49,
  "lr": 0.018337635505005404,
  "lr_decay": 0.0018600263710237858
}