{
  "batch_size": 23,
  "hl_mlp": 0,
  "latent_size_mlp": 42,
  "lr": 0.035333365545708886,
  "lr_decay": 0.001496105116299362
}