{
  "batch_size": 17,
  "hl_mlp": 2,
  "latent_size_mlp": 46,
  "lr": 0.01652388628568128,
  "lr_decay": 0.0031631016648270517
}