{
  "batch_size": 21,
  "hl_mlp": 2,
  "latent_size_mlp": 49,
  "lr": 0.0021472476365508217,
  "lr_decay": 0.03695347973464481
}