{
  "alpha": 0.002017824517252326,
  "length_scale": 1.0779575691719883
}