{
  "alpha": 0.0011834981195387752,
  "length_scale": 2.355089557816354
}