{
  "batch_size": 22,
  "hl_mlp": 1,
  "latent_size_mlp": 43,
  "lr": 0.03433427816694305,
  "lr_decay": 0.001430496433769137
}