{
  "batch_size": 26,
  "hl_mlp": 1,
  "latent_size_mlp": 63,
  "lr": 0.0012467425149222126,
  "lr_decay": 0.003543641388053919
}