{
  "batch_size": 20,
  "hl_mlp": 1,
  "latent_size_mlp": 66,
  "lr": 0.00016258685322396538,
  "lr_decay": 0.0008808255588718786
}