{
  "alpha": 0.006184252272032021,
  "length_scale": 1.8061749658181159
}