{
  "batch_size": 27,
  "hl_mlp": 1,
  "latent_size_mlp": 73,
  "lr": 9.312938102515602e-05,
  "lr_decay": 0.006566729237384735
}