{
  "batch_size": 21,
  "hl_mlp": 2,
  "latent_size_mlp": 47,
  "lr": 0.024501878065920038,
  "lr_decay": 0.0016601957728101583
}