{
  "alpha": 0.0011627446060827947,
  "length_scale": 0.7191917821147977
}