{
  "batch_size": 28,
  "hl_mlp": 1,
  "latent_size_mlp": 60,
  "lr": 0.0040650017584023925,
  "lr_decay": 0.6162430093993214
}