{
  "batch_size": 27,
  "hl_mlp": 1,
  "latent_size_mlp": 46,
  "lr": 0.001695459517767643,
  "lr_decay": 0.04916657125664798
}