{
  "batch_size": 29,
  "hl_mlp": 1,
  "latent_size_mlp": 79,
  "lr": 0.00040166877930880406,
  "lr_decay": 0.04297834051388079
}