{
  "batch_size": 20,
  "hl_mlp": 1,
  "latent_size_mlp": 46,
  "lr": 0.0717005838103303,
  "lr_decay": 0.0012832251750430168
}