{
  "alpha": 0.01606309668121347,
  "length_scale": 1.472302975815371
}