{
  "batch_size": 20,
  "hl_mlp": 1,
  "latent_size_mlp": 59,
  "lr": 0.012078870377452826,
  "lr_decay": 0.003099187406193095
}