{
  "alpha": 0.0002711111623833849,
  "length_scale": 5.089246374802019
}