{
  "batch_size": 22,
  "hl_mlp": 1,
  "latent_size_mlp": 57,
  "lr": 0.011381903129229529,
  "lr_decay": 0.0021402556507838563
}