{
  "batch_size": 24,
  "hl_mlp": 2,
  "latent_size_mlp": 58,
  "lr": 0.012313863508150648,
  "lr_decay": 0.0012514240137642125
}