{
  "batch_size": 26,
  "hl_mlp": 1,
  "latent_size_mlp": 49,
  "lr": 0.0029102479229117396,
  "lr_decay": 0.023527942941615403
}