{
  "batch_size": 25,
  "hl_mlp": 1,
  "latent_size_mlp": 45,
  "lr": 0.007225199898359897,
  "lr_decay": 0.011593127348032514
}