{
  "batch_size": 37,
  "hl_mlp": 1,
  "latent_size_mlp": 34,
  "lr": 0.0025017542542283538,
  "lr_decay": 0.0013616578128728366
}