{
  "batch_size": 22,
  "hl_mlp": 1,
  "latent_size_mlp": 40,
  "lr": 0.06491924541252983,
  "lr_decay": 0.00804954624882579
}