{
  "alpha": 0.0004126203908893772,
  "length_scale": 2.015115249135977
}