{
  "batch_size": 22,
  "hl_mlp": 2,
  "latent_size_mlp": 52,
  "lr": 0.06519391480365629,
  "lr_decay": 0.056306545573878986
}