{
  "C": 1.3952681492070602,
  "epsilon": 0.010263854986283547
}