{
  "batch_size": 28,
  "hl_mlp": 1,
  "latent_size_mlp": 68,
  "lr": 0.00037256508032839194,
  "lr_decay": 0.5402147065959993
}