{
  "batch_size": 20,
  "hl_mlp": 1,
  "latent_size_mlp": 49,
  "lr": 0.020062485292653393,
  "lr_decay": 0.004047229087732747
}