{
  "batch_size": 38,
  "hl_mlp": 1,
  "latent_size_mlp": 64,
  "lr": 0.00017274265861581638,
  "lr_decay": 0.9483995531515129
}