{
  "batch_size": 30,
  "hl_mlp": 1,
  "latent_size_mlp": 56,
  "lr": 0.014112533902025434,
  "lr_decay": 0.6167558459246044
}