{
  "batch_size": 21,
  "hl_mlp": 2,
  "latent_size_mlp": 46,
  "lr": 0.039461277250958056,
  "lr_decay": 0.008257998592205613
}