{
  "alpha": 0.1077123566152928,
  "length_scale": 0.060039328564187186
}