{
  "batch_size": 21,
  "hl_mlp": 1,
  "latent_size_mlp": 48,
  "lr": 0.04464595964975432,
  "lr_decay": 0.03636382984566497
}