{
  "C": 0.13309594742985675,
  "epsilon": 0.04065622384185422
}