{
  "batch_size": 24,
  "hl_mlp": 1,
  "latent_size_mlp": 48,
  "lr": 0.018025801125656896,
  "lr_decay": 0.003403163370205635
}