{
  "batch_size": 22,
  "hl_mlp": 1,
  "latent_size_mlp": 47,
  "lr": 0.012602013169908602,
  "lr_decay": 0.0011768241317739658
}