{
  "batch_size": 16,
  "hl_mlp": 2,
  "latent_size_mlp": 7,
  "lr": 0.011728663832190544,
  "lr_decay": 0.022976634210362272
}