{
  "batch_size": 17,
  "hl_mlp": 1,
  "latent_size_mlp": 46,
  "lr": 0.019090041230961596,
  "lr_decay": 0.0019483719946560602
}