{
  "batch_size": 16,
  "hl_mlp": 0,
  "latent_size_mlp": 49,
  "lr": 0.01676924299008254,
  "lr_decay": 0.0010973924052749347
}