{
  "batch_size": 19,
  "hl_mlp": 1,
  "latent_size_mlp": 48,
  "lr": 0.0049500717029215885,
  "lr_decay": 0.0977407759608972
}