{
  "alpha": 2.1820076421079144,
  "length_scale": 1.063185767478664
}