{
  "batch_size": 20,
  "hl_mlp": 1,
  "latent_size_mlp": 48,
  "lr": 0.016158482145911375,
  "lr_decay": 0.03889555693924591
}