{
  "batch_size": 48,
  "hl_mlp": 1,
  "latent_size_mlp": 1,
  "lr": 0.006124865493208815,
  "lr_decay": 0.004412213713283612
}