{
  "batch_size": 25,
  "hl_mlp": 1,
  "latent_size_mlp": 61,
  "lr": 6.035732484113664e-05,
  "lr_decay": 0.0014078438631148094
}