{
  "batch_size": 22,
  "hl_mlp": 1,
  "latent_size_mlp": 52,
  "lr": 0.07021103365014775,
  "lr_decay": 0.004479996797950717
}