{
  "batch_size": 18,
  "hl_mlp": 1,
  "latent_size_mlp": 79,
  "lr": 0.0017799630044758815,
  "lr_decay": 0.037283132740071105
}