{
  "alpha": 0.009305473219281456,
  "length_scale": 0.5903430890345853
}