{
  "alpha": 9.176599214842431,
  "length_scale": 1.6896320858310854
}