{
  "batch_size": 25,
  "hl_mlp": 1,
  "latent_size_mlp": 46,
  "lr": 0.00724019189967323,
  "lr_decay": 0.012018560503627039
}