{
  "batch_size": 22,
  "hl_mlp": 1,
  "latent_size_mlp": 42,
  "lr": 0.041923557843524056,
  "lr_decay": 0.030999155299693004
}