{
  "batch_size": 25,
  "hl_mlp": 1,
  "latent_size_mlp": 43,
  "lr": 0.005886163657532926,
  "lr_decay": 0.058101396550947294
}