{
  "batch_size": 21,
  "hl_mlp": 1,
  "latent_size_mlp": 45,
  "lr": 0.018345681065005306,
  "lr_decay": 0.003153492649057064
}