{
  "alpha": 0.03365294686847689,
  "length_scale": 2.931690728855981
}