{
  "batch_size": 16,
  "hl_mlp": 1,
  "latent_size_mlp": 59,
  "lr": 0.019849741469533493,
  "lr_decay": 0.001213929301383498
}