{
  "batch_size": 28,
  "hl_mlp": 1,
  "latent_size_mlp": 32,
  "lr": 0.000266847323314196,
  "lr_decay": 0.0004485552284964469
}