{
  "batch_size": 23,
  "hl_mlp": 1,
  "latent_size_mlp": 52,
  "lr": 0.01808155064524936,
  "lr_decay": 0.014491046302759159
}