{
  "batch_size": 22,
  "hl_mlp": 1,
  "latent_size_mlp": 45,
  "lr": 0.0014583795420668286,
  "lr_decay": 0.0026139554307400433
}