{
  "batch_size": 16,
  "hl_mlp": 1,
  "latent_size_mlp": 43,
  "lr": 0.0014220473612347347,
  "lr_decay": 0.056691417064917315
}