{
  "batch_size": 25,
  "hl_mlp": 1,
  "latent_size_mlp": 70,
  "lr": 0.007841780053417608,
  "lr_decay": 0.00022288551219037857
}