{
  "batch_size": 29,
  "hl_mlp": 1,
  "latent_size_mlp": 75,
  "lr": 0.0005247415112039084,
  "lr_decay": 0.02983698819848772
}