{
  "batch_size": 21,
  "hl_mlp": 2,
  "latent_size_mlp": 26,
  "lr": 0.007867227556169481,
  "lr_decay": 0.0012470168423463525
}