{
  "batch_size": 43,
  "hl_mlp": 1,
  "latent_size_mlp": 74,
  "lr": 0.0006789887260221888,
  "lr_decay": 0.014628593181440316
}