{
  "batch_size": 46,
  "hl_mlp": 2,
  "latent_size_mlp": 78,
  "lr": 0.00023263593854394904,
  "lr_decay": 0.141341184098536
}