{
  "batch_size": 25,
  "hl_mlp": 1,
  "latent_size_mlp": 73,
  "lr": 0.0002595899764350807,
  "lr_decay": 0.004523110898217042
}