{
  "batch_size": 28,
  "hl_mlp": 1,
  "latent_size_mlp": 51,
  "lr": 0.08895809589572089,
  "lr_decay": 0.0037059996475780127
}