{
  "batch_size": 22,
  "hl_mlp": 0,
  "latent_size_mlp": 59,
  "lr": 0.021942306657368075,
  "lr_decay": 0.0012775488347618212
}