{
  "batch_size": 32,
  "hl_mlp": 2,
  "latent_size_mlp": 19,
  "lr": 0.014861298573307848,
  "lr_decay": 0.008635207843381608
}