{
  "batch_size": 22,
  "hl_mlp": 1,
  "latent_size_mlp": 40,
  "lr": 0.017787784232962123,
  "lr_decay": 0.07955288280436487
}