{
  "max_depth": 4.15724861096145,
  "min_samples_leaf": 6.340178940111317
}