{
  "batch_size": 27,
  "hl_mlp": 1,
  "latent_size_mlp": 41,
  "lr": 0.0003336908325919231,
  "lr_decay": 0.0004864902462194032
}