{
  "batch_size": 21,
  "hl_mlp": 1,
  "latent_size_mlp": 39,
  "lr": 5.1590669493448885e-05,
  "lr_decay": 0.00048388725439669605
}