{
  "batch_size": 26,
  "hl_mlp": 1,
  "latent_size_mlp": 39,
  "lr": 0.0007409427655670283,
  "lr_decay": 0.00028683451130613797
}