{
  "batch_size": 23,
  "hl_mlp": 1,
  "latent_size_mlp": 44,
  "lr": 0.002446503587846234,
  "lr_decay": 0.02518340800203629
}