{
  "alpha": 0.27936491240052647,
  "length_scale": 2.844701132149975
}