{
  "batch_size": 20,
  "hl_mlp": 1,
  "latent_size_mlp": 47,
  "lr": 0.020050524313269556,
  "lr_decay": 0.0031666715217825415
}