{
  "batch_size": 22,
  "hl_mlp": 1,
  "latent_size_mlp": 45,
  "lr": 0.004119225025234986,
  "lr_decay": 0.023727343175648133
}