{
  "batch_size": 21,
  "hl_mlp": 1,
  "latent_size_mlp": 12,
  "lr": 0.09584210230817529,
  "lr_decay": 0.038007753754024126
}