{
  "batch_size": 19,
  "hl_mlp": 0,
  "latent_size_mlp": 48,
  "lr": 0.01691734421546127,
  "lr_decay": 0.0016337907456908886
}