{
  "batch_size": 22,
  "hl_mlp": 2,
  "latent_size_mlp": 46,
  "lr": 0.029098670397781363,
  "lr_decay": 0.0030602801481574176
}