{
  "batch_size": 31,
  "hl_mlp": 1,
  "latent_size_mlp": 49,
  "lr": 0.001666490368047086,
  "lr_decay": 0.07603731651962554
}