{
  "batch_size": 22,
  "hl_mlp": 2,
  "latent_size_mlp": 59,
  "lr": 0.012496678367945586,
  "lr_decay": 0.0020532807768134636
}