{
  "batch_size": 23,
  "hl_mlp": 1,
  "latent_size_mlp": 55,
  "lr": 0.010507832398188015,
  "lr_decay": 0.0011819539197507184
}