{
  "alpha": 0.001266062137507353,
  "length_scale": 1.0388566840791709
}