{
  "batch_size": 23,
  "hl_mlp": 0,
  "latent_size_mlp": 47,
  "lr": 0.011680861746699326,
  "lr_decay": 0.0036195169762424017
}