{
  "batch_size": 27,
  "hl_mlp": 1,
  "latent_size_mlp": 54,
  "lr": 0.11944648811298109,
  "lr_decay": 0.00457863222420634
}