{
  "batch_size": 23,
  "hl_mlp": 1,
  "latent_size_mlp": 41,
  "lr": 0.046378598766053464,
  "lr_decay": 0.0317978301061332
}