{
  "batch_size": 42,
  "hl_mlp": 0,
  "latent_size_mlp": 7,
  "lr": 0.02785692067859097,
  "lr_decay": 0.03509595189582567
}