{
  "batch_size": 27,
  "hl_mlp": 0,
  "latent_size_mlp": 17,
  "lr": 0.0014279922938608461,
  "lr_decay": 0.04617215830876481
}