{
  "batch_size": 22,
  "hl_mlp": 2,
  "latent_size_mlp": 40,
  "lr": 0.06906646925137103,
  "lr_decay": 0.008410309175823125
}