{
  "batch_size": 25,
  "hl_mlp": 1,
  "latent_size_mlp": 73,
  "lr": 0.00018045439509477062,
  "lr_decay": 0.007080149352799598
}