{
  "batch_size": 22,
  "hl_mlp": 1,
  "latent_size_mlp": 50,
  "lr": 0.001723669379229522,
  "lr_decay": 0.000504214981686236
}