{
  "batch_size": 21,
  "hl_mlp": 1,
  "latent_size_mlp": 46,
  "lr": 0.01858764287050954,
  "lr_decay": 0.006478111393006913
}