{
  "batch_size": 30,
  "hl_mlp": 1,
  "latent_size_mlp": 42,
  "lr": 0.002943639109741754,
  "lr_decay": 0.0011105595661044315
}