{
  "batch_size": 34,
  "hl_mlp": 1,
  "latent_size_mlp": 51,
  "lr": 0.001390036733071557,
  "lr_decay": 0.6578429089880472
}