{
  "batch_size": 24,
  "hl_mlp": 1,
  "latent_size_mlp": 59,
  "lr": 0.02706670174852805,
  "lr_decay": 0.0010895586454893944
}