{
  "batch_size": 30,
  "hl_mlp": 1,
  "latent_size_mlp": 58,
  "lr": 0.0011249659554840928,
  "lr_decay": 0.4500879229740372
}