{
  "batch_size": 22,
  "hl_mlp": 1,
  "latent_size_mlp": 43,
  "lr": 0.06129888919899795,
  "lr_decay": 0.034154176620857006
}