{
  "batch_size": 32,
  "hl_mlp": 1,
  "latent_size_mlp": 31,
  "lr": 0.01715925469084988,
  "lr_decay": 0.02385460165780818
}