{
  "batch_size": 10,
  "hl_mlp": 1,
  "latent_size_mlp": 10,
  "lr": 0.002542084405176786,
  "lr_decay": 0.001268850358906453
}