{
  "batch_size": 23,
  "hl_mlp": 0,
  "latent_size_mlp": 58,
  "lr": 0.05119184329612438,
  "lr_decay": 0.005149110285474757
}