{
  "batch_size": 34,
  "hl_mlp": 0,
  "latent_size_mlp": 9,
  "lr": 0.005220064130501801,
  "lr_decay": 0.0024684110856479655
}