{
  "batch_size": 23,
  "hl_mlp": 2,
  "latent_size_mlp": 58,
  "lr": 0.04572045236950813,
  "lr_decay": 0.002886154575182706
}