{
  "batch_size": 23,
  "hl_mlp": 1,
  "latent_size_mlp": 44,
  "lr": 0.05070838474834644,
  "lr_decay": 0.02249761853431936
}