{
  "C": 0.3433973608693908,
  "epsilon": 0.03354304067492414
}