{
  "batch_size": 24,
  "hl_mlp": 1,
  "latent_size_mlp": 47,
  "lr": 0.009691110868745119,
  "lr_decay": 0.003337211993553494
}