{
  "batch_size": 24,
  "hl_mlp": 2,
  "latent_size_mlp": 54,
  "lr": 0.013017359835386082,
  "lr_decay": 0.002040336027155561
}