{
  "batch_size": 18,
  "hl_mlp": 1,
  "latent_size_mlp": 48,
  "lr": 0.10930539382232432,
  "lr_decay": 0.005323608426693684
}