{
  "batch_size": 36,
  "hl_mlp": 1,
  "latent_size_mlp": 60,
  "lr": 0.0024005234328217887,
  "lr_decay": 0.9968989943399036
}