{
  "batch_size": 31,
  "hl_mlp": 1,
  "latent_size_mlp": 78,
  "lr": 0.0037357314834703197,
  "lr_decay": 0.42609649146860074
}