{
  "batch_size": 21,
  "hl_mlp": 0,
  "latent_size_mlp": 47,
  "lr": 0.015134803298565726,
  "lr_decay": 0.0011856500414354424
}