{
  "batch_size": 23,
  "hl_mlp": 1,
  "latent_size_mlp": 45,
  "lr": 0.005719220940127421,
  "lr_decay": 0.024190018332252667
}