{
  "batch_size": 28,
  "hl_mlp": 1,
  "latent_size_mlp": 62,
  "lr": 0.0009249252902981555,
  "lr_decay": 0.0019161480959895513
}