{
  "batch_size": 20,
  "hl_mlp": 0,
  "latent_size_mlp": 59,
  "lr": 0.016702525206764636,
  "lr_decay": 0.0013075140896381052
}