{
  "batch_size": 24,
  "hl_mlp": 1,
  "latent_size_mlp": 46,
  "lr": 0.0017072944698651783,
  "lr_decay": 0.03600133044279728
}