{
  "batch_size": 19,
  "hl_mlp": 1,
  "latent_size_mlp": 46,
  "lr": 0.012821467163977395,
  "lr_decay": 0.007879629519221575
}