{
  "batch_size": 23,
  "hl_mlp": 1,
  "latent_size_mlp": 46,
  "lr": 0.001763662108566838,
  "lr_decay": 0.0210338645168603
}