{
  "batch_size": 20,
  "hl_mlp": 1,
  "latent_size_mlp": 47,
  "lr": 0.0016872084541547834,
  "lr_decay": 0.08407364023307208
}