{
  "alpha": 0.051938471751439265,
  "length_scale": 0.9249124826761888
}