{
  "batch_size": 26,
  "hl_mlp": 1,
  "latent_size_mlp": 43,
  "lr": 0.08058940865530202,
  "lr_decay": 0.010670382375810368
}