{
  "batch_size": 16,
  "hl_mlp": 2,
  "latent_size_mlp": 42,
  "lr": 0.04048795936438881,
  "lr_decay": 0.0012494475026960032
}