{
  "batch_size": 29,
  "hl_mlp": 2,
  "latent_size_mlp": 2,
  "lr": 0.05926721915572037,
  "lr_decay": 0.0010463310086072676
}