{
  "batch_size": 11,
  "hl_mlp": 0,
  "latent_size_mlp": 19,
  "lr": 0.08159624185787032,
  "lr_decay": 0.01502653481575288
}