{
  "batch_size": 24,
  "hl_mlp": 1,
  "latent_size_mlp": 44,
  "lr": 0.0031316164432542534,
  "lr_decay": 0.0015796851376316124
}