{
  "batch_size": 21,
  "hl_mlp": 2,
  "latent_size_mlp": 55,
  "lr": 0.05630144734717411,
  "lr_decay": 0.0028015539562805903
}