{
  "batch_size": 18,
  "hl_mlp": 0,
  "latent_size_mlp": 52,
  "lr": 0.011113768622332182,
  "lr_decay": 0.0011945590988632982
}