{
  "batch_size": 23,
  "hl_mlp": 1,
  "latent_size_mlp": 42,
  "lr": 0.016156113762829733,
  "lr_decay": 0.007238005712853216
}