{
  "batch_size": 19,
  "hl_mlp": 1,
  "latent_size_mlp": 47,
  "lr": 0.006681983514828916,
  "lr_decay": 0.012746754253397139
}