{
  "batch_size": 27,
  "hl_mlp": 1,
  "latent_size_mlp": 38,
  "lr": 0.05342021851925161,
  "lr_decay": 0.04375132845459421
}