{
  "batch_size": 24,
  "hl_mlp": 1,
  "latent_size_mlp": 55,
  "lr": 0.059164525339607574,
  "lr_decay": 0.09252057178055137
}