{
  "batch_size": 23,
  "hl_mlp": 1,
  "latent_size_mlp": 53,
  "lr": 6.319393999716123e-05,
  "lr_decay": 0.0004944014855667255
}