{
  "batch_size": 17,
  "hl_mlp": 1,
  "latent_size_mlp": 34,
  "lr": 0.0021295589743710224,
  "lr_decay": 0.023121200821579695
}