{
  "batch_size": 35,
  "hl_mlp": 1,
  "latent_size_mlp": 59,
  "lr": 0.00033892771258299206,
  "lr_decay": 0.003983827306358337
}