{
  "batch_size": 21,
  "hl_mlp": 1,
  "latent_size_mlp": 43,
  "lr": 0.042128474615890234,
  "lr_decay": 0.06900981564481899
}