{
  "batch_size": 22,
  "hl_mlp": 2,
  "latent_size_mlp": 48,
  "lr": 0.014487412899883692,
  "lr_decay": 0.0026706460320125368
}