{
  "batch_size": 23,
  "hl_mlp": 2,
  "latent_size_mlp": 57,
  "lr": 0.01279579462085583,
  "lr_decay": 0.0016396988745144465
}