{
  "batch_size": 22,
  "hl_mlp": 0,
  "latent_size_mlp": 49,
  "lr": 0.01845441106834537,
  "lr_decay": 0.0012499122352380326
}