{
  "batch_size": 13,
  "hl_mlp": 1,
  "latent_size_mlp": 46,
  "lr": 0.006359353479361115,
  "lr_decay": 0.002641308393698728
}