{
  "batch_size": 21,
  "hl_mlp": 2,
  "latent_size_mlp": 55,
  "lr": 0.028300637971952695,
  "lr_decay": 0.0014803340091086637
}