{
  "batch_size": 23,
  "hl_mlp": 2,
  "latent_size_mlp": 55,
  "lr": 0.011487170094551243,
  "lr_decay": 0.0016511509646461478
}