{
  "alpha": 0.006012044240307887,
  "length_scale": 1.1613266412441299
}