{
  "batch_size": 24,
  "hl_mlp": 1,
  "latent_size_mlp": 48,
  "lr": 0.021209766933555654,
  "lr_decay": 0.017166235047029427
}