{
  "batch_size": 17,
  "hl_mlp": 1,
  "latent_size_mlp": 52,
  "lr": 0.01861560836577052,
  "lr_decay": 0.003878633791409597
}