{
  "batch_size": 16,
  "hl_mlp": 2,
  "latent_size_mlp": 49,
  "lr": 0.08637220054918812,
  "lr_decay": 0.012497993485830135
}