{
  "batch_size": 25,
  "hl_mlp": 1,
  "latent_size_mlp": 68,
  "lr": 0.0021011301343408007,
  "lr_decay": 0.00024057290092084475
}