{
  "batch_size": 20,
  "hl_mlp": 1,
  "latent_size_mlp": 30,
  "lr": 0.000360382206975546,
  "lr_decay": 0.0006082413460656783
}