{
  "batch_size": 21,
  "hl_mlp": 1,
  "latent_size_mlp": 49,
  "lr": 0.005180204506678181,
  "lr_decay": 0.0417165370043386
}