{
  "batch_size": 22,
  "hl_mlp": 0,
  "latent_size_mlp": 4,
  "lr": 0.050206082008285635,
  "lr_decay": 0.099314139665133
}