{
  "batch_size": 22,
  "hl_mlp": 1,
  "latent_size_mlp": 46,
  "lr": 0.048989543141864975,
  "lr_decay": 0.01846719661249542
}