{
  "alpha": 0.14043473390916375,
  "length_scale": 4.057591388544209
}