{
  "batch_size": 22,
  "hl_mlp": 1,
  "latent_size_mlp": 73,
  "lr": 0.0002114558595178678,
  "lr_decay": 0.00012514665769815014
}