{
  "batch_size": 45,
  "hl_mlp": 0,
  "latent_size_mlp": 23,
  "lr": 0.041372399683944544,
  "lr_decay": 0.026169253033869685
}