{
  "batch_size": 23,
  "hl_mlp": 0,
  "latent_size_mlp": 45,
  "lr": 0.01874806329788021,
  "lr_decay": 0.003998036724261775
}