{
  "batch_size": 22,
  "hl_mlp": 1,
  "latent_size_mlp": 42,
  "lr": 0.038210321198236044,
  "lr_decay": 0.08080629493061589
}