{
  "batch_size": 22,
  "hl_mlp": 1,
  "latent_size_mlp": 56,
  "lr": 0.014898701920144943,
  "lr_decay": 0.0016248619920604796
}