{
  "batch_size": 20,
  "hl_mlp": 1,
  "latent_size_mlp": 48,
  "lr": 0.019949436956804296,
  "lr_decay": 0.0026146428724405897
}