{
  "batch_size": 17,
  "hl_mlp": 2,
  "latent_size_mlp": 57,
  "lr": 0.018818079700153062,
  "lr_decay": 0.004163549656553234
}