{
  "batch_size": 22,
  "hl_mlp": 1,
  "latent_size_mlp": 49,
  "lr": 0.030114103728660913,
  "lr_decay": 0.0032803180716436528
}