{
  "batch_size": 21,
  "hl_mlp": 1,
  "latent_size_mlp": 64,
  "lr": 5.240433153232684e-05,
  "lr_decay": 0.0020902625856539657
}