{
  "batch_size": 21,
  "hl_mlp": 1,
  "latent_size_mlp": 43,
  "lr": 0.014242117134219533,
  "lr_decay": 0.02936526211441088
}