{
  "batch_size": 23,
  "hl_mlp": 1,
  "latent_size_mlp": 48,
  "lr": 0.015733647899859555,
  "lr_decay": 0.0017359295265151314
}