{
  "batch_size": 24,
  "hl_mlp": 1,
  "latent_size_mlp": 48,
  "lr": 0.0037873045876945406,
  "lr_decay": 0.012360586779628436
}