{
  "alpha": 0.0025453198300149763,
  "length_scale": 0.6707437708732449
}