{
  "batch_size": 24,
  "hl_mlp": 1,
  "latent_size_mlp": 53,
  "lr": 0.036211106028429856,
  "lr_decay": 0.0015743293694793362
}