{
  "alpha": 0.006588527737444083,
  "length_scale": 2.499394583009758
}