{
  "batch_size": 24,
  "hl_mlp": 1,
  "latent_size_mlp": 59,
  "lr": 0.01135207219813183,
  "lr_decay": 0.00223845851699078
}