{
  "max_depth": 3.3998293282663083,
  "min_samples_leaf": 3.349676140249119
}