{
  "batch_size": 19,
  "hl_mlp": 2,
  "latent_size_mlp": 24,
  "lr": 0.0035390868378746437,
  "lr_decay": 0.0021444922697576255
}