{
  "max_depth": 3.9564402025303,
  "min_samples_leaf": 4.939024409458278
}