{
  "batch_size": 24,
  "hl_mlp": 1,
  "latent_size_mlp": 50,
  "lr": 0.010009977832309443,
  "lr_decay": 0.007939540759433133
}