{
  "batch_size": 28,
  "hl_mlp": 1,
  "latent_size_mlp": 44,
  "lr": 0.03289987891887771,
  "lr_decay": 0.03899043700049142
}