{
  "batch_size": 25,
  "hl_mlp": 1,
  "latent_size_mlp": 55,
  "lr": 0.0007228210923920125,
  "lr_decay": 0.006014825503913449
}