{
  "batch_size": 23,
  "hl_mlp": 1,
  "latent_size_mlp": 48,
  "lr": 0.022489574623251626,
  "lr_decay": 0.0019928821580714896
}