{
  "batch_size": 25,
  "hl_mlp": 1,
  "latent_size_mlp": 49,
  "lr": 0.0022597590670277805,
  "lr_decay": 0.03960283195359042
}