{
  "batch_size": 34,
  "hl_mlp": 1,
  "latent_size_mlp": 42,
  "lr": 0.00039685315493718604,
  "lr_decay": 0.0002851154735544246
}