{
  "batch_size": 22,
  "hl_mlp": 0,
  "latent_size_mlp": 43,
  "lr": 0.014656381423797174,
  "lr_decay": 0.013888545701663318
}