{
  "batch_size": 22,
  "hl_mlp": 0,
  "latent_size_mlp": 44,
  "lr": 0.013930059336230361,
  "lr_decay": 0.00885815388603159
}