{
  "batch_size": 30,
  "hl_mlp": 1,
  "latent_size_mlp": 72,
  "lr": 0.000501773492523801,
  "lr_decay": 0.03517056601018055
}