{
  "batch_size": 22,
  "hl_mlp": 1,
  "latent_size_mlp": 49,
  "lr": 0.024431434190171412,
  "lr_decay": 0.0022823338727710717
}