{
  "batch_size": 25,
  "hl_mlp": 1,
  "latent_size_mlp": 48,
  "lr": 0.002059762156916401,
  "lr_decay": 0.05074264795669729
}