{
  "batch_size": 17,
  "hl_mlp": 2,
  "latent_size_mlp": 42,
  "lr": 0.1738125162274556,
  "lr_decay": 0.012723830808800863
}