{
  "batch_size": 20,
  "hl_mlp": 1,
  "latent_size_mlp": 52,
  "lr": 0.01664066477508508,
  "lr_decay": 0.004513639166599126
}