{
  "batch_size": 36,
  "hl_mlp": 1,
  "latent_size_mlp": 46,
  "lr": 0.00255239752245333,
  "lr_decay": 0.006495017958999135
}