{
  "batch_size": 23,
  "hl_mlp": 1,
  "latent_size_mlp": 40,
  "lr": 0.04704454654192864,
  "lr_decay": 0.028081695837727377
}