{
  "batch_size": 21,
  "hl_mlp": 1,
  "latent_size_mlp": 47,
  "lr": 0.0030879128202930526,
  "lr_decay": 0.027958923232857674
}