{
  "batch_size": 19,
  "hl_mlp": 1,
  "latent_size_mlp": 44,
  "lr": 0.0494413227017085,
  "lr_decay": 0.032069755413888595
}