{
  "batch_size": 23,
  "hl_mlp": 1,
  "latent_size_mlp": 53,
  "lr": 0.01450860189172341,
  "lr_decay": 0.0013509034713754884
}