{
  "batch_size": 28,
  "hl_mlp": 2,
  "latent_size_mlp": 70,
  "lr": 0.00330651663504802,
  "lr_decay": 0.0027841901467404386
}