{
  "batch_size": 25,
  "hl_mlp": 1,
  "latent_size_mlp": 52,
  "lr": 0.07208388695297231,
  "lr_decay": 0.00888278989278787
}