{
  "batch_size": 21,
  "hl_mlp": 1,
  "latent_size_mlp": 50,
  "lr": 0.06388696691702443,
  "lr_decay": 0.008623382257245559
}