{
  "C": 1.5628596999907858,
  "epsilon": 0.06493091586930817
}