{
  "batch_size": 17,
  "hl_mlp": 0,
  "latent_size_mlp": 59,
  "lr": 0.011336665718989997,
  "lr_decay": 0.013358574179987601
}