{
  "batch_size": 34,
  "hl_mlp": 1,
  "latent_size_mlp": 55,
  "lr": 0.00646498518726667,
  "lr_decay": 0.015972743005599744
}