{
  "batch_size": 27,
  "hl_mlp": 1,
  "latent_size_mlp": 76,
  "lr": 0.00589722880160833,
  "lr_decay": 0.41039493239775654
}