{
  "batch_size": 32,
  "hl_mlp": 1,
  "latent_size_mlp": 37,
  "lr": 0.0015532720272038456,
  "lr_decay": 0.0015242203784051435
}