{
  "batch_size": 31,
  "hl_mlp": 1,
  "latent_size_mlp": 38,
  "lr": 0.0014283234365952606,
  "lr_decay": 0.0019290089917764555
}