{
  "batch_size": 18,
  "hl_mlp": 1,
  "latent_size_mlp": 50,
  "lr": 0.024627993150416482,
  "lr_decay": 0.010037892483287281
}