{
  "batch_size": 23,
  "hl_mlp": 1,
  "latent_size_mlp": 45,
  "lr": 0.08688921716739335,
  "lr_decay": 0.04170938086925857
}