{
  "C": 1.9944963755612624,
  "epsilon": 0.013611456601827167
}