{
  "batch_size": 24,
  "hl_mlp": 1,
  "latent_size_mlp": 47,
  "lr": 0.016593446925873008,
  "lr_decay": 0.002273891148636804
}