{
  "batch_size": 24,
  "hl_mlp": 1,
  "latent_size_mlp": 58,
  "lr": 0.05913577777435656,
  "lr_decay": 0.001681279055907987
}