{
  "batch_size": 20,
  "hl_mlp": 1,
  "latent_size_mlp": 48,
  "lr": 0.0031329748071850256,
  "lr_decay": 0.034782649845750135
}