{
  "batch_size": 21,
  "hl_mlp": 1,
  "latent_size_mlp": 46,
  "lr": 0.025308820449762848,
  "lr_decay": 0.03539477517953415
}