{
  "batch_size": 20,
  "hl_mlp": 1,
  "latent_size_mlp": 44,
  "lr": 0.002766030274764853,
  "lr_decay": 0.016756161843446454
}