{
  "alpha": 0.19737671054348227,
  "length_scale": 6.5174451423691995
}