{
  "batch_size": 22,
  "hl_mlp": 1,
  "latent_size_mlp": 56,
  "lr": 0.09907771719368665,
  "lr_decay": 0.006810151739956376
}