{
  "batch_size": 38,
  "hl_mlp": 0,
  "latent_size_mlp": 30,
  "lr": 0.0231204699170556,
  "lr_decay": 0.027872599256222142
}