{
  "batch_size": 24,
  "hl_mlp": 2,
  "latent_size_mlp": 58,
  "lr": 0.01086766973773148,
  "lr_decay": 0.0012472530757028394
}