{
  "batch_size": 21,
  "hl_mlp": 1,
  "latent_size_mlp": 49,
  "lr": 0.016607051970551713,
  "lr_decay": 0.007007956495022894
}