{
  "batch_size": 26,
  "hl_mlp": 1,
  "latent_size_mlp": 39,
  "lr": 0.002386149856067472,
  "lr_decay": 0.005185619793103311
}