{
  "batch_size": 31,
  "hl_mlp": 2,
  "latent_size_mlp": 65,
  "lr": 0.004901140522765373,
  "lr_decay": 0.0027793059067695515
}