{
  "batch_size": 18,
  "hl_mlp": 1,
  "latent_size_mlp": 40,
  "lr": 0.0014362526000901135,
  "lr_decay": 0.028829735030479274
}