{
  "alpha": 0.0037330442489504284,
  "length_scale": 1.5623820653216112
}