{
  "batch_size": 23,
  "hl_mlp": 1,
  "latent_size_mlp": 51,
  "lr": 0.013902081519383847,
  "lr_decay": 0.001420605641132609
}