{
  "batch_size": 31,
  "hl_mlp": 1,
  "latent_size_mlp": 46,
  "lr": 0.007658475098120915,
  "lr_decay": 0.027290102173842253
}