{
  "C": 1.529630099687413,
  "epsilon": 0.017353494893246793
}