{
  "max_depth": 8.683226275031107,
  "min_samples_leaf": 5.594850761203701
}