{
  "batch_size": 21,
  "hl_mlp": 1,
  "latent_size_mlp": 48,
  "lr": 0.06612301199244973,
  "lr_decay": 0.0012907453519076426
}