{
  "batch_size": 20,
  "hl_mlp": 1,
  "latent_size_mlp": 48,
  "lr": 0.0003223390626481885,
  "lr_decay": 0.00043246541496184254
}