{
  "batch_size": 24,
  "hl_mlp": 1,
  "latent_size_mlp": 51,
  "lr": 0.019136809045841075,
  "lr_decay": 0.002867424227743646
}