{
  "batch_size": 47,
  "hl_mlp": 2,
  "latent_size_mlp": 21,
  "lr": 0.012788178984258061,
  "lr_decay": 0.018450298202285942
}