{
  "batch_size": 23,
  "hl_mlp": 0,
  "latent_size_mlp": 47,
  "lr": 0.07429521678000646,
  "lr_decay": 0.001306826570700161
}