{
  "batch_size": 23,
  "hl_mlp": 1,
  "latent_size_mlp": 39,
  "lr": 0.04082005115307931,
  "lr_decay": 0.019273086720560367
}