{
  "batch_size": 22,
  "hl_mlp": 1,
  "latent_size_mlp": 42,
  "lr": 0.042390143863069184,
  "lr_decay": 0.017854900550652305
}