{
  "batch_size": 21,
  "hl_mlp": 1,
  "latent_size_mlp": 47,
  "lr": 0.04329974785151123,
  "lr_decay": 0.0026007667728612164
}