{
  "batch_size": 25,
  "hl_mlp": 1,
  "latent_size_mlp": 75,
  "lr": 0.001437974529951381,
  "lr_decay": 0.00011448833043261404
}