{
  "batch_size": 24,
  "hl_mlp": 1,
  "latent_size_mlp": 45,
  "lr": 0.0010119731237849725,
  "lr_decay": 0.031912491171617735
}