{
  "batch_size": 24,
  "hl_mlp": 1,
  "latent_size_mlp": 43,
  "lr": 0.00884531554612872,
  "lr_decay": 0.0115718112572356
}