{
  "batch_size": 26,
  "hl_mlp": 1,
  "latent_size_mlp": 46,
  "lr": 0.0034419041996932207,
  "lr_decay": 0.054839558910027945
}