{
  "batch_size": 21,
  "hl_mlp": 1,
  "latent_size_mlp": 46,
  "lr": 0.014747098957336075,
  "lr_decay": 0.05894688119272893
}