{
  "batch_size": 17,
  "hl_mlp": 1,
  "latent_size_mlp": 49,
  "lr": 0.011015893997362419,
  "lr_decay": 0.03680522351377361
}