{
  "batch_size": 22,
  "hl_mlp": 1,
  "latent_size_mlp": 53,
  "lr": 0.017249865583455242,
  "lr_decay": 0.0025243872482195316
}