{
  "batch_size": 30,
  "hl_mlp": 1,
  "latent_size_mlp": 30,
  "lr": 0.00012478911603042945,
  "lr_decay": 0.0012265719945695965
}