{
  "batch_size": 24,
  "hl_mlp": 1,
  "latent_size_mlp": 78,
  "lr": 0.00018619192350907528,
  "lr_decay": 0.00020645088619552796
}