{
  "batch_size": 17,
  "hl_mlp": 2,
  "latent_size_mlp": 48,
  "lr": 0.04739067069293198,
  "lr_decay": 0.005685896924498938
}