{
  "batch_size": 23,
  "hl_mlp": 1,
  "latent_size_mlp": 48,
  "lr": 0.012407522820189983,
  "lr_decay": 0.09187070477166795
}