{
  "batch_size": 23,
  "hl_mlp": 1,
  "latent_size_mlp": 41,
  "lr": 0.04890599229602378,
  "lr_decay": 0.0445120183611823
}