{
  "batch_size": 23,
  "hl_mlp": 1,
  "latent_size_mlp": 53,
  "lr": 0.012461509654699913,
  "lr_decay": 0.002016067092432776
}