{
  "batch_size": 23,
  "hl_mlp": 1,
  "latent_size_mlp": 30,
  "lr": 0.03077690905155093,
  "lr_decay": 0.041925580984138004
}