{
  "alpha": 0.07265453542567675,
  "length_scale": 0.6505660177026176
}