{
  "batch_size": 42,
  "hl_mlp": 2,
  "latent_size_mlp": 39,
  "lr": 0.007701900081645085,
  "lr_decay": 0.0021134590869965352
}