{
  "C": 1.4102423803799777,
  "epsilon": 0.013881907688364323
}