{
  "batch_size": 36,
  "hl_mlp": 1,
  "latent_size_mlp": 68,
  "lr": 0.001883669171968023,
  "lr_decay": 0.766512311074147
}