{
  "alpha": 0.0011664905062072856,
  "length_scale": 3.975909669791051
}