{
  "batch_size": 35,
  "hl_mlp": 1,
  "latent_size_mlp": 64,
  "lr": 0.03483004133823791,
  "lr_decay": 0.009211889792307222
}