{
  "batch_size": 12,
  "hl_mlp": 1,
  "latent_size_mlp": 77,
  "lr": 0.00017775150773057929,
  "lr_decay": 0.0033616526334708757
}