{
  "batch_size": 46,
  "hl_mlp": 0,
  "latent_size_mlp": 11,
  "lr": 0.007727332352641486,
  "lr_decay": 0.003257802825036678
}