{
  "batch_size": 17,
  "hl_mlp": 1,
  "latent_size_mlp": 16,
  "lr": 0.0025331926488955862,
  "lr_decay": 0.05184458080100596
}