{
  "batch_size": 21,
  "hl_mlp": 1,
  "latent_size_mlp": 44,
  "lr": 0.0027915451964083183,
  "lr_decay": 0.005468674472729154
}