{
  "batch_size": 30,
  "hl_mlp": 2,
  "latent_size_mlp": 43,
  "lr": 0.0004770706039609206,
  "lr_decay": 0.009638127204156443
}