{
  "batch_size": 20,
  "hl_mlp": 0,
  "latent_size_mlp": 40,
  "lr": 0.0016782137225036335,
  "lr_decay": 0.09295134883718553
}