{
  "batch_size": 25,
  "hl_mlp": 1,
  "latent_size_mlp": 74,
  "lr": 0.0003112116458612316,
  "lr_decay": 0.00448919786121295
}