{
  "batch_size": 23,
  "hl_mlp": 1,
  "latent_size_mlp": 59,
  "lr": 0.011048371199547154,
  "lr_decay": 0.001976288024006821
}