{
  "batch_size": 21,
  "hl_mlp": 1,
  "latent_size_mlp": 46,
  "lr": 0.0010534437976364567,
  "lr_decay": 0.00022803717333379412
}