{
  "batch_size": 21,
  "hl_mlp": 0,
  "latent_size_mlp": 48,
  "lr": 0.0927308821377664,
  "lr_decay": 0.0014884833107419592
}