{
  "batch_size": 17,
  "hl_mlp": 1,
  "latent_size_mlp": 42,
  "lr": 0.0011596658694656365,
  "lr_decay": 0.02167408568198371
}