{
  "batch_size": 29,
  "hl_mlp": 1,
  "latent_size_mlp": 71,
  "lr": 0.0005269121969089906,
  "lr_decay": 0.04132856788779516
}