{
  "batch_size": 21,
  "hl_mlp": 1,
  "latent_size_mlp": 46,
  "lr": 0.038532880869284025,
  "lr_decay": 0.0030585133011613165
}