{
  "batch_size": 24,
  "hl_mlp": 1,
  "latent_size_mlp": 49,
  "lr": 0.017707638592546125,
  "lr_decay": 0.016030321532720604
}