{
  "batch_size": 20,
  "hl_mlp": 1,
  "latent_size_mlp": 45,
  "lr": 0.0015227052760565663,
  "lr_decay": 0.0919005116198029
}