{
  "batch_size": 24,
  "hl_mlp": 1,
  "latent_size_mlp": 46,
  "lr": 0.004687454199312049,
  "lr_decay": 0.011535304188642728
}