{
  "batch_size": 27,
  "hl_mlp": 1,
  "latent_size_mlp": 48,
  "lr": 0.0011954554129915643,
  "lr_decay": 0.0003785630869632969
}