{
  "batch_size": 25,
  "hl_mlp": 1,
  "latent_size_mlp": 53,
  "lr": 0.0005521801961332675,
  "lr_decay": 0.0394562235847799
}