{
  "batch_size": 19,
  "hl_mlp": 2,
  "latent_size_mlp": 44,
  "lr": 0.003962001143592312,
  "lr_decay": 0.007236775604208563
}