{
  "batch_size": 24,
  "hl_mlp": 0,
  "latent_size_mlp": 34,
  "lr": 0.0025690801845193994,
  "lr_decay": 0.07745187785920418
}