{
  "batch_size": 22,
  "hl_mlp": 1,
  "latent_size_mlp": 42,
  "lr": 0.0263458837276141,
  "lr_decay": 0.04225366026404271
}