{
  "batch_size": 20,
  "hl_mlp": 1,
  "latent_size_mlp": 70,
  "lr": 0.0006060162108674803,
  "lr_decay": 0.0007952063028295777
}