{
  "batch_size": 25,
  "hl_mlp": 1,
  "latent_size_mlp": 42,
  "lr": 0.0020479667901067778,
  "lr_decay": 0.05922751820080899
}