{
  "batch_size": 41,
  "hl_mlp": 1,
  "latent_size_mlp": 57,
  "lr": 0.005996786425633013,
  "lr_decay": 0.39578841120957114
}