{
  "batch_size": 17,
  "hl_mlp": 1,
  "latent_size_mlp": 48,
  "lr": 0.032096723838684414,
  "lr_decay": 0.0018514366119809754
}