{
  "batch_size": 32,
  "hl_mlp": 1,
  "latent_size_mlp": 59,
  "lr": 0.010247641084569837,
  "lr_decay": 0.03890914422292883
}