{
  "batch_size": 25,
  "hl_mlp": 1,
  "latent_size_mlp": 67,
  "lr": 0.0018639875060915533,
  "lr_decay": 0.00017329727909386216
}