{
  "batch_size": 29,
  "hl_mlp": 1,
  "latent_size_mlp": 57,
  "lr": 0.10587975246796122,
  "lr_decay": 0.005199476475048386
}