{
  "batch_size": 21,
  "hl_mlp": 0,
  "latent_size_mlp": 51,
  "lr": 0.014763683781456484,
  "lr_decay": 0.0010568997593749878
}