{
  "C": 1.4923023560735786,
  "epsilon": 0.010190799606624234
}