{
  "batch_size": 21,
  "hl_mlp": 1,
  "latent_size_mlp": 45,
  "lr": 0.0027112474794606036,
  "lr_decay": 0.004450244209165631
}