{
  "batch_size": 32,
  "hl_mlp": 1,
  "latent_size_mlp": 40,
  "lr": 0.0007786808193813373,
  "lr_decay": 0.007310913098277475
}