{
  "batch_size": 21,
  "hl_mlp": 1,
  "latent_size_mlp": 49,
  "lr": 0.005390518774085572,
  "lr_decay": 0.00042280916595928246
}