{
  "batch_size": 24,
  "hl_mlp": 0,
  "latent_size_mlp": 43,
  "lr": 0.004470209698165953,
  "lr_decay": 0.0051137081704125545
}