{
  "alpha": 0.01594116470982557,
  "length_scale": 2.1759861388373105
}