{
  "batch_size": 19,
  "hl_mlp": 1,
  "latent_size_mlp": 48,
  "lr": 0.071912505128952,
  "lr_decay": 0.003510840845924362
}