{
  "batch_size": 15,
  "hl_mlp": 1,
  "latent_size_mlp": 41,
  "lr": 0.024898152525186765,
  "lr_decay": 0.033363096956021
}