{
  "batch_size": 24,
  "hl_mlp": 1,
  "latent_size_mlp": 51,
  "lr": 0.012286066517876212,
  "lr_decay": 0.05624642398083645
}