{
  "batch_size": 22,
  "hl_mlp": 1,
  "latent_size_mlp": 42,
  "lr": 0.02303198577919425,
  "lr_decay": 0.0031734841918717215
}