{
  "batch_size": 25,
  "hl_mlp": 1,
  "latent_size_mlp": 41,
  "lr": 0.0021764627952455427,
  "lr_decay": 0.0614013181613868
}