{
  "batch_size": 23,
  "hl_mlp": 1,
  "latent_size_mlp": 50,
  "lr": 0.015901037418910767,
  "lr_decay": 0.0064741486873708025
}