{
  "batch_size": 20,
  "hl_mlp": 1,
  "latent_size_mlp": 46,
  "lr": 0.01833769301583766,
  "lr_decay": 0.028287191942813934
}