{
  "batch_size": 18,
  "hl_mlp": 1,
  "latent_size_mlp": 51,
  "lr": 0.026471715708657393,
  "lr_decay": 0.007155674049522029
}