{
  "batch_size": 24,
  "hl_mlp": 1,
  "latent_size_mlp": 42,
  "lr": 0.0022732293408232753,
  "lr_decay": 0.046118386291571514
}