{
  "batch_size": 23,
  "hl_mlp": 0,
  "latent_size_mlp": 49,
  "lr": 0.05219445823000656,
  "lr_decay": 0.0015298433081221356
}