{
  "batch_size": 20,
  "hl_mlp": 1,
  "latent_size_mlp": 45,
  "lr": 0.0033870702430708506,
  "lr_decay": 0.029614715003544175
}