{
  "batch_size": 25,
  "hl_mlp": 1,
  "latent_size_mlp": 44,
  "lr": 0.0035958064881231053,
  "lr_decay": 0.002947718644526978
}