{
  "alpha": 0.1112553953875357,
  "length_scale": 0.8131680535312293
}