{
  "batch_size": 18,
  "hl_mlp": 1,
  "latent_size_mlp": 47,
  "lr": 0.015332407844042353,
  "lr_decay": 0.0012401425029945022
}