{
  "batch_size": 31,
  "hl_mlp": 1,
  "latent_size_mlp": 55,
  "lr": 0.020310730246203987,
  "lr_decay": 0.021059132601453853
}