{
  "batch_size": 38,
  "hl_mlp": 1,
  "latent_size_mlp": 70,
  "lr": 0.0012026538729665679,
  "lr_decay": 0.05637119039894413
}