{
  "batch_size": 34,
  "hl_mlp": 2,
  "latent_size_mlp": 49,
  "lr": 0.008698247583076508,
  "lr_decay": 0.6406858414073414
}