{
  "batch_size": 20,
  "hl_mlp": 1,
  "latent_size_mlp": 47,
  "lr": 0.008038952508769443,
  "lr_decay": 0.0250547348802111
}