{
  "alpha": 0.005166544701161693,
  "length_scale": 1.226593497859755
}