{
  "alpha": 0.0019024570807061826,
  "length_scale": 1.1750094323531306
}