{
  "batch_size": 32,
  "hl_mlp": 1,
  "latent_size_mlp": 29,
  "lr": 0.043574050584715536,
  "lr_decay": 0.019497696816973744
}