{
  "batch_size": 23,
  "hl_mlp": 1,
  "latent_size_mlp": 58,
  "lr": 0.025390424680667382,
  "lr_decay": 0.004179316207059419
}