{
  "batch_size": 21,
  "hl_mlp": 2,
  "latent_size_mlp": 47,
  "lr": 0.026580087645430135,
  "lr_decay": 0.0015402375639889951
}