{
  "batch_size": 23,
  "hl_mlp": 0,
  "latent_size_mlp": 48,
  "lr": 0.022758639063062025,
  "lr_decay": 0.0043066882257642375
}