{
  "batch_size": 41,
  "hl_mlp": 1,
  "latent_size_mlp": 36,
  "lr": 0.005636042029821963,
  "lr_decay": 0.13364741523428508
}