{
  "batch_size": 29,
  "hl_mlp": 0,
  "latent_size_mlp": 6,
  "lr": 0.01160387181291797,
  "lr_decay": 0.012999426742377954
}