{
  "batch_size": 25,
  "hl_mlp": 1,
  "latent_size_mlp": 45,
  "lr": 0.056239561110663035,
  "lr_decay": 0.007576628749651747
}