{
  "batch_size": 24,
  "hl_mlp": 1,
  "latent_size_mlp": 74,
  "lr": 0.0001387451066440181,
  "lr_decay": 0.00010229413911489194
}