{
  "batch_size": 17,
  "hl_mlp": 1,
  "latent_size_mlp": 58,
  "lr": 0.012376673473029447,
  "lr_decay": 0.0014181482709049878
}