{
  "alpha": 0.07912212100224222,
  "length_scale": 0.2902443136096566
}