{
  "batch_size": 24,
  "hl_mlp": 2,
  "latent_size_mlp": 53,
  "lr": 0.012987112409752484,
  "lr_decay": 0.0020295548164573425
}