{
  "batch_size": 21,
  "hl_mlp": 1,
  "latent_size_mlp": 49,
  "lr": 0.005466581791614501,
  "lr_decay": 0.00015233929470022294
}