{
  "batch_size": 36,
  "hl_mlp": 1,
  "latent_size_mlp": 53,
  "lr": 0.0010709056496906887,
  "lr_decay": 0.6642709557066808
}