{
  "C": 1.9206070277175493,
  "epsilon": 0.021013205278482355
}