{
  "batch_size": 25,
  "hl_mlp": 1,
  "latent_size_mlp": 43,
  "lr": 0.002003440299140672,
  "lr_decay": 0.05469009909955594
}