{
  "alpha": 0.005926485726187579,
  "length_scale": 7.100587949958607
}