{
  "batch_size": 22,
  "hl_mlp": 1,
  "latent_size_mlp": 42,
  "lr": 0.07544658758337149,
  "lr_decay": 0.08454478772208082
}