{
  "batch_size": 26,
  "hl_mlp": 1,
  "latent_size_mlp": 50,
  "lr": 0.00037584160907237085,
  "lr_decay": 0.3415525715782492
}