{
  "batch_size": 24,
  "hl_mlp": 1,
  "latent_size_mlp": 50,
  "lr": 0.02543815814191671,
  "lr_decay": 0.003575250999185325
}