{
  "batch_size": 24,
  "hl_mlp": 1,
  "latent_size_mlp": 55,
  "lr": 0.09512544544559441,
  "lr_decay": 0.0016679795340869919
}