{
  "batch_size": 23,
  "hl_mlp": 0,
  "latent_size_mlp": 47,
  "lr": 0.078929047916169,
  "lr_decay": 0.0015936308653922702
}