{
  "batch_size": 21,
  "hl_mlp": 1,
  "latent_size_mlp": 52,
  "lr": 0.0019856833289334324,
  "lr_decay": 0.05878364197064947
}