{
  "batch_size": 20,
  "hl_mlp": 1,
  "latent_size_mlp": 43,
  "lr": 0.0032939645808779095,
  "lr_decay": 0.00043335581933594296
}