{
  "batch_size": 29,
  "hl_mlp": 2,
  "latent_size_mlp": 44,
  "lr": 0.0016536833681844892,
  "lr_decay": 0.0029735660208308323
}