{
  "batch_size": 23,
  "hl_mlp": 1,
  "latent_size_mlp": 40,
  "lr": 8.76135972209927e-05,
  "lr_decay": 0.002936985925482275
}