{
  "batch_size": 33,
  "hl_mlp": 1,
  "latent_size_mlp": 57,
  "lr": 0.0025091408543848263,
  "lr_decay": 0.05599578275393594
}