{
  "batch_size": 29,
  "hl_mlp": 2,
  "latent_size_mlp": 54,
  "lr": 0.06488853350080091,
  "lr_decay": 0.008556891005426056
}