{
  "batch_size": 35,
  "hl_mlp": 1,
  "latent_size_mlp": 40,
  "lr": 0.17913649302698761,
  "lr_decay": 0.018088661802695017
}