{
  "batch_size": 23,
  "hl_mlp": 0,
  "latent_size_mlp": 48,
  "lr": 0.012028731402275035,
  "lr_decay": 0.002720457995202492
}