{
  "alpha": 7.333648793521965,
  "length_scale": 0.03442279309108108
}