{
  "batch_size": 17,
  "hl_mlp": 1,
  "latent_size_mlp": 58,
  "lr": 0.012239733538284418,
  "lr_decay": 0.0014418463608633113
}