{
  "batch_size": 22,
  "hl_mlp": 1,
  "latent_size_mlp": 47,
  "lr": 0.010330824661333811,
  "lr_decay": 0.057221547222802156
}