{
  "batch_size": 15,
  "hl_mlp": 2,
  "latent_size_mlp": 47,
  "lr": 0.005150311606088972,
  "lr_decay": 0.05718785747010388
}