{
  "batch_size": 25,
  "hl_mlp": 1,
  "latent_size_mlp": 73,
  "lr": 0.0015451248708626497,
  "lr_decay": 0.00013724345323839988
}