{
  "batch_size": 23,
  "hl_mlp": 1,
  "latent_size_mlp": 45,
  "lr": 0.011266839397023143,
  "lr_decay": 0.009267660583746546
}