{
  "batch_size": 24,
  "hl_mlp": 2,
  "latent_size_mlp": 79,
  "lr": 0.0027675290242270174,
  "lr_decay": 0.006703745768093707
}