{
  "batch_size": 23,
  "hl_mlp": 1,
  "latent_size_mlp": 44,
  "lr": 0.0014704446783717362,
  "lr_decay": 0.052895303483291634
}