{
  "batch_size": 28,
  "hl_mlp": 1,
  "latent_size_mlp": 51,
  "lr": 0.07448566001800369,
  "lr_decay": 0.01703191849776581
}