{
  "batch_size": 25,
  "hl_mlp": 1,
  "latent_size_mlp": 66,
  "lr": 0.0004879448346185341,
  "lr_decay": 0.0004296424979101216
}