{
  "batch_size": 24,
  "hl_mlp": 1,
  "latent_size_mlp": 51,
  "lr": 0.022753742176150376,
  "lr_decay": 0.006196475613553227
}