{
  "batch_size": 33,
  "hl_mlp": 1,
  "latent_size_mlp": 58,
  "lr": 0.0024710931364471667,
  "lr_decay": 0.5901911392097611
}