{
  "batch_size": 29,
  "hl_mlp": 2,
  "latent_size_mlp": 53,
  "lr": 0.036719084624141064,
  "lr_decay": 0.006442796249730177
}