{
  "batch_size": 23,
  "hl_mlp": 1,
  "latent_size_mlp": 42,
  "lr": 0.07945772628331312,
  "lr_decay": 0.032225740482070483
}