{
  "batch_size": 20,
  "hl_mlp": 1,
  "latent_size_mlp": 9,
  "lr": 0.0014457954086252221,
  "lr_decay": 0.01907735205816127
}