{
  "batch_size": 22,
  "hl_mlp": 1,
  "latent_size_mlp": 53,
  "lr": 0.01738151963303422,
  "lr_decay": 0.0011243548640677214
}