{
  "batch_size": 24,
  "hl_mlp": 1,
  "latent_size_mlp": 44,
  "lr": 0.0027582676725474158,
  "lr_decay": 0.04221967235922476
}