{
  "batch_size": 29,
  "hl_mlp": 1,
  "latent_size_mlp": 55,
  "lr": 0.057871123101753304,
  "lr_decay": 0.010116326960212602
}