{
  "alpha": 0.0004945403113489199,
  "length_scale": 1.9549935639644729
}