{
  "alpha": 0.0020947510149537073,
  "length_scale": 1.024358083261113
}