{
  "batch_size": 47,
  "hl_mlp": 0,
  "latent_size_mlp": 28,
  "lr": 0.003668170965568141,
  "lr_decay": 0.0036180820053975313
}