{
  "batch_size": 21,
  "hl_mlp": 1,
  "latent_size_mlp": 47,
  "lr": 0.0027341864130000465,
  "lr_decay": 0.0010587460333433565
}