{
  "batch_size": 15,
  "hl_mlp": 0,
  "latent_size_mlp": 53,
  "lr": 0.013949241130367425,
  "lr_decay": 0.0020752802647016405
}