{
  "batch_size": 24,
  "hl_mlp": 1,
  "latent_size_mlp": 48,
  "lr": 0.02842196019284209,
  "lr_decay": 0.0024210504501971184
}