{
  "batch_size": 22,
  "hl_mlp": 1,
  "latent_size_mlp": 41,
  "lr": 0.05411178290978969,
  "lr_decay": 0.005989664176256418
}