{
  "alpha": 0.0013555306828487482,
  "length_scale": 0.556671048713595
}