{
  "batch_size": 23,
  "hl_mlp": 1,
  "latent_size_mlp": 50,
  "lr": 0.04265901101641722,
  "lr_decay": 0.017177286215609145
}