{
  "batch_size": 24,
  "hl_mlp": 1,
  "latent_size_mlp": 49,
  "lr": 0.018946362958115477,
  "lr_decay": 0.0029132441090522847
}