{
  "batch_size": 31,
  "hl_mlp": 1,
  "latent_size_mlp": 38,
  "lr": 6.882190646872346e-05,
  "lr_decay": 0.0019020353238048174
}