{
  "batch_size": 22,
  "hl_mlp": 1,
  "latent_size_mlp": 48,
  "lr": 0.07237037537197986,
  "lr_decay": 0.011342917508312242
}