{
  "batch_size": 23,
  "hl_mlp": 1,
  "latent_size_mlp": 53,
  "lr": 0.029142159560918347,
  "lr_decay": 0.0034490979130228643
}