{
  "batch_size": 23,
  "hl_mlp": 1,
  "latent_size_mlp": 45,
  "lr": 0.0018181764137050723,
  "lr_decay": 0.07320218549729016
}