{
  "batch_size": 18,
  "hl_mlp": 0,
  "latent_size_mlp": 47,
  "lr": 0.01046431744044737,
  "lr_decay": 0.0014697136668595037
}