{
  "batch_size": 12,
  "hl_mlp": 0,
  "latent_size_mlp": 33,
  "lr": 0.02004423856322328,
  "lr_decay": 0.011771447678959313
}