{
  "batch_size": 31,
  "hl_mlp": 1,
  "latent_size_mlp": 50,
  "lr": 0.006084057231283918,
  "lr_decay": 0.11749447643842256
}