{
  "batch_size": 24,
  "hl_mlp": 1,
  "latent_size_mlp": 54,
  "lr": 0.07648873009503529,
  "lr_decay": 0.010388126529245815
}