{
  "batch_size": 23,
  "hl_mlp": 1,
  "latent_size_mlp": 39,
  "lr": 0.0034594374055839463,
  "lr_decay": 0.06782579105708558
}