{
  "batch_size": 22,
  "hl_mlp": 2,
  "latent_size_mlp": 59,
  "lr": 0.08231111755051326,
  "lr_decay": 0.003372325348039197
}