{
  "batch_size": 24,
  "hl_mlp": 1,
  "latent_size_mlp": 65,
  "lr": 0.004093891243023504,
  "lr_decay": 0.0018383936656853192
}