{
  "batch_size": 22,
  "hl_mlp": 1,
  "latent_size_mlp": 42,
  "lr": 0.03622905237996781,
  "lr_decay": 0.03977896013700205
}