{
  "batch_size": 23,
  "hl_mlp": 1,
  "latent_size_mlp": 59,
  "lr": 0.028379475725277364,
  "lr_decay": 0.005218518314604969
}