{
  "batch_size": 27,
  "hl_mlp": 1,
  "latent_size_mlp": 73,
  "lr": 0.00023803825969714916,
  "lr_decay": 0.20472316651114536
}