{
  "alpha": 0.0019540213711937942,
  "length_scale": 1.6504989455839032
}