{
  "batch_size": 19,
  "hl_mlp": 1,
  "latent_size_mlp": 48,
  "lr": 0.01702540994031234,
  "lr_decay": 0.00191251551536165
}