{
  "batch_size": 21,
  "hl_mlp": 2,
  "latent_size_mlp": 46,
  "lr": 0.030785486316412425,
  "lr_decay": 0.001376255442038165
}