{
  "batch_size": 21,
  "hl_mlp": 1,
  "latent_size_mlp": 42,
  "lr": 0.047538431782831736,
  "lr_decay": 0.02879833436593635
}