{
  "batch_size": 25,
  "hl_mlp": 0,
  "latent_size_mlp": 40,
  "lr": 0.0022946724374377724,
  "lr_decay": 0.035407613066377165
}