{
  "batch_size": 29,
  "hl_mlp": 1,
  "latent_size_mlp": 62,
  "lr": 0.0011289670529000845,
  "lr_decay": 0.0010587534057166909
}