{
  "batch_size": 16,
  "hl_mlp": 1,
  "latent_size_mlp": 52,
  "lr": 0.07760002932228757,
  "lr_decay": 0.06911708150772537
}