{
  "batch_size": 24,
  "hl_mlp": 2,
  "latent_size_mlp": 54,
  "lr": 0.013665877014917211,
  "lr_decay": 0.0020238243723243103
}