{
  "alpha": 0.0043333980403723,
  "length_scale": 0.585749934478923
}