{
  "batch_size": 39,
  "hl_mlp": 1,
  "latent_size_mlp": 58,
  "lr": 0.0002762104404908138,
  "lr_decay": 0.855598618217084
}