{
  "batch_size": 26,
  "hl_mlp": 1,
  "latent_size_mlp": 36,
  "lr": 0.0010603749841032008,
  "lr_decay": 0.003628900482283602
}