{
  "batch_size": 22,
  "hl_mlp": 1,
  "latent_size_mlp": 49,
  "lr": 0.02028480330610821,
  "lr_decay": 0.0011165059536673843
}