{
  "batch_size": 17,
  "hl_mlp": 1,
  "latent_size_mlp": 45,
  "lr": 0.022690322874419907,
  "lr_decay": 0.0025948663178848325
}