{
  "batch_size": 24,
  "hl_mlp": 1,
  "latent_size_mlp": 66,
  "lr": 0.0005094544941460648,
  "lr_decay": 0.0004586694681396198
}