{
  "batch_size": 19,
  "hl_mlp": 1,
  "latent_size_mlp": 46,
  "lr": 0.019789043729577318,
  "lr_decay": 0.030584101652813906
}