{
  "batch_size": 20,
  "hl_mlp": 1,
  "latent_size_mlp": 51,
  "lr": 0.02938872884174562,
  "lr_decay": 0.003702835401182703
}