{
  "batch_size": 21,
  "hl_mlp": 1,
  "latent_size_mlp": 48,
  "lr": 0.0026886558881898544,
  "lr_decay": 0.054828545926791476
}