{
  "batch_size": 16,
  "hl_mlp": 1,
  "latent_size_mlp": 42,
  "lr": 0.002210516339867614,
  "lr_decay": 0.05278489919348629
}