{
  "batch_size": 24,
  "hl_mlp": 1,
  "latent_size_mlp": 50,
  "lr": 8.686834140777593e-05,
  "lr_decay": 0.00029418399968264775
}