{
  "batch_size": 24,
  "hl_mlp": 1,
  "latent_size_mlp": 35,
  "lr": 0.0013965069405216589,
  "lr_decay": 0.025036979862468164
}