{
  "C": 1.0676262533980898,
  "epsilon": 0.024778361591303887
}