{
  "batch_size": 25,
  "hl_mlp": 1,
  "latent_size_mlp": 78,
  "lr": 0.00012456727758839453,
  "lr_decay": 0.00012773899625857001
}