{
  "batch_size": 22,
  "hl_mlp": 1,
  "latent_size_mlp": 45,
  "lr": 0.0137170235966226,
  "lr_decay": 0.03510963485545002
}