{
  "batch_size": 22,
  "hl_mlp": 1,
  "latent_size_mlp": 45,
  "lr": 0.0029148134876303103,
  "lr_decay": 0.033010389507144404
}