{
  "batch_size": 23,
  "hl_mlp": 2,
  "latent_size_mlp": 48,
  "lr": 0.012654317898944452,
  "lr_decay": 0.0011042324047162233
}