{
  "batch_size": 21,
  "hl_mlp": 1,
  "latent_size_mlp": 45,
  "lr": 0.028456497546867226,
  "lr_decay": 0.002415715891748115
}