{
  "batch_size": 29,
  "hl_mlp": 1,
  "latent_size_mlp": 44,
  "lr": 0.008751361256864449,
  "lr_decay": 0.7361467727730655
}