{
  "batch_size": 23,
  "hl_mlp": 1,
  "latent_size_mlp": 13,
  "lr": 0.0051723896378729145,
  "lr_decay": 0.004928774580521782
}