{
  "batch_size": 21,
  "hl_mlp": 1,
  "latent_size_mlp": 48,
  "lr": 0.0031006375399572866,
  "lr_decay": 0.030394580792681907
}