{
  "batch_size": 25,
  "hl_mlp": 1,
  "latent_size_mlp": 56,
  "lr": 0.05351257477429173,
  "lr_decay": 0.0088028737336888
}