{
  "batch_size": 23,
  "hl_mlp": 1,
  "latent_size_mlp": 50,
  "lr": 0.09516178529013071,
  "lr_decay": 0.003458884877600429
}