{
  "batch_size": 49,
  "hl_mlp": 1,
  "latent_size_mlp": 66,
  "lr": 0.0033202658632741585,
  "lr_decay": 0.1703466457834611
}