{
  "batch_size": 36,
  "hl_mlp": 1,
  "latent_size_mlp": 54,
  "lr": 0.0004927471979596836,
  "lr_decay": 0.03553352527770971
}