{
  "batch_size": 23,
  "hl_mlp": 1,
  "latent_size_mlp": 52,
  "lr": 0.0401193654258132,
  "lr_decay": 0.0033026285275578222
}