{
  "batch_size": 23,
  "hl_mlp": 1,
  "latent_size_mlp": 40,
  "lr": 0.00184630755672082,
  "lr_decay": 0.017258794301580668
}