{
  "batch_size": 23,
  "hl_mlp": 1,
  "latent_size_mlp": 55,
  "lr": 0.0818609340740562,
  "lr_decay": 0.008704688444382687
}