{
  "batch_size": 22,
  "hl_mlp": 2,
  "latent_size_mlp": 40,
  "lr": 0.06978966606371254,
  "lr_decay": 0.018210574372733927
}