{
  "batch_size": 34,
  "hl_mlp": 1,
  "latent_size_mlp": 68,
  "lr": 0.010299226366259278,
  "lr_decay": 0.024440639478211495
}