{
  "batch_size": 45,
  "hl_mlp": 1,
  "latent_size_mlp": 77,
  "lr": 0.002955531444042666,
  "lr_decay": 0.16027534610423835
}