{
  "batch_size": 28,
  "hl_mlp": 1,
  "latent_size_mlp": 55,
  "lr": 0.12107376509459465,
  "lr_decay": 0.005831146936521525
}