{
  "batch_size": 24,
  "hl_mlp": 0,
  "latent_size_mlp": 59,
  "lr": 0.01984538473986749,
  "lr_decay": 0.0010016857651047495
}