{
  "alpha": 0.004056991860796919,
  "length_scale": 0.03508487801220455
}