{
  "batch_size": 17,
  "hl_mlp": 1,
  "latent_size_mlp": 49,
  "lr": 0.015563058655193036,
  "lr_decay": 0.01641835594965111
}