{
  "batch_size": 23,
  "hl_mlp": 1,
  "latent_size_mlp": 65,
  "lr": 1.0558918693806163e-05,
  "lr_decay": 0.02285485881507353
}