{
  "batch_size": 22,
  "hl_mlp": 1,
  "latent_size_mlp": 43,
  "lr": 0.0011956406534364206,
  "lr_decay": 0.038804890505639525
}