{
  "batch_size": 19,
  "hl_mlp": 1,
  "latent_size_mlp": 44,
  "lr": 0.06828701766645946,
  "lr_decay": 0.058817264019056355
}