{
  "batch_size": 21,
  "hl_mlp": 1,
  "latent_size_mlp": 74,
  "lr": 5.4003372178243476e-05,
  "lr_decay": 0.00019827769911956659
}