{
  "alpha": 0.016223015428774256,
  "length_scale": 1.670044478759796
}