{
  "batch_size": 17,
  "hl_mlp": 0,
  "latent_size_mlp": 59,
  "lr": 0.07399467251648122,
  "lr_decay": 0.052517140288034954
}