{
  "alpha": 0.006527659627330567,
  "length_scale": 0.35744559077038934
}