{
  "batch_size": 26,
  "hl_mlp": 1,
  "latent_size_mlp": 72,
  "lr": 0.00045000478314902344,
  "lr_decay": 0.36099343024039177
}