{
  "batch_size": 23,
  "hl_mlp": 1,
  "latent_size_mlp": 50,
  "lr": 7.864361265402643e-05,
  "lr_decay": 0.00030378762739179663
}