{
  "batch_size": 18,
  "hl_mlp": 1,
  "latent_size_mlp": 58,
  "lr": 0.06593449460254971,
  "lr_decay": 0.009081731093270375
}