{
  "batch_size": 23,
  "hl_mlp": 0,
  "latent_size_mlp": 48,
  "lr": 0.016243855302686815,
  "lr_decay": 0.0013298824636852103
}