{
  "C": 0.9748068381801862,
  "epsilon": 0.014576443275516575
}