{
  "batch_size": 28,
  "hl_mlp": 1,
  "latent_size_mlp": 54,
  "lr": 0.08310250411474561,
  "lr_decay": 0.49687962373439465
}