{
  "max_depth": 2.056754824460747,
  "min_samples_leaf": 3.507979231998323
}