{
  "batch_size": 22,
  "hl_mlp": 1,
  "latent_size_mlp": 43,
  "lr": 0.005214908315910831,
  "lr_decay": 0.03965508981412907
}