{
  "alpha": 0.0009249091994764876,
  "length_scale": 2.650555403661215
}