{
  "batch_size": 22,
  "hl_mlp": 1,
  "latent_size_mlp": 42,
  "lr": 0.04061568869710283,
  "lr_decay": 0.037044172776851486
}