{
  "batch_size": 23,
  "hl_mlp": 1,
  "latent_size_mlp": 54,
  "lr": 0.0991208279511544,
  "lr_decay": 0.020830038566669463
}