{
  "batch_size": 22,
  "hl_mlp": 1,
  "latent_size_mlp": 48,
  "lr": 0.005335550901140325,
  "lr_decay": 0.2140873996357897
}