{
  "batch_size": 20,
  "hl_mlp": 1,
  "latent_size_mlp": 48,
  "lr": 0.00742457236024419,
  "lr_decay": 0.0032170434879041157
}