{
  "batch_size": 17,
  "hl_mlp": 2,
  "latent_size_mlp": 46,
  "lr": 0.014898702124682767,
  "lr_decay": 0.005202547301222525
}