{
  "batch_size": 23,
  "hl_mlp": 2,
  "latent_size_mlp": 49,
  "lr": 0.003526345239037,
  "lr_decay": 0.045657563072289103
}