{
  "batch_size": 19,
  "hl_mlp": 1,
  "latent_size_mlp": 49,
  "lr": 0.018345332075545433,
  "lr_decay": 0.04537606113746207
}