{
  "batch_size": 22,
  "hl_mlp": 2,
  "latent_size_mlp": 58,
  "lr": 0.015937201234190245,
  "lr_decay": 0.0015614389912347022
}