{
  "batch_size": 18,
  "hl_mlp": 1,
  "latent_size_mlp": 14,
  "lr": 0.011595614732502545,
  "lr_decay": 0.002356395914522528
}