{
  "batch_size": 24,
  "hl_mlp": 1,
  "latent_size_mlp": 49,
  "lr": 0.01791034689827751,
  "lr_decay": 0.003645218445092554
}