{
  "batch_size": 22,
  "hl_mlp": 1,
  "latent_size_mlp": 52,
  "lr": 0.011309976365223013,
  "lr_decay": 0.001598438396980652
}