{
  "alpha": 0.0051531637088360165,
  "length_scale": 4.322058685689426
}