{
  "batch_size": 26,
  "hl_mlp": 1,
  "latent_size_mlp": 27,
  "lr": 0.07064908924956277,
  "lr_decay": 0.0011658506410877104
}