{
  "batch_size": 21,
  "hl_mlp": 1,
  "latent_size_mlp": 43,
  "lr": 0.09465618942149104,
  "lr_decay": 0.023648603025640376
}