{
  "batch_size": 23,
  "hl_mlp": 2,
  "latent_size_mlp": 53,
  "lr": 0.012845125372250504,
  "lr_decay": 0.001524278499643379
}