{
  "batch_size": 24,
  "hl_mlp": 1,
  "latent_size_mlp": 41,
  "lr": 0.004525980861360049,
  "lr_decay": 0.047172982560325226
}