{
  "batch_size": 24,
  "hl_mlp": 1,
  "latent_size_mlp": 52,
  "lr": 0.018081785455260232,
  "lr_decay": 0.005084839574733833
}