{
  "batch_size": 23,
  "hl_mlp": 1,
  "latent_size_mlp": 39,
  "lr": 0.058573081204953234,
  "lr_decay": 0.02948755915252411
}