{
  "batch_size": 17,
  "hl_mlp": 1,
  "latent_size_mlp": 58,
  "lr": 0.013209256996647949,
  "lr_decay": 0.002630483866447056
}