{
  "batch_size": 29,
  "hl_mlp": 1,
  "latent_size_mlp": 56,
  "lr": 0.012253848949825423,
  "lr_decay": 0.04848864351618252
}