{
  "batch_size": 22,
  "hl_mlp": 1,
  "latent_size_mlp": 59,
  "lr": 0.09611457411828662,
  "lr_decay": 0.008802586717710026
}