{
  "alpha": 0.0684913384621797,
  "length_scale": 3.0869320551438975
}