{
  "batch_size": 17,
  "hl_mlp": 1,
  "latent_size_mlp": 49,
  "lr": 0.002455044322644229,
  "lr_decay": 0.006151184292142574
}