{
  "batch_size": 23,
  "hl_mlp": 1,
  "latent_size_mlp": 46,
  "lr": 0.005545206000367394,
  "lr_decay": 0.04257378595912413
}