{
  "batch_size": 22,
  "hl_mlp": 2,
  "latent_size_mlp": 36,
  "lr": 0.0011118980921666973,
  "lr_decay": 0.08473224195674592
}