{
  "C": 0.11210115726605815,
  "epsilon": 2.120064764253582
}