{
  "batch_size": 30,
  "hl_mlp": 2,
  "latent_size_mlp": 48,
  "lr": 0.001572491661181248,
  "lr_decay": 0.02995444296045548
}