{
  "C": 4.794311233819431,
  "epsilon": 0.030120205869244628
}