{
  "batch_size": 32,
  "hl_mlp": 1,
  "latent_size_mlp": 62,
  "lr": 9.892860331745589e-05,
  "lr_decay": 0.0005899291948075622
}