{
  "batch_size": 26,
  "hl_mlp": 1,
  "latent_size_mlp": 5,
  "lr": 0.06859916262269257,
  "lr_decay": 0.04693291682427425
}