{
  "batch_size": 12,
  "hl_mlp": 2,
  "latent_size_mlp": 13,
  "lr": 0.07104939490986872,
  "lr_decay": 0.004258189418386507
}