{
  "batch_size": 29,
  "hl_mlp": 1,
  "latent_size_mlp": 42,
  "lr": 0.0011820906690947416,
  "lr_decay": 0.00033093172519074195
}