{
  "batch_size": 26,
  "hl_mlp": 1,
  "latent_size_mlp": 76,
  "lr": 0.0012319645895909432,
  "lr_decay": 0.00019433414145208274
}