{
  "batch_size": 22,
  "hl_mlp": 2,
  "latent_size_mlp": 52,
  "lr": 0.010061473087676926,
  "lr_decay": 0.0025470162644551536
}