{
  "batch_size": 22,
  "hl_mlp": 1,
  "latent_size_mlp": 51,
  "lr": 0.017505332473936555,
  "lr_decay": 0.0011529872560760261
}