{
  "batch_size": 14,
  "hl_mlp": 1,
  "latent_size_mlp": 42,
  "lr": 0.017642527470698006,
  "lr_decay": 0.007695149854153112
}