{
  "alpha": 0.003724958457323809,
  "length_scale": 1.2650422108823056
}