{
  "batch_size": 20,
  "hl_mlp": 2,
  "latent_size_mlp": 48,
  "lr": 0.010712035612772721,
  "lr_decay": 0.03759042885850616
}