{
  "batch_size": 20,
  "hl_mlp": 1,
  "latent_size_mlp": 47,
  "lr": 0.038244803634790485,
  "lr_decay": 0.019367492694450494
}