{
  "batch_size": 22,
  "hl_mlp": 1,
  "latent_size_mlp": 47,
  "lr": 0.002233715994134465,
  "lr_decay": 0.005159456575862
}