{
  "batch_size": 26,
  "hl_mlp": 1,
  "latent_size_mlp": 77,
  "lr": 0.0023234981227885252,
  "lr_decay": 0.00020211741500311946
}