{
  "batch_size": 27,
  "hl_mlp": 1,
  "latent_size_mlp": 54,
  "lr": 0.09558311562859015,
  "lr_decay": 0.9884425898563874
}