{
  "batch_size": 20,
  "hl_mlp": 1,
  "latent_size_mlp": 49,
  "lr": 0.020304586770819543,
  "lr_decay": 0.039328043407216656
}