{
  "alpha": 0.0018456121067199974,
  "length_scale": 1.153109608588907
}