{
  "batch_size": 22,
  "hl_mlp": 1,
  "latent_size_mlp": 47,
  "lr": 0.08656813820606683,
  "lr_decay": 0.0024152588928549328
}