{
  "C": 1.7158328253521709,
  "epsilon": 0.021829405573884873
}