{
  "batch_size": 19,
  "hl_mlp": 1,
  "latent_size_mlp": 8,
  "lr": 0.04849365441099604,
  "lr_decay": 0.039700275037213566
}