{
  "batch_size": 25,
  "hl_mlp": 1,
  "latent_size_mlp": 54,
  "lr": 6.497946237891294e-05,
  "lr_decay": 0.00015058685171392934
}