{
  "batch_size": 24,
  "hl_mlp": 2,
  "latent_size_mlp": 55,
  "lr": 0.012809857496541172,
  "lr_decay": 0.001175113271983535
}