{
  "batch_size": 21,
  "hl_mlp": 1,
  "latent_size_mlp": 45,
  "lr": 0.0036318413585469224,
  "lr_decay": 0.0402220908481042
}