{
  "batch_size": 15,
  "hl_mlp": 1,
  "latent_size_mlp": 4,
  "lr": 0.004516886602306479,
  "lr_decay": 0.0379839875563899
}