{
  "alpha": 0.0008215370654496029,
  "length_scale": 1.6508558252504564
}