{
  "batch_size": 36,
  "hl_mlp": 1,
  "latent_size_mlp": 35,
  "lr": 0.0026333569504493792,
  "lr_decay": 0.0031299831347538195
}