{
  "batch_size": 23,
  "hl_mlp": 1,
  "latent_size_mlp": 43,
  "lr": 0.01658044647031108,
  "lr_decay": 0.007215663942877719
}