{
  "batch_size": 20,
  "hl_mlp": 1,
  "latent_size_mlp": 55,
  "lr": 0.014434697608441413,
  "lr_decay": 0.001003164272276851
}