{
  "batch_size": 44,
  "hl_mlp": 1,
  "latent_size_mlp": 67,
  "lr": 0.07307938431206332,
  "lr_decay": 0.004020501941784822
}