{
  "batch_size": 22,
  "hl_mlp": 1,
  "latent_size_mlp": 47,
  "lr": 0.08918881974611101,
  "lr_decay": 0.0028476066542729205
}