{
  "batch_size": 22,
  "hl_mlp": 1,
  "latent_size_mlp": 43,
  "lr": 0.0017789683211045077,
  "lr_decay": 0.040885792760646765
}