{
  "batch_size": 24,
  "hl_mlp": 1,
  "latent_size_mlp": 44,
  "lr": 0.009202178019840869,
  "lr_decay": 0.055168879431938836
}