{
  "batch_size": 22,
  "hl_mlp": 1,
  "latent_size_mlp": 49,
  "lr": 0.004243315193190062,
  "lr_decay": 0.00035584030987992734
}