{
  "batch_size": 22,
  "hl_mlp": 2,
  "latent_size_mlp": 57,
  "lr": 0.0324680588332101,
  "lr_decay": 0.001099701034754935
}