{
  "batch_size": 21,
  "hl_mlp": 1,
  "latent_size_mlp": 42,
  "lr": 0.033246265416129454,
  "lr_decay": 0.03134974131146661
}