{
  "batch_size": 23,
  "hl_mlp": 1,
  "latent_size_mlp": 47,
  "lr": 0.002652690933319567,
  "lr_decay": 0.04192882310652545
}