{
  "batch_size": 30,
  "hl_mlp": 1,
  "latent_size_mlp": 74,
  "lr": 0.0005464799946631001,
  "lr_decay": 0.05264903524590174
}