{
  "batch_size": 22,
  "hl_mlp": 1,
  "latent_size_mlp": 49,
  "lr": 0.01721467003478857,
  "lr_decay": 0.04784093053590238
}