{
  "batch_size": 17,
  "hl_mlp": 0,
  "latent_size_mlp": 48,
  "lr": 0.013044524586270251,
  "lr_decay": 0.0013033098323247006
}