{
  "batch_size": 29,
  "hl_mlp": 0,
  "latent_size_mlp": 49,
  "lr": 0.007768294733369502,
  "lr_decay": 0.03852680140448522
}