{
  "batch_size": 24,
  "hl_mlp": 1,
  "latent_size_mlp": 52,
  "lr": 0.023709415604337647,
  "lr_decay": 0.004462677217291508
}