{
  "batch_size": 22,
  "hl_mlp": 1,
  "latent_size_mlp": 43,
  "lr": 0.035735474805909884,
  "lr_decay": 0.0068600055411227575
}