{
  "batch_size": 36,
  "hl_mlp": 1,
  "latent_size_mlp": 47,
  "lr": 0.0003850662128279211,
  "lr_decay": 0.0003688458828015525
}