{
  "alpha": 0.0017652944003012428,
  "length_scale": 0.9591439027732089
}