{
  "batch_size": 28,
  "hl_mlp": 1,
  "latent_size_mlp": 40,
  "lr": 0.001260905360783885,
  "lr_decay": 0.06358361663351392
}