{
  "batch_size": 23,
  "hl_mlp": 1,
  "latent_size_mlp": 45,
  "lr": 0.0016980951852624483,
  "lr_decay": 0.011485408007310897
}