{
  "batch_size": 35,
  "hl_mlp": 1,
  "latent_size_mlp": 58,
  "lr": 0.00010352286642461015,
  "lr_decay": 0.6776519649402136
}