{
  "batch_size": 18,
  "hl_mlp": 1,
  "latent_size_mlp": 41,
  "lr": 0.0022811863975168915,
  "lr_decay": 0.0474061886328818
}