{
  "batch_size": 22,
  "hl_mlp": 2,
  "latent_size_mlp": 50,
  "lr": 0.017320675417172242,
  "lr_decay": 0.0013838085672912145
}