{
  "batch_size": 23,
  "hl_mlp": 0,
  "latent_size_mlp": 48,
  "lr": 0.0196167969732898,
  "lr_decay": 0.0013493306773111242
}