{
  "C": 5.144686770213055,
  "epsilon": 0.028414875775187125
}