{
  "batch_size": 25,
  "hl_mlp": 1,
  "latent_size_mlp": 46,
  "lr": 0.026993043184612764,
  "lr_decay": 0.060429677142995124
}