{
  "batch_size": 20,
  "hl_mlp": 2,
  "latent_size_mlp": 45,
  "lr": 0.052649193738018026,
  "lr_decay": 0.007277052622361415
}