{
  "batch_size": 19,
  "hl_mlp": 1,
  "latent_size_mlp": 49,
  "lr": 0.09193223944096524,
  "lr_decay": 0.007376018307044938
}