{
  "batch_size": 29,
  "hl_mlp": 2,
  "latent_size_mlp": 37,
  "lr": 0.005059387851841523,
  "lr_decay": 0.0019057870755436368
}