{
  "batch_size": 27,
  "hl_mlp": 2,
  "latent_size_mlp": 35,
  "lr": 0.006662673125998947,
  "lr_decay": 0.008635349158016592
}