{
  "batch_size": 17,
  "hl_mlp": 1,
  "latent_size_mlp": 46,
  "lr": 0.019747980782618458,
  "lr_decay": 0.00194070066338959
}