{
  "batch_size": 22,
  "hl_mlp": 1,
  "latent_size_mlp": 58,
  "lr": 0.012886449528960271,
  "lr_decay": 0.0010949184814557404
}