{
  "batch_size": 19,
  "hl_mlp": 1,
  "latent_size_mlp": 47,
  "lr": 0.014793926816996652,
  "lr_decay": 0.0014940331154506153
}