{
  "batch_size": 23,
  "hl_mlp": 1,
  "latent_size_mlp": 45,
  "lr": 0.005879538079137477,
  "lr_decay": 0.01768139810537386
}