{
  "batch_size": 25,
  "hl_mlp": 1,
  "latent_size_mlp": 76,
  "lr": 0.000147570042440773,
  "lr_decay": 0.00012429927883778096
}