{
  "batch_size": 20,
  "hl_mlp": 1,
  "latent_size_mlp": 32,
  "lr": 0.0023402239077936716,
  "lr_decay": 0.09643302586465331
}