{
  "batch_size": 22,
  "hl_mlp": 1,
  "latent_size_mlp": 47,
  "lr": 0.004614861534086639,
  "lr_decay": 0.01457696402454495
}