{
  "C": 1.4431171589942309,
  "epsilon": 0.01025919336254149
}