{
  "batch_size": 22,
  "hl_mlp": 0,
  "latent_size_mlp": 58,
  "lr": 0.05065026880006079,
  "lr_decay": 0.024529058915906798
}