{
  "batch_size": 25,
  "hl_mlp": 1,
  "latent_size_mlp": 74,
  "lr": 0.0001543217171372664,
  "lr_decay": 0.006779098732013202
}