{
  "batch_size": 23,
  "hl_mlp": 1,
  "latent_size_mlp": 48,
  "lr": 0.032074761617544,
  "lr_decay": 0.006480407638645099
}