{
  "batch_size": 22,
  "hl_mlp": 0,
  "latent_size_mlp": 42,
  "lr": 0.012514148400945927,
  "lr_decay": 0.0012676296862792786
}