{
  "batch_size": 32,
  "hl_mlp": 1,
  "latent_size_mlp": 41,
  "lr": 0.0009980256524553342,
  "lr_decay": 0.001639672650146827
}