{
  "batch_size": 22,
  "hl_mlp": 0,
  "latent_size_mlp": 47,
  "lr": 0.010748755083467969,
  "lr_decay": 0.0025800727309553003
}