{
  "batch_size": 27,
  "hl_mlp": 1,
  "latent_size_mlp": 42,
  "lr": 0.02299486482310157,
  "lr_decay": 0.010206633052431245
}