{
  "batch_size": 31,
  "hl_mlp": 1,
  "latent_size_mlp": 31,
  "lr": 0.0003527260821083836,
  "lr_decay": 0.0018554121687097637
}