{
  "batch_size": 23,
  "hl_mlp": 2,
  "latent_size_mlp": 47,
  "lr": 0.01326489887856918,
  "lr_decay": 0.0014866477710049402
}