{
  "batch_size": 23,
  "hl_mlp": 0,
  "latent_size_mlp": 49,
  "lr": 0.01901412036112188,
  "lr_decay": 0.0021409227895692207
}