{
  "batch_size": 24,
  "hl_mlp": 2,
  "latent_size_mlp": 56,
  "lr": 0.015826103490848294,
  "lr_decay": 0.0012859556334527868
}