{
  "batch_size": 16,
  "hl_mlp": 1,
  "latent_size_mlp": 51,
  "lr": 0.10952896336540788,
  "lr_decay": 0.005576600991743638
}