{
  "batch_size": 21,
  "hl_mlp": 1,
  "latent_size_mlp": 46,
  "lr": 0.005804425581402433,
  "lr_decay": 0.01435818841314376
}