{
  "batch_size": 23,
  "hl_mlp": 1,
  "latent_size_mlp": 49,
  "lr": 0.0009650257194832166,
  "lr_decay": 0.0010806914462472227
}