{
  "batch_size": 42,
  "hl_mlp": 1,
  "latent_size_mlp": 70,
  "lr": 0.004477320255658521,
  "lr_decay": 0.00648691515398093
}