{
  "batch_size": 19,
  "hl_mlp": 1,
  "latent_size_mlp": 54,
  "lr": 0.08039883497658681,
  "lr_decay": 0.011209795107737324
}