{
  "batch_size": 17,
  "hl_mlp": 1,
  "latent_size_mlp": 47,
  "lr": 0.06837026518265345,
  "lr_decay": 0.001823070282204381
}