{
  "alpha": 0.0014411634057292337,
  "length_scale": 0.7233096745133335
}