{
  "batch_size": 34,
  "hl_mlp": 1,
  "latent_size_mlp": 75,
  "lr": 0.001352161953197688,
  "lr_decay": 0.44066262652970745
}