{
  "batch_size": 33,
  "hl_mlp": 1,
  "latent_size_mlp": 53,
  "lr": 0.013441995873699035,
  "lr_decay": 0.005806035313204225
}