{
  "batch_size": 24,
  "hl_mlp": 0,
  "latent_size_mlp": 53,
  "lr": 0.027820592740209194,
  "lr_decay": 0.0015162912314286034
}