{
  "batch_size": 31,
  "hl_mlp": 1,
  "latent_size_mlp": 40,
  "lr": 0.005960246377530623,
  "lr_decay": 0.8307278316268347
}