{
  "alpha": 0.002050796720803202,
  "length_scale": 1.1834667947054451
}