{
  "batch_size": 20,
  "hl_mlp": 1,
  "latent_size_mlp": 40,
  "lr": 0.0007009469678530592,
  "lr_decay": 0.0008984845166771959
}