{
  "batch_size": 19,
  "hl_mlp": 1,
  "latent_size_mlp": 47,
  "lr": 0.001589360039622305,
  "lr_decay": 0.008804869583213765
}