{
  "batch_size": 22,
  "hl_mlp": 1,
  "latent_size_mlp": 46,
  "lr": 0.09210359727907777,
  "lr_decay": 0.003319540026413933
}