{
  "batch_size": 19,
  "hl_mlp": 1,
  "latent_size_mlp": 49,
  "lr": 0.04959568427632085,
  "lr_decay": 0.03343985257505428
}