{
  "batch_size": 20,
  "hl_mlp": 1,
  "latent_size_mlp": 50,
  "lr": 0.017023093102071445,
  "lr_decay": 0.00391727016441684
}