{
  "batch_size": 22,
  "hl_mlp": 1,
  "latent_size_mlp": 39,
  "lr": 0.035125482923497965,
  "lr_decay": 0.07678061459259218
}