{
  "batch_size": 24,
  "hl_mlp": 1,
  "latent_size_mlp": 42,
  "lr": 0.004683633980388104,
  "lr_decay": 0.04612214853853451
}