{
  "batch_size": 20,
  "hl_mlp": 1,
  "latent_size_mlp": 78,
  "lr": 0.22156343773926662,
  "lr_decay": 0.0035531294660603595
}