{
  "batch_size": 31,
  "hl_mlp": 1,
  "latent_size_mlp": 55,
  "lr": 0.0035644247955414136,
  "lr_decay": 0.4849975259252773
}