{
  "batch_size": 19,
  "hl_mlp": 1,
  "latent_size_mlp": 47,
  "lr": 0.0039156829392687,
  "lr_decay": 0.06207512667780674
}