{
  "alpha": 0.01900687781925506,
  "length_scale": 7.20432770893157
}