{
  "batch_size": 22,
  "hl_mlp": 1,
  "latent_size_mlp": 44,
  "lr": 0.07284881525958896,
  "lr_decay": 0.0032267373340842506
}