{
  "batch_size": 28,
  "hl_mlp": 1,
  "latent_size_mlp": 69,
  "lr": 0.002340811772490222,
  "lr_decay": 0.0007499658185218966
}