{
  "batch_size": 17,
  "hl_mlp": 0,
  "latent_size_mlp": 58,
  "lr": 0.019855630878488344,
  "lr_decay": 0.0033122432617033464
}