{
  "batch_size": 23,
  "hl_mlp": 0,
  "latent_size_mlp": 48,
  "lr": 0.019343878316251915,
  "lr_decay": 0.0011889773280005017
}