{
  "C": 1.0238933862973425,
  "epsilon": 0.011335956940523698
}