{
  "max_depth": 7.974528492878581,
  "min_samples_leaf": 5.88220421576316
}