{
  "alpha": 0.001982656236889011,
  "length_scale": 1.1207459890748208
}