{
  "batch_size": 24,
  "hl_mlp": 1,
  "latent_size_mlp": 46,
  "lr": 0.006061634555659508,
  "lr_decay": 0.005016529368520154
}