{
  "batch_size": 22,
  "hl_mlp": 1,
  "latent_size_mlp": 52,
  "lr": 0.013503328422333018,
  "lr_decay": 0.0011880008957542974
}