{
  "batch_size": 36,
  "hl_mlp": 2,
  "latent_size_mlp": 56,
  "lr": 0.00042713052650809744,
  "lr_decay": 0.7534332723487375
}