{
  "batch_size": 23,
  "hl_mlp": 1,
  "latent_size_mlp": 42,
  "lr": 0.10303021746555607,
  "lr_decay": 0.004886175927599287
}