{
  "batch_size": 20,
  "hl_mlp": 1,
  "latent_size_mlp": 59,
  "lr": 0.031219193101515053,
  "lr_decay": 0.02305900035229759
}