{
  "batch_size": 20,
  "hl_mlp": 1,
  "latent_size_mlp": 51,
  "lr": 0.022228512858556815,
  "lr_decay": 0.02019280580404488
}