{
  "batch_size": 37,
  "hl_mlp": 1,
  "latent_size_mlp": 69,
  "lr": 0.06924842028059519,
  "lr_decay": 0.18248608618224615
}