{
  "batch_size": 20,
  "hl_mlp": 0,
  "latent_size_mlp": 56,
  "lr": 0.015179956756928355,
  "lr_decay": 0.0024714069408495573
}