{
  "batch_size": 24,
  "hl_mlp": 2,
  "latent_size_mlp": 48,
  "lr": 0.08885760511481716,
  "lr_decay": 0.0047134139426893975
}