{
  "batch_size": 21,
  "hl_mlp": 1,
  "latent_size_mlp": 40,
  "lr": 0.012350720251869786,
  "lr_decay": 0.010901436846975024
}