{
  "batch_size": 15,
  "hl_mlp": 0,
  "latent_size_mlp": 13,
  "lr": 0.022288608240074496,
  "lr_decay": 0.0018533041720004322
}