{
  "batch_size": 31,
  "hl_mlp": 1,
  "latent_size_mlp": 71,
  "lr": 0.09780265898699066,
  "lr_decay": 0.008445282161786265
}