{
  "alpha": 0.016551284375166366,
  "length_scale": 2.313995455246171
}