{
  "batch_size": 18,
  "hl_mlp": 1,
  "latent_size_mlp": 48,
  "lr": 0.07850678864510408,
  "lr_decay": 0.004416066049256188
}