{
  "batch_size": 24,
  "hl_mlp": 1,
  "latent_size_mlp": 43,
  "lr": 0.0038217659714312423,
  "lr_decay": 0.08000179022377095
}