{
  "batch_size": 21,
  "hl_mlp": 1,
  "latent_size_mlp": 49,
  "lr": 0.04666705253446337,
  "lr_decay": 0.029047234319299398
}