{
  "batch_size": 27,
  "hl_mlp": 1,
  "latent_size_mlp": 55,
  "lr": 0.00014204952233646439,
  "lr_decay": 0.0003040655986938672
}