{
  "batch_size": 22,
  "hl_mlp": 1,
  "latent_size_mlp": 41,
  "lr": 0.0011334147472283143,
  "lr_decay": 0.03660472710559785
}