{
  "alpha": 0.015700741406495307,
  "length_scale": 2.1127007925443486
}