{
  "batch_size": 24,
  "hl_mlp": 1,
  "latent_size_mlp": 51,
  "lr": 0.007542104705797479,
  "lr_decay": 0.00036283568510269467
}