{
  "batch_size": 35,
  "hl_mlp": 1,
  "latent_size_mlp": 42,
  "lr": 0.00041202320741761446,
  "lr_decay": 0.004931932815538373
}