{
  "alpha": 0.0017805021657657494,
  "length_scale": 1.2471050955987049
}