{
  "batch_size": 17,
  "hl_mlp": 1,
  "latent_size_mlp": 44,
  "lr": 0.02270514108344248,
  "lr_decay": 0.0015967423769108634
}