{
  "batch_size": 23,
  "hl_mlp": 1,
  "latent_size_mlp": 55,
  "lr": 0.07008833479624482,
  "lr_decay": 0.009040777173403748
}