{
  "batch_size": 16,
  "hl_mlp": 1,
  "latent_size_mlp": 36,
  "lr": 0.002559730681961527,
  "lr_decay": 0.08369685893776294
}