{
  "batch_size": 17,
  "hl_mlp": 1,
  "latent_size_mlp": 32,
  "lr": 0.02609399836569503,
  "lr_decay": 0.011467893939454996
}