{
  "batch_size": 23,
  "hl_mlp": 0,
  "latent_size_mlp": 59,
  "lr": 0.01271819223129583,
  "lr_decay": 0.0036847414293926686
}