{
  "batch_size": 20,
  "hl_mlp": 1,
  "latent_size_mlp": 47,
  "lr": 0.0028976941227711423,
  "lr_decay": 0.03304621453416622
}