{
  "batch_size": 23,
  "hl_mlp": 1,
  "latent_size_mlp": 42,
  "lr": 0.008699594397591135,
  "lr_decay": 0.028984790509275098
}