{
  "batch_size": 15,
  "hl_mlp": 1,
  "latent_size_mlp": 58,
  "lr": 0.02727796296260006,
  "lr_decay": 0.0018498015778085689
}