{
  "alpha": 0.01755198190775388,
  "length_scale": 2.1597453284157258
}