{
  "batch_size": 21,
  "hl_mlp": 2,
  "latent_size_mlp": 49,
  "lr": 0.03753698399081769,
  "lr_decay": 0.0011143759647556223
}