{
  "batch_size": 21,
  "hl_mlp": 1,
  "latent_size_mlp": 36,
  "lr": 0.00028697083626807107,
  "lr_decay": 0.001076830779328888
}