{
  "batch_size": 24,
  "hl_mlp": 1,
  "latent_size_mlp": 49,
  "lr": 0.0015040143273160804,
  "lr_decay": 0.038811097908865194
}