{
  "batch_size": 20,
  "hl_mlp": 2,
  "latent_size_mlp": 50,
  "lr": 0.0588868523074119,
  "lr_decay": 0.01740040594805301
}