{
  "batch_size": 16,
  "hl_mlp": 0,
  "latent_size_mlp": 46,
  "lr": 0.011643318954300024,
  "lr_decay": 0.0037651412324205447
}