{
  "batch_size": 25,
  "hl_mlp": 1,
  "latent_size_mlp": 56,
  "lr": 0.05916244855756939,
  "lr_decay": 0.008776017981794773
}