{
  "batch_size": 24,
  "hl_mlp": 1,
  "latent_size_mlp": 64,
  "lr": 0.0004739215703295021,
  "lr_decay": 0.0016768074074263008
}