{
  "alpha": 0.009450425756985091,
  "length_scale": 1.2828353421905399
}