{
  "batch_size": 36,
  "hl_mlp": 1,
  "latent_size_mlp": 53,
  "lr": 0.023707785064550384,
  "lr_decay": 0.005826049970748884
}