{
  "batch_size": 34,
  "hl_mlp": 2,
  "latent_size_mlp": 40,
  "lr": 0.08667260154585654,
  "lr_decay": 0.010593216513651521
}