{
  "batch_size": 25,
  "hl_mlp": 1,
  "latent_size_mlp": 36,
  "lr": 0.0022061595236101536,
  "lr_decay": 0.05458594807025854
}