{
  "alpha": 0.047784489602673834,
  "length_scale": 2.546476268719585
}