{
  "batch_size": 21,
  "hl_mlp": 1,
  "latent_size_mlp": 45,
  "lr": 0.007022952899051743,
  "lr_decay": 0.005339201861000569
}