{
  "batch_size": 19,
  "hl_mlp": 0,
  "latent_size_mlp": 43,
  "lr": 0.01473941352872863,
  "lr_decay": 0.001622391160745332
}