{
  "batch_size": 24,
  "hl_mlp": 1,
  "latent_size_mlp": 42,
  "lr": 0.0050613801780893634,
  "lr_decay": 0.05076746787684099
}