{
  "alpha": 0.006676488946243542,
  "length_scale": 8.849049286937317
}