{
  "batch_size": 24,
  "hl_mlp": 1,
  "latent_size_mlp": 46,
  "lr": 0.004944720551307448,
  "lr_decay": 0.020594275573881757
}