{
  "batch_size": 19,
  "hl_mlp": 1,
  "latent_size_mlp": 40,
  "lr": 0.01766584314913964,
  "lr_decay": 0.009861734839434866
}