{
  "batch_size": 44,
  "hl_mlp": 1,
  "latent_size_mlp": 32,
  "lr": 0.0014964416690946994,
  "lr_decay": 0.010098410970900971
}