{
  "batch_size": 25,
  "hl_mlp": 1,
  "latent_size_mlp": 64,
  "lr": 0.00013235091119948134,
  "lr_decay": 0.0010969696936491131
}