{
  "batch_size": 19,
  "hl_mlp": 1,
  "latent_size_mlp": 45,
  "lr": 0.004108023052186577,
  "lr_decay": 0.01040774886795905
}