{
  "batch_size": 22,
  "hl_mlp": 0,
  "latent_size_mlp": 47,
  "lr": 0.019440911132678953,
  "lr_decay": 0.0034078926890923626
}