{
  "batch_size": 22,
  "hl_mlp": 1,
  "latent_size_mlp": 45,
  "lr": 0.012589385494550796,
  "lr_decay": 0.00377939654787477
}