{
  "alpha": 0.0038403313120640194,
  "length_scale": 5.052602461771204
}