{
  "batch_size": 17,
  "hl_mlp": 1,
  "latent_size_mlp": 42,
  "lr": 0.013835516879924212,
  "lr_decay": 0.008071189048402585
}