{
  "batch_size": 17,
  "hl_mlp": 0,
  "latent_size_mlp": 58,
  "lr": 0.07603323181942825,
  "lr_decay": 0.0019034412417223204
}