{
  "batch_size": 17,
  "hl_mlp": 2,
  "latent_size_mlp": 48,
  "lr": 0.04772522009235547,
  "lr_decay": 0.007780498042521646
}