{
  "batch_size": 22,
  "hl_mlp": 1,
  "latent_size_mlp": 44,
  "lr": 0.016703455437931572,
  "lr_decay": 0.005239995153271746
}