{
  "batch_size": 20,
  "hl_mlp": 1,
  "latent_size_mlp": 37,
  "lr": 0.0016585447640569337,
  "lr_decay": 0.08167744650641622
}