{
  "batch_size": 25,
  "hl_mlp": 1,
  "latent_size_mlp": 43,
  "lr": 0.0012418599938256944,
  "lr_decay": 0.012155517009913488
}