{
  "batch_size": 44,
  "hl_mlp": 1,
  "latent_size_mlp": 52,
  "lr": 0.011416486937932142,
  "lr_decay": 0.6536941720199563
}