{
  "batch_size": 20,
  "hl_mlp": 1,
  "latent_size_mlp": 45,
  "lr": 0.0030077873425760266,
  "lr_decay": 0.0023795117967671084
}