{
  "batch_size": 22,
  "hl_mlp": 0,
  "latent_size_mlp": 58,
  "lr": 0.011529730214102387,
  "lr_decay": 0.002483953909659837
}