{
  "batch_size": 28,
  "hl_mlp": 1,
  "latent_size_mlp": 43,
  "lr": 0.0035977923285659083,
  "lr_decay": 0.011109041747633962
}