{
  "batch_size": 26,
  "hl_mlp": 1,
  "latent_size_mlp": 43,
  "lr": 0.09969603077079166,
  "lr_decay": 0.009877190812947178
}