{
  "batch_size": 23,
  "hl_mlp": 2,
  "latent_size_mlp": 57,
  "lr": 0.013075109741060669,
  "lr_decay": 0.001019559822407297
}