{
  "batch_size": 23,
  "hl_mlp": 2,
  "latent_size_mlp": 55,
  "lr": 0.013644276783674088,
  "lr_decay": 0.001389940461727312
}