{
  "batch_size": 23,
  "hl_mlp": 1,
  "latent_size_mlp": 47,
  "lr": 0.08046229456271149,
  "lr_decay": 0.0034932126648965444
}