{
  "batch_size": 25,
  "hl_mlp": 1,
  "latent_size_mlp": 45,
  "lr": 0.002225338353689797,
  "lr_decay": 0.037475945676018606
}