{
  "alpha": 0.009334554849690464,
  "length_scale": 0.9999049916391883
}