{
  "batch_size": 32,
  "hl_mlp": 1,
  "latent_size_mlp": 44,
  "lr": 0.0009528251854014828,
  "lr_decay": 0.00019615293098583473
}