{
  "batch_size": 24,
  "hl_mlp": 1,
  "latent_size_mlp": 75,
  "lr": 0.00018138182158186484,
  "lr_decay": 0.005658204538277999
}