{
  "max_depth": 5.469240071646709,
  "min_samples_leaf": 2.1075341240691046
}