{
  "alpha": 0.01675298776030122,
  "length_scale": 2.1435692666287447
}