{
  "batch_size": 20,
  "hl_mlp": 1,
  "latent_size_mlp": 47,
  "lr": 0.01723199633360412,
  "lr_decay": 0.04155387200472674
}