{
  "alpha": 0.0021609067734289825,
  "length_scale": 0.8861004411279634
}