{
  "batch_size": 21,
  "hl_mlp": 2,
  "latent_size_mlp": 47,
  "lr": 0.02948808610904275,
  "lr_decay": 0.0013692717531499983
}