{
  "batch_size": 22,
  "hl_mlp": 1,
  "latent_size_mlp": 52,
  "lr": 0.037839888636037426,
  "lr_decay": 0.0018405306388998436
}