{
  "batch_size": 26,
  "hl_mlp": 1,
  "latent_size_mlp": 45,
  "lr": 0.0026317436383361758,
  "lr_decay": 0.010888324417612233
}