{
  "batch_size": 49,
  "hl_mlp": 2,
  "latent_size_mlp": 65,
  "lr": 0.046632640367501255,
  "lr_decay": 0.0539350554553665
}