{
  "batch_size": 21,
  "hl_mlp": 1,
  "latent_size_mlp": 46,
  "lr": 0.003532659395317659,
  "lr_decay": 0.03172421176684658
}