{
  "batch_size": 22,
  "hl_mlp": 1,
  "latent_size_mlp": 59,
  "lr": 0.08564238376933525,
  "lr_decay": 0.005138409872876866
}