{
  "batch_size": 49,
  "hl_mlp": 0,
  "latent_size_mlp": 6,
  "lr": 0.017645202954260513,
  "lr_decay": 0.02128806645127174
}