{
  "batch_size": 18,
  "hl_mlp": 3,
  "latent_size_mlp": 57,
  "lr": 0.013362948472877828,
  "lr_decay": 0.011296343524074446
}