{
  "batch_size": 24,
  "hl_mlp": 1,
  "latent_size_mlp": 47,
  "lr": 0.01913331238535845,
  "lr_decay": 0.0011871688838009419
}