{
  "batch_size": 14,
  "hl_mlp": 1,
  "latent_size_mlp": 41,
  "lr": 0.015169671947445843,
  "lr_decay": 0.007884423126138513
}