{
  "batch_size": 23,
  "hl_mlp": 1,
  "latent_size_mlp": 43,
  "lr": 0.013341041952364989,
  "lr_decay": 0.05627792084067493
}