{
  "batch_size": 16,
  "hl_mlp": 1,
  "latent_size_mlp": 42,
  "lr": 0.028738856527894367,
  "lr_decay": 0.009836651325623719
}