{
  "batch_size": 31,
  "hl_mlp": 2,
  "latent_size_mlp": 78,
  "lr": 0.0673521769974552,
  "lr_decay": 0.04080884123271848
}