{
  "batch_size": 35,
  "hl_mlp": 1,
  "latent_size_mlp": 72,
  "lr": 0.0010362389486068704,
  "lr_decay": 0.09396570682025325
}