{
  "batch_size": 22,
  "hl_mlp": 1,
  "latent_size_mlp": 47,
  "lr": 0.03348494317106804,
  "lr_decay": 0.0030309919184909693
}