{
  "batch_size": 21,
  "hl_mlp": 1,
  "latent_size_mlp": 49,
  "lr": 0.006584378299974194,
  "lr_decay": 0.00018564472518092128
}