{
  "batch_size": 32,
  "hl_mlp": 1,
  "latent_size_mlp": 38,
  "lr": 0.003057261322200224,
  "lr_decay": 0.0010873807858307512
}