{
  "batch_size": 22,
  "hl_mlp": 1,
  "latent_size_mlp": 52,
  "lr": 0.013530882993699967,
  "lr_decay": 0.008025779280258591
}