{
  "batch_size": 24,
  "hl_mlp": 0,
  "latent_size_mlp": 43,
  "lr": 0.0396507184639978,
  "lr_decay": 0.014469177841949503
}