{
  "batch_size": 19,
  "hl_mlp": 1,
  "latent_size_mlp": 43,
  "lr": 0.005931387552157742,
  "lr_decay": 0.001002896083931196
}