{
  "batch_size": 22,
  "hl_mlp": 2,
  "latent_size_mlp": 58,
  "lr": 0.022804470137157407,
  "lr_decay": 0.003792322663444972
}