{
  "batch_size": 12,
  "hl_mlp": 2,
  "latent_size_mlp": 51,
  "lr": 0.0676264815197593,
  "lr_decay": 0.598586872454414
}