{
  "batch_size": 16,
  "hl_mlp": 1,
  "latent_size_mlp": 43,
  "lr": 0.0021141065394950963,
  "lr_decay": 0.03324221631469294
}