{
  "batch_size": 22,
  "hl_mlp": 0,
  "latent_size_mlp": 47,
  "lr": 0.013266058015400732,
  "lr_decay": 0.002374197926284374
}