{
  "batch_size": 31,
  "hl_mlp": 1,
  "latent_size_mlp": 35,
  "lr": 0.0015803413254845513,
  "lr_decay": 0.0024370430317873794
}