{
  "alpha": 0.0034736996344105603,
  "length_scale": 0.9661126363402096
}