{
  "batch_size": 20,
  "hl_mlp": 1,
  "latent_size_mlp": 49,
  "lr": 0.0018663270292867604,
  "lr_decay": 0.08008737480024998
}