{
  "C": 0.6319206577977093,
  "epsilon": 0.01177294952252265
}