{
  "batch_size": 23,
  "hl_mlp": 1,
  "latent_size_mlp": 49,
  "lr": 0.004019178896340978,
  "lr_decay": 0.04578294111433287
}