{
  "batch_size": 21,
  "hl_mlp": 1,
  "latent_size_mlp": 40,
  "lr": 0.1259524468804327,
  "lr_decay": 0.017861213163988462
}