{
  "batch_size": 25,
  "hl_mlp": 1,
  "latent_size_mlp": 29,
  "lr": 0.001898643588968158,
  "lr_decay": 0.07101004957922842
}