{
  "batch_size": 49,
  "hl_mlp": 1,
  "latent_size_mlp": 59,
  "lr": 0.0003757579304608015,
  "lr_decay": 0.003771665382679013
}