{
  "batch_size": 22,
  "hl_mlp": 0,
  "latent_size_mlp": 46,
  "lr": 0.07544961828913446,
  "lr_decay": 0.0029701272958854116
}