{
  "alpha": 0.0016212679681692043,
  "length_scale": 1.560395642711012
}