{
  "batch_size": 23,
  "hl_mlp": 0,
  "latent_size_mlp": 52,
  "lr": 0.03998010725538369,
  "lr_decay": 0.0048798238315848
}