{
  "batch_size": 22,
  "hl_mlp": 1,
  "latent_size_mlp": 46,
  "lr": 0.00439993729776178,
  "lr_decay": 0.017029675720462704
}