{
  "batch_size": 22,
  "hl_mlp": 1,
  "latent_size_mlp": 28,
  "lr": 0.001366286931651851,
  "lr_decay": 0.08996860351871097
}