{
  "batch_size": 23,
  "hl_mlp": 1,
  "latent_size_mlp": 42,
  "lr": 0.005597454290186789,
  "lr_decay": 0.08542250793087355
}