{
  "batch_size": 37,
  "hl_mlp": 1,
  "latent_size_mlp": 40,
  "lr": 0.002323018710464332,
  "lr_decay": 0.009775202764233567
}