{
  "batch_size": 19,
  "hl_mlp": 1,
  "latent_size_mlp": 49,
  "lr": 0.005317132218889408,
  "lr_decay": 0.09782631169007103
}