{
  "batch_size": 18,
  "hl_mlp": 1,
  "latent_size_mlp": 12,
  "lr": 0.03901672407875238,
  "lr_decay": 0.04082831110637015
}