{
  "batch_size": 22,
  "hl_mlp": 0,
  "latent_size_mlp": 48,
  "lr": 0.019902324166169216,
  "lr_decay": 0.0017677958250969749
}