{
  "batch_size": 20,
  "hl_mlp": 1,
  "latent_size_mlp": 47,
  "lr": 0.029100938425226864,
  "lr_decay": 0.07204162236492581
}