{
  "batch_size": 23,
  "hl_mlp": 1,
  "latent_size_mlp": 45,
  "lr": 0.002495388985584606,
  "lr_decay": 0.007108803552391165
}