{
  "batch_size": 24,
  "hl_mlp": 1,
  "latent_size_mlp": 43,
  "lr": 0.03912681731400869,
  "lr_decay": 0.022811650274878293
}