{
  "batch_size": 34,
  "hl_mlp": 1,
  "latent_size_mlp": 63,
  "lr": 0.04848294103728641,
  "lr_decay": 0.49178940603914173
}