{
  "batch_size": 33,
  "hl_mlp": 1,
  "latent_size_mlp": 33,
  "lr": 0.016263098120799728,
  "lr_decay": 0.14585247548729008
}