{
  "batch_size": 22,
  "hl_mlp": 0,
  "latent_size_mlp": 46,
  "lr": 0.07937549647735599,
  "lr_decay": 0.0028469032589912113
}