{
  "batch_size": 22,
  "hl_mlp": 1,
  "latent_size_mlp": 47,
  "lr": 0.02114965982800664,
  "lr_decay": 0.004958354662554889
}