{
  "batch_size": 22,
  "hl_mlp": 1,
  "latent_size_mlp": 46,
  "lr": 0.07779427250753826,
  "lr_decay": 0.001669557257053509
}