{
  "C": 0.9829011059148967,
  "epsilon": 0.019134010384825338
}