{
  "batch_size": 19,
  "hl_mlp": 2,
  "latent_size_mlp": 47,
  "lr": 0.0714615855364814,
  "lr_decay": 0.09997909597230707
}