{
  "batch_size": 33,
  "hl_mlp": 1,
  "latent_size_mlp": 55,
  "lr": 0.0812377680115991,
  "lr_decay": 0.07133074095447423
}