{
  "batch_size": 42,
  "hl_mlp": 0,
  "latent_size_mlp": 28,
  "lr": 0.0031509404800311087,
  "lr_decay": 0.016223233640986184
}