{
  "batch_size": 37,
  "hl_mlp": 1,
  "latent_size_mlp": 48,
  "lr": 0.001369592051952041,
  "lr_decay": 0.5562470416519909
}