{
  "batch_size": 29,
  "hl_mlp": 1,
  "latent_size_mlp": 56,
  "lr": 0.07417835973875744,
  "lr_decay": 0.010552621046511322
}