{
  "batch_size": 21,
  "hl_mlp": 1,
  "latent_size_mlp": 48,
  "lr": 0.0023589571098076812,
  "lr_decay": 0.036506895292928915
}