{
  "batch_size": 21,
  "hl_mlp": 1,
  "latent_size_mlp": 43,
  "lr": 0.002791514620943471,
  "lr_decay": 0.05154970011621232
}