{
  "batch_size": 25,
  "hl_mlp": 1,
  "latent_size_mlp": 49,
  "lr": 0.002432584572868652,
  "lr_decay": 0.049760587582291516
}