{
  "batch_size": 18,
  "hl_mlp": 1,
  "latent_size_mlp": 59,
  "lr": 0.02055495199962741,
  "lr_decay": 0.0010649695759837499
}