{
  "batch_size": 23,
  "hl_mlp": 1,
  "latent_size_mlp": 52,
  "lr": 0.04939338541192139,
  "lr_decay": 0.07499958121952542
}