{
  "batch_size": 24,
  "hl_mlp": 1,
  "latent_size_mlp": 51,
  "lr": 0.021926536326702575,
  "lr_decay": 0.0031792673403446443
}