{
  "batch_size": 33,
  "hl_mlp": 1,
  "latent_size_mlp": 49,
  "lr": 0.001342381211064459,
  "lr_decay": 0.002792989047109523
}