{
  "batch_size": 37,
  "hl_mlp": 2,
  "latent_size_mlp": 69,
  "lr": 7.124508840333561e-05,
  "lr_decay": 0.0005549868847603747
}