{
  "batch_size": 23,
  "hl_mlp": 2,
  "latent_size_mlp": 49,
  "lr": 0.019908037046698957,
  "lr_decay": 0.00911859852129673
}