{
  "batch_size": 24,
  "hl_mlp": 1,
  "latent_size_mlp": 43,
  "lr": 0.003806653901366658,
  "lr_decay": 0.07962299185356803
}