{
  "batch_size": 27,
  "hl_mlp": 1,
  "latent_size_mlp": 40,
  "lr": 0.004445339225280938,
  "lr_decay": 0.03453683971732026
}