{
  "batch_size": 21,
  "hl_mlp": 1,
  "latent_size_mlp": 41,
  "lr": 0.07653534094878167,
  "lr_decay": 0.01380364220336941
}