{
  "batch_size": 35,
  "hl_mlp": 1,
  "latent_size_mlp": 46,
  "lr": 0.00764693964072022,
  "lr_decay": 0.0023749088516709484
}