{
  "alpha": 0.0010447887665415477,
  "length_scale": 1.8380257454758653
}