{
  "batch_size": 26,
  "hl_mlp": 1,
  "latent_size_mlp": 40,
  "lr": 0.0011299261974807543,
  "lr_decay": 0.00017457641051499718
}