{
  "batch_size": 35,
  "hl_mlp": 1,
  "latent_size_mlp": 44,
  "lr": 0.0003244212633022882,
  "lr_decay": 0.0005078472576297821
}