{
  "batch_size": 30,
  "hl_mlp": 1,
  "latent_size_mlp": 57,
  "lr": 0.0004604103903801216,
  "lr_decay": 0.6064719299602103
}