{
  "max_depth": 6.179630842782092,
  "min_samples_leaf": 6.816156793670645
}