{
  "batch_size": 45,
  "hl_mlp": 1,
  "latent_size_mlp": 38,
  "lr": 0.0028597366233874227,
  "lr_decay": 0.24221766317919696
}