{
  "batch_size": 24,
  "hl_mlp": 2,
  "latent_size_mlp": 55,
  "lr": 0.04315379317295108,
  "lr_decay": 0.0023035076183805844
}