{
  "batch_size": 20,
  "hl_mlp": 1,
  "latent_size_mlp": 59,
  "lr": 0.019481885512330138,
  "lr_decay": 0.0010611155044244476
}