{
  "batch_size": 35,
  "hl_mlp": 2,
  "latent_size_mlp": 75,
  "lr": 0.0017178357607449668,
  "lr_decay": 0.24466699834809055
}