{
  "C": 1.7490871252805313,
  "epsilon": 0.010272348790310472
}