{
  "batch_size": 21,
  "hl_mlp": 1,
  "latent_size_mlp": 74,
  "lr": 4.723441338585364e-06,
  "lr_decay": 0.003900916508296235
}