{
  "C": 0.7771939044927733,
  "epsilon": 0.042494978077730595
}