{
  "batch_size": 11,
  "hl_mlp": 1,
  "latent_size_mlp": 46,
  "lr": 0.0028830759996264404,
  "lr_decay": 0.626198166599332
}