{
  "batch_size": 23,
  "hl_mlp": 0,
  "latent_size_mlp": 52,
  "lr": 0.048294592941171326,
  "lr_decay": 0.0013955249547777163
}