{
  "batch_size": 23,
  "hl_mlp": 1,
  "latent_size_mlp": 43,
  "lr": 0.01948884433946431,
  "lr_decay": 0.02045318812813857
}