{
  "batch_size": 22,
  "hl_mlp": 1,
  "latent_size_mlp": 48,
  "lr": 0.011166264521491751,
  "lr_decay": 0.02505120404389736
}