{
  "batch_size": 24,
  "hl_mlp": 1,
  "latent_size_mlp": 46,
  "lr": 0.019022332662710997,
  "lr_decay": 0.00161135429390533
}