{
  "batch_size": 24,
  "hl_mlp": 0,
  "latent_size_mlp": 49,
  "lr": 0.014188007132024952,
  "lr_decay": 0.0011355149658515502
}