{
  "batch_size": 18,
  "hl_mlp": 1,
  "latent_size_mlp": 49,
  "lr": 0.00479216022699022,
  "lr_decay": 0.06493907931402138
}