{
  "batch_size": 19,
  "hl_mlp": 1,
  "latent_size_mlp": 35,
  "lr": 0.08311824610517494,
  "lr_decay": 0.09641502002787741
}