{
  "batch_size": 22,
  "hl_mlp": 1,
  "latent_size_mlp": 63,
  "lr": 0.00010800108335710796,
  "lr_decay": 0.0005028315126608831
}