{
  "batch_size": 22,
  "hl_mlp": 0,
  "latent_size_mlp": 59,
  "lr": 0.010685115734205466,
  "lr_decay": 0.0029456377946893287
}