{
  "batch_size": 24,
  "hl_mlp": 1,
  "latent_size_mlp": 42,
  "lr": 0.01002809459936256,
  "lr_decay": 0.01585148844748046
}