{
  "alpha": 0.01643499420646929,
  "length_scale": 2.3375486522745486
}