{
  "batch_size": 22,
  "hl_mlp": 1,
  "latent_size_mlp": 48,
  "lr": 0.0895365763714938,
  "lr_decay": 0.013911278508679806
}