{
  "batch_size": 26,
  "hl_mlp": 1,
  "latent_size_mlp": 63,
  "lr": 0.0009236298899580326,
  "lr_decay": 0.0036927900664872853
}