{
  "C": 1.2330352932510251,
  "epsilon": 0.018148403747506096
}