{
  "batch_size": 12,
  "hl_mlp": 1,
  "latent_size_mlp": 33,
  "lr": 0.034819546492802195,
  "lr_decay": 0.0034905665097205627
}