{
  "batch_size": 27,
  "hl_mlp": 1,
  "latent_size_mlp": 46,
  "lr": 0.0024493401764696054,
  "lr_decay": 0.020321614532629845
}