{
  "batch_size": 22,
  "hl_mlp": 1,
  "latent_size_mlp": 45,
  "lr": 0.00547387237640925,
  "lr_decay": 0.04418598920117571
}