{
  "batch_size": 14,
  "hl_mlp": 2,
  "latent_size_mlp": 37,
  "lr": 0.0015352725536970206,
  "lr_decay": 0.006119656108822244
}