{
  "batch_size": 20,
  "hl_mlp": 1,
  "latent_size_mlp": 51,
  "lr": 0.02230882399210382,
  "lr_decay": 0.006494269766623561
}