{
  "batch_size": 19,
  "hl_mlp": 1,
  "latent_size_mlp": 53,
  "lr": 0.017164713724962272,
  "lr_decay": 0.0016004666974350707
}