{
  "batch_size": 19,
  "hl_mlp": 0,
  "latent_size_mlp": 22,
  "lr": 0.05514345666393894,
  "lr_decay": 0.001307801002081131
}