{
  "batch_size": 17,
  "hl_mlp": 2,
  "latent_size_mlp": 47,
  "lr": 0.06689376466390377,
  "lr_decay": 0.006853242320087356
}