{
  "batch_size": 22,
  "hl_mlp": 1,
  "latent_size_mlp": 54,
  "lr": 3.612803575722884e-05,
  "lr_decay": 0.06993057249431754
}