{
  "batch_size": 32,
  "hl_mlp": 1,
  "latent_size_mlp": 77,
  "lr": 0.00041086084646496527,
  "lr_decay": 0.07578696301428653
}