{
  "batch_size": 33,
  "hl_mlp": 1,
  "latent_size_mlp": 79,
  "lr": 0.0112575719926352,
  "lr_decay": 0.007249636053725955
}