{
  "batch_size": 15,
  "hl_mlp": 2,
  "latent_size_mlp": 77,
  "lr": 0.03311430436022773,
  "lr_decay": 0.005568427044554927
}