{
  "batch_size": 25,
  "hl_mlp": 1,
  "latent_size_mlp": 56,
  "lr": 0.012333269441178674,
  "lr_decay": 0.05192183108983296
}