{
  "batch_size": 29,
  "hl_mlp": 1,
  "latent_size_mlp": 55,
  "lr": 0.07789281019456662,
  "lr_decay": 0.0078627561126184
}