{
  "batch_size": 24,
  "hl_mlp": 1,
  "latent_size_mlp": 51,
  "lr": 8.403299400444661e-05,
  "lr_decay": 0.00027560799878405034
}