{
  "batch_size": 16,
  "hl_mlp": 2,
  "latent_size_mlp": 17,
  "lr": 0.006866376157934178,
  "lr_decay": 0.012110315500608503
}