{
  "batch_size": 22,
  "hl_mlp": 1,
  "latent_size_mlp": 48,
  "lr": 0.08933921523948907,
  "lr_decay": 0.004071206642963417
}