{
  "batch_size": 25,
  "hl_mlp": 2,
  "latent_size_mlp": 44,
  "lr": 0.0015249401925840314,
  "lr_decay": 0.01798105742192533
}