{
  "batch_size": 24,
  "hl_mlp": 1,
  "latent_size_mlp": 57,
  "lr": 6.208732135263162e-05,
  "lr_decay": 0.39287078565915584
}