{
  "batch_size": 22,
  "hl_mlp": 1,
  "latent_size_mlp": 39,
  "lr": 0.04004100641068639,
  "lr_decay": 0.003938411080501961
}