{
  "batch_size": 21,
  "hl_mlp": 1,
  "latent_size_mlp": 48,
  "lr": 0.02971394623911447,
  "lr_decay": 0.0025455929109206563
}