{
  "batch_size": 24,
  "hl_mlp": 1,
  "latent_size_mlp": 30,
  "lr": 0.06309919183690364,
  "lr_decay": 0.001755487496177843
}