{
  "batch_size": 43,
  "hl_mlp": 2,
  "latent_size_mlp": 46,
  "lr": 0.28021510883833867,
  "lr_decay": 0.04408882685743444
}