{
  "batch_size": 22,
  "hl_mlp": 0,
  "latent_size_mlp": 59,
  "lr": 0.010438914690287836,
  "lr_decay": 0.08150230626909408
}