{
  "batch_size": 24,
  "hl_mlp": 0,
  "latent_size_mlp": 46,
  "lr": 0.03273588881716756,
  "lr_decay": 0.0029039859937785317
}