{
  "batch_size": 23,
  "hl_mlp": 1,
  "latent_size_mlp": 44,
  "lr": 0.001878934641289559,
  "lr_decay": 0.07671469860523014
}