{
  "batch_size": 21,
  "hl_mlp": 0,
  "latent_size_mlp": 1,
  "lr": 0.0021317155128444875,
  "lr_decay": 0.01272987168210674
}