{
  "batch_size": 34,
  "hl_mlp": 2,
  "latent_size_mlp": 17,
  "lr": 0.01247575879402492,
  "lr_decay": 0.036324589151740444
}