{
  "batch_size": 22,
  "hl_mlp": 2,
  "latent_size_mlp": 46,
  "lr": 0.014150279361245658,
  "lr_decay": 0.0027819126798030312
}