{
  "batch_size": 24,
  "hl_mlp": 1,
  "latent_size_mlp": 48,
  "lr": 0.018808026494561016,
  "lr_decay": 0.003305384403914975
}