{
  "batch_size": 24,
  "hl_mlp": 1,
  "latent_size_mlp": 48,
  "lr": 0.018926005991397397,
  "lr_decay": 0.002242511446922079
}