{
  "batch_size": 23,
  "hl_mlp": 1,
  "latent_size_mlp": 49,
  "lr": 0.015681978022828957,
  "lr_decay": 0.0017142264720324755
}