{
  "batch_size": 28,
  "hl_mlp": 1,
  "latent_size_mlp": 71,
  "lr": 0.004032755164211601,
  "lr_decay": 0.0016373425841296008
}