{
  "batch_size": 18,
  "hl_mlp": 1,
  "latent_size_mlp": 44,
  "lr": 0.004099744392293458,
  "lr_decay": 0.06659983626632997
}