{
  "batch_size": 21,
  "hl_mlp": 0,
  "latent_size_mlp": 50,
  "lr": 0.047367974144224306,
  "lr_decay": 0.012991513230830844
}