{
  "batch_size": 36,
  "hl_mlp": 1,
  "latent_size_mlp": 66,
  "lr": 0.024958293317496,
  "lr_decay": 0.020511974845767212
}