{
  "batch_size": 40,
  "hl_mlp": 1,
  "latent_size_mlp": 58,
  "lr": 0.0038382270752753637,
  "lr_decay": 0.13281596375281457
}