{
  "C": 0.44883780572205845,
  "epsilon": 0.021642924728202586
}