{
  "batch_size": 29,
  "hl_mlp": 1,
  "latent_size_mlp": 55,
  "lr": 0.07806965507933766,
  "lr_decay": 0.006514547488155057
}