{
  "batch_size": 26,
  "hl_mlp": 1,
  "latent_size_mlp": 75,
  "lr": 0.00010019590045865573,
  "lr_decay": 0.09216093128711589
}