{
  "alpha": 0.0001502605232193981,
  "length_scale": 0.7291267796320761
}