{
  "batch_size": 24,
  "hl_mlp": 1,
  "latent_size_mlp": 40,
  "lr": 0.004852948964274186,
  "lr_decay": 0.034234441532411675
}