{
  "batch_size": 22,
  "hl_mlp": 1,
  "latent_size_mlp": 47,
  "lr": 0.013349790214873364,
  "lr_decay": 0.0012250775125820553
}