{
  "batch_size": 20,
  "hl_mlp": 1,
  "latent_size_mlp": 46,
  "lr": 0.02183799188840095,
  "lr_decay": 0.029392048630874214
}