{
  "batch_size": 31,
  "hl_mlp": 0,
  "latent_size_mlp": 7,
  "lr": 0.03728105661482634,
  "lr_decay": 0.08338658625052156
}