{
  "batch_size": 17,
  "hl_mlp": 1,
  "latent_size_mlp": 44,
  "lr": 0.002891046362634978,
  "lr_decay": 0.043530222779648416
}