{
  "batch_size": 16,
  "hl_mlp": 1,
  "latent_size_mlp": 51,
  "lr": 0.09549542280126626,
  "lr_decay": 0.0069107779839927466
}