{
  "batch_size": 20,
  "hl_mlp": 1,
  "latent_size_mlp": 46,
  "lr": 0.02155330971530302,
  "lr_decay": 0.034534359675325095
}