{
  "batch_size": 23,
  "hl_mlp": 0,
  "latent_size_mlp": 50,
  "lr": 0.011687545297262458,
  "lr_decay": 0.002486644537871686
}