{
  "batch_size": 22,
  "hl_mlp": 0,
  "latent_size_mlp": 47,
  "lr": 0.01722937139951053,
  "lr_decay": 0.00290585536543064
}