{
  "batch_size": 21,
  "hl_mlp": 1,
  "latent_size_mlp": 59,
  "lr": 0.05455261705427269,
  "lr_decay": 0.0012457696934109026
}