{
  "batch_size": 13,
  "hl_mlp": 1,
  "latent_size_mlp": 32,
  "lr": 0.00862091736974962,
  "lr_decay": 0.09059495035938435
}