{
  "alpha": 0.02036389821693645,
  "length_scale": 2.5040212325593973
}