{
  "batch_size": 23,
  "hl_mlp": 2,
  "latent_size_mlp": 58,
  "lr": 0.012453317122485692,
  "lr_decay": 0.0010203214278669544
}