{
  "batch_size": 32,
  "hl_mlp": 1,
  "latent_size_mlp": 38,
  "lr": 0.0018414529565311626,
  "lr_decay": 0.0020570854438638074
}