{
  "batch_size": 22,
  "hl_mlp": 1,
  "latent_size_mlp": 21,
  "lr": 0.007811285358256731,
  "lr_decay": 0.013860133074219747
}