{
  "batch_size": 11,
  "hl_mlp": 0,
  "latent_size_mlp": 28,
  "lr": 0.004246075389089759,
  "lr_decay": 0.027278901497584145
}