{
  "batch_size": 18,
  "hl_mlp": 1,
  "latent_size_mlp": 48,
  "lr": 0.01764892821399359,
  "lr_decay": 0.0031279090166316625
}