{
  "batch_size": 31,
  "hl_mlp": 0,
  "latent_size_mlp": 11,
  "lr": 0.015648201228796295,
  "lr_decay": 0.01829305487898312
}