{
  "batch_size": 28,
  "hl_mlp": 1,
  "latent_size_mlp": 70,
  "lr": 0.0026290761152159355,
  "lr_decay": 0.7265489204659671
}