{
  "batch_size": 21,
  "hl_mlp": 3,
  "latent_size_mlp": 51,
  "lr": 0.019057121439080314,
  "lr_decay": 0.0028949778614394345
}