{
  "batch_size": 17,
  "hl_mlp": 1,
  "latent_size_mlp": 58,
  "lr": 0.012141694372824988,
  "lr_decay": 0.0014494983203361441
}