{
  "batch_size": 26,
  "hl_mlp": 1,
  "latent_size_mlp": 45,
  "lr": 0.007833288806945938,
  "lr_decay": 0.013910681385238856
}