{
  "batch_size": 36,
  "hl_mlp": 1,
  "latent_size_mlp": 43,
  "lr": 0.09192256129057601,
  "lr_decay": 0.288465793858483
}