{
  "batch_size": 21,
  "hl_mlp": 1,
  "latent_size_mlp": 51,
  "lr": 0.0007702284122889157,
  "lr_decay": 0.1410075595940214
}