{
  "batch_size": 22,
  "hl_mlp": 1,
  "latent_size_mlp": 47,
  "lr": 0.0001268746352667633,
  "lr_decay": 0.00021065407527319258
}