{
  "batch_size": 21,
  "hl_mlp": 1,
  "latent_size_mlp": 45,
  "lr": 0.014192926506317633,
  "lr_decay": 0.0323787257346724
}