{
  "batch_size": 22,
  "hl_mlp": 1,
  "latent_size_mlp": 14,
  "lr": 0.04033847384614823,
  "lr_decay": 0.010315741543162808
}