{
  "batch_size": 26,
  "hl_mlp": 2,
  "latent_size_mlp": 45,
  "lr": 0.0013023567163959005,
  "lr_decay": 0.03187493166221043
}