{
  "batch_size": 22,
  "hl_mlp": 0,
  "latent_size_mlp": 49,
  "lr": 0.019393664686893634,
  "lr_decay": 0.0010045337525938821
}