{
  "batch_size": 19,
  "hl_mlp": 1,
  "latent_size_mlp": 46,
  "lr": 0.0016842770964694003,
  "lr_decay": 0.04442212138508781
}