{
  "batch_size": 24,
  "hl_mlp": 1,
  "latent_size_mlp": 42,
  "lr": 0.004298127020396381,
  "lr_decay": 0.04254619035540178
}