{
  "batch_size": 42,
  "hl_mlp": 1,
  "latent_size_mlp": 67,
  "lr": 0.09114516030338755,
  "lr_decay": 0.0763766792400017
}