{
  "batch_size": 31,
  "hl_mlp": 1,
  "latent_size_mlp": 18,
  "lr": 0.023543517272546447,
  "lr_decay": 0.007317412081160442
}