{
  "batch_size": 28,
  "hl_mlp": 1,
  "latent_size_mlp": 27,
  "lr": 0.035596284821825225,
  "lr_decay": 0.057402587478737076
}