{
  "batch_size": 22,
  "hl_mlp": 0,
  "latent_size_mlp": 47,
  "lr": 0.0013052073346206746,
  "lr_decay": 0.0032059778391719264
}