{
  "batch_size": 25,
  "hl_mlp": 1,
  "latent_size_mlp": 40,
  "lr": 0.004296009842329007,
  "lr_decay": 0.05407089765067884
}