{
  "batch_size": 23,
  "hl_mlp": 1,
  "latent_size_mlp": 31,
  "lr": 0.003941485621306396,
  "lr_decay": 0.012697208977875607
}