{
  "batch_size": 21,
  "hl_mlp": 1,
  "latent_size_mlp": 46,
  "lr": 0.012539795594575468,
  "lr_decay": 0.028814851175815268
}