{
  "batch_size": 25,
  "hl_mlp": 2,
  "latent_size_mlp": 75,
  "lr": 0.0010402308225368878,
  "lr_decay": 0.5700662903306695
}