{
  "batch_size": 22,
  "hl_mlp": 1,
  "latent_size_mlp": 48,
  "lr": 0.01177415207808803,
  "lr_decay": 0.002088768980387095
}