{
  "batch_size": 24,
  "hl_mlp": 1,
  "latent_size_mlp": 47,
  "lr": 0.005375339496018414,
  "lr_decay": 0.016212922498935658
}