{
  "batch_size": 24,
  "hl_mlp": 1,
  "latent_size_mlp": 55,
  "lr": 0.01990232165306642,
  "lr_decay": 0.001239175689245553
}