{
  "batch_size": 21,
  "hl_mlp": 1,
  "latent_size_mlp": 47,
  "lr": 0.08028639923605213,
  "lr_decay": 0.004293663898724289
}