{
  "batch_size": 36,
  "hl_mlp": 1,
  "latent_size_mlp": 69,
  "lr": 0.008671009787130203,
  "lr_decay": 0.07512574855308085
}