{
  "batch_size": 18,
  "hl_mlp": 2,
  "latent_size_mlp": 43,
  "lr": 0.07848878452490211,
  "lr_decay": 0.009353290689887614
}