{
  "batch_size": 16,
  "hl_mlp": 1,
  "latent_size_mlp": 16,
  "lr": 0.002877353827533832,
  "lr_decay": 0.05521334376624331
}