{
  "alpha": 0.08449695114940836,
  "length_scale": 0.25234837484488987
}