{
  "batch_size": 22,
  "hl_mlp": 2,
  "latent_size_mlp": 57,
  "lr": 0.020977725684175344,
  "lr_decay": 0.0021437878938196393
}