{
  "batch_size": 22,
  "hl_mlp": 1,
  "latent_size_mlp": 70,
  "lr": 7.1121712812793e-05,
  "lr_decay": 0.0006527460779645871
}