{
  "batch_size": 12,
  "hl_mlp": 0,
  "latent_size_mlp": 11,
  "lr": 0.005726222082184448,
  "lr_decay": 0.029718245366017373
}