{
  "batch_size": 23,
  "hl_mlp": 1,
  "latent_size_mlp": 53,
  "lr": 0.01720630253553772,
  "lr_decay": 0.002266047357006875
}