{
  "batch_size": 21,
  "hl_mlp": 1,
  "latent_size_mlp": 69,
  "lr": 0.039714773002606965,
  "lr_decay": 0.0016441717596433415
}