{
  "batch_size": 22,
  "hl_mlp": 1,
  "latent_size_mlp": 59,
  "lr": 0.0576908670081128,
  "lr_decay": 0.005660759427046714
}