{
  "batch_size": 21,
  "hl_mlp": 1,
  "latent_size_mlp": 48,
  "lr": 0.0025844285386379543,
  "lr_decay": 0.0366264430344671
}