{
  "batch_size": 22,
  "hl_mlp": 0,
  "latent_size_mlp": 49,
  "lr": 0.02995863026597082,
  "lr_decay": 0.014544102932568824
}