{
  "batch_size": 17,
  "hl_mlp": 1,
  "latent_size_mlp": 47,
  "lr": 0.08565937099441803,
  "lr_decay": 0.02626450683150702
}