{
  "batch_size": 25,
  "hl_mlp": 1,
  "latent_size_mlp": 76,
  "lr": 0.0003766943742804432,
  "lr_decay": 0.0003194718380010979
}