{
  "batch_size": 20,
  "hl_mlp": 2,
  "latent_size_mlp": 34,
  "lr": 0.03844752946997982,
  "lr_decay": 0.00407167193483431
}