{
  "batch_size": 18,
  "hl_mlp": 1,
  "latent_size_mlp": 44,
  "lr": 0.0013039983820081942,
  "lr_decay": 0.02531224352489007
}