{
  "batch_size": 23,
  "hl_mlp": 0,
  "latent_size_mlp": 59,
  "lr": 0.018716184670551247,
  "lr_decay": 0.0013205465397214864
}