{
  "batch_size": 24,
  "hl_mlp": 2,
  "latent_size_mlp": 57,
  "lr": 0.01450020349775596,
  "lr_decay": 0.001247088990354935
}