{
  "batch_size": 21,
  "hl_mlp": 1,
  "latent_size_mlp": 47,
  "lr": 0.033414558203725124,
  "lr_decay": 0.0037809356653925015
}