{
  "batch_size": 23,
  "hl_mlp": 1,
  "latent_size_mlp": 41,
  "lr": 0.04489470046685375,
  "lr_decay": 0.008299249678319196
}