{
  "batch_size": 31,
  "hl_mlp": 1,
  "latent_size_mlp": 63,
  "lr": 0.0009446726654251841,
  "lr_decay": 0.0014390273017286176
}