{
  "batch_size": 21,
  "hl_mlp": 1,
  "latent_size_mlp": 45,
  "lr": 0.015509600184694525,
  "lr_decay": 0.0346380956071148
}