{
  "batch_size": 15,
  "hl_mlp": 0,
  "latent_size_mlp": 52,
  "lr": 0.03926363948422618,
  "lr_decay": 0.001762740857652865
}