{
  "batch_size": 34,
  "hl_mlp": 2,
  "latent_size_mlp": 63,
  "lr": 0.002892809108353107,
  "lr_decay": 0.7911752680445545
}