{
  "alpha": 0.0008658001495287752,
  "length_scale": 1.8215819416684187
}