{
  "batch_size": 22,
  "hl_mlp": 1,
  "latent_size_mlp": 47,
  "lr": 0.012347156074250824,
  "lr_decay": 0.00781854286598591
}