{
  "alpha": 5.8587070206597826e-05,
  "length_scale": 0.29280474184889377
}