{
  "batch_size": 22,
  "hl_mlp": 1,
  "latent_size_mlp": 58,
  "lr": 0.03877666725946193,
  "lr_decay": 0.003913887409742301
}