{
  "batch_size": 18,
  "hl_mlp": 1,
  "latent_size_mlp": 52,
  "lr": 0.051382903138011096,
  "lr_decay": 0.005369480263885778
}