{
  "batch_size": 17,
  "hl_mlp": 2,
  "latent_size_mlp": 45,
  "lr": 0.018935558055052672,
  "lr_decay": 0.0012165135067780366
}