{
  "batch_size": 24,
  "hl_mlp": 1,
  "latent_size_mlp": 45,
  "lr": 0.004826458987940682,
  "lr_decay": 0.052335893859107425
}