{
  "batch_size": 24,
  "hl_mlp": 1,
  "latent_size_mlp": 71,
  "lr": 0.000491293649242483,
  "lr_decay": 0.005700721892768083
}