{
  "batch_size": 21,
  "hl_mlp": 2,
  "latent_size_mlp": 34,
  "lr": 0.0043532713221692805,
  "lr_decay": 0.002301632808879291
}