{
  "batch_size": 27,
  "hl_mlp": 1,
  "latent_size_mlp": 66,
  "lr": 0.002057962877536917,
  "lr_decay": 0.410325753849565
}