{
  "alpha": 0.005279219065582852,
  "length_scale": 0.802134413973141
}