{
  "batch_size": 16,
  "hl_mlp": 1,
  "latent_size_mlp": 27,
  "lr": 0.005958745625994129,
  "lr_decay": 0.02074592059523055
}