{
  "batch_size": 23,
  "hl_mlp": 1,
  "latent_size_mlp": 66,
  "lr": 0.0002651542471019549,
  "lr_decay": 0.0001824815406586694
}