{
  "batch_size": 41,
  "hl_mlp": 1,
  "latent_size_mlp": 41,
  "lr": 0.013573466221181838,
  "lr_decay": 0.018821990819219574
}