{
  "batch_size": 32,
  "hl_mlp": 2,
  "latent_size_mlp": 59,
  "lr": 0.002250169995925366,
  "lr_decay": 0.051906793330518036
}