{
  "batch_size": 44,
  "hl_mlp": 2,
  "latent_size_mlp": 5,
  "lr": 0.08835229366782699,
  "lr_decay": 0.010555568726367285
}