{
  "batch_size": 36,
  "hl_mlp": 1,
  "latent_size_mlp": 54,
  "lr": 0.06821249160235693,
  "lr_decay": 0.027859192320011376
}