{
  "alpha": 0.013483122970917,
  "length_scale": 1.5129500388574937
}