{
  "alpha": 0.010613467186415412,
  "length_scale": 1.792344443192405
}