{
  "batch_size": 23,
  "hl_mlp": 2,
  "latent_size_mlp": 59,
  "lr": 0.0007276296067975224,
  "lr_decay": 0.2685747752315106
}