{
  "batch_size": 22,
  "hl_mlp": 1,
  "latent_size_mlp": 65,
  "lr": 0.0008758926992368737,
  "lr_decay": 0.00023405429617650723
}