{
  "batch_size": 19,
  "hl_mlp": 3,
  "latent_size_mlp": 58,
  "lr": 0.15814651579384462,
  "lr_decay": 0.006792666761243667
}