{
  "batch_size": 15,
  "hl_mlp": 1,
  "latent_size_mlp": 43,
  "lr": 0.07013383310708927,
  "lr_decay": 0.014924571089804013
}