{
  "batch_size": 29,
  "hl_mlp": 1,
  "latent_size_mlp": 45,
  "lr": 0.007272783185137021,
  "lr_decay": 0.6988831789768541
}