{
  "batch_size": 24,
  "hl_mlp": 1,
  "latent_size_mlp": 48,
  "lr": 0.01706467322051536,
  "lr_decay": 0.0035435639434731937
}