{
  "max_depth": 4.442140206555562,
  "min_samples_leaf": 4.902619599342352
}