{
  "batch_size": 42,
  "hl_mlp": 1,
  "latent_size_mlp": 78,
  "lr": 0.004420576710849764,
  "lr_decay": 0.431739854671944
}