{
  "batch_size": 22,
  "hl_mlp": 1,
  "latent_size_mlp": 57,
  "lr": 0.06031382309985238,
  "lr_decay": 0.021351452607596844
}