{
  "batch_size": 23,
  "hl_mlp": 1,
  "latent_size_mlp": 43,
  "lr": 0.0015204477945319247,
  "lr_decay": 0.07111326865856989
}