{
  "batch_size": 22,
  "hl_mlp": 1,
  "latent_size_mlp": 49,
  "lr": 0.0029714514371917316,
  "lr_decay": 0.0294420297165432
}