{
  "batch_size": 28,
  "hl_mlp": 1,
  "latent_size_mlp": 55,
  "lr": 0.044571234125977084,
  "lr_decay": 0.9073740365566417
}