{
  "batch_size": 22,
  "hl_mlp": 1,
  "latent_size_mlp": 51,
  "lr": 0.011057182073779407,
  "lr_decay": 0.0029671959433339172
}