{
  "batch_size": 17,
  "hl_mlp": 0,
  "latent_size_mlp": 49,
  "lr": 0.01152145393788313,
  "lr_decay": 0.01050068227414509
}