{
  "batch_size": 27,
  "hl_mlp": 1,
  "latent_size_mlp": 45,
  "lr": 0.001019388139724211,
  "lr_decay": 0.030404271066699427
}