{
  "batch_size": 22,
  "hl_mlp": 1,
  "latent_size_mlp": 40,
  "lr": 0.017278299839190842,
  "lr_decay": 0.026752123276443076
}