{
  "batch_size": 43,
  "hl_mlp": 1,
  "latent_size_mlp": 73,
  "lr": 0.003698719111604078,
  "lr_decay": 0.010913678113046148
}