{
  "batch_size": 26,
  "hl_mlp": 1,
  "latent_size_mlp": 51,
  "lr": 0.08145191158853593,
  "lr_decay": 0.0067084425243797395
}