{
  "batch_size": 22,
  "hl_mlp": 2,
  "latent_size_mlp": 51,
  "lr": 0.010691691738185106,
  "lr_decay": 0.0015709906226285633
}