{
  "batch_size": 23,
  "hl_mlp": 2,
  "latent_size_mlp": 57,
  "lr": 0.01215941957134901,
  "lr_decay": 0.0020625095115115767
}