{
  "batch_size": 17,
  "hl_mlp": 0,
  "latent_size_mlp": 50,
  "lr": 0.0282975720763968,
  "lr_decay": 0.0033209630933882022
}