{
  "batch_size": 22,
  "hl_mlp": 1,
  "latent_size_mlp": 58,
  "lr": 0.020980139385446385,
  "lr_decay": 0.001362941939476129
}