{
  "batch_size": 16,
  "hl_mlp": 1,
  "latent_size_mlp": 45,
  "lr": 0.004961809682727545,
  "lr_decay": 0.009712586065648435
}