{
  "batch_size": 22,
  "hl_mlp": 1,
  "latent_size_mlp": 47,
  "lr": 0.0026096328680677966,
  "lr_decay": 0.010408728164401417
}