{
  "batch_size": 26,
  "hl_mlp": 1,
  "latent_size_mlp": 39,
  "lr": 0.0009634947557979331,
  "lr_decay": 0.6030924594560302
}