{
  "batch_size": 24,
  "hl_mlp": 2,
  "latent_size_mlp": 48,
  "lr": 0.042212160562634396,
  "lr_decay": 0.001908965382684189
}