{
  "batch_size": 20,
  "hl_mlp": 1,
  "latent_size_mlp": 67,
  "lr": 0.001429842787091659,
  "lr_decay": 0.003101646489813466
}