{
  "batch_size": 22,
  "hl_mlp": 0,
  "latent_size_mlp": 58,
  "lr": 0.08982921108774901,
  "lr_decay": 0.07630252519089302
}