{
  "batch_size": 19,
  "hl_mlp": 1,
  "latent_size_mlp": 54,
  "lr": 0.011850864891880388,
  "lr_decay": 0.0011834807538014308
}