{
  "batch_size": 18,
  "hl_mlp": 1,
  "latent_size_mlp": 42,
  "lr": 0.0017737982592085037,
  "lr_decay": 0.048190115652521806
}