{
  "batch_size": 22,
  "hl_mlp": 0,
  "latent_size_mlp": 44,
  "lr": 0.0148400483081418,
  "lr_decay": 0.001272475235185322
}