{
  "batch_size": 22,
  "hl_mlp": 1,
  "latent_size_mlp": 49,
  "lr": 0.010024628122362721,
  "lr_decay": 0.0033765920870799594
}