{
  "batch_size": 20,
  "hl_mlp": 1,
  "latent_size_mlp": 49,
  "lr": 0.011591878261479572,
  "lr_decay": 0.0013370840599091142
}