{
  "alpha": 0.004790208607581624,
  "length_scale": 1.542945632420651
}