{
  "batch_size": 21,
  "hl_mlp": 0,
  "latent_size_mlp": 13,
  "lr": 0.008694218712789234,
  "lr_decay": 0.01058036790430003
}