{
  "batch_size": 19,
  "hl_mlp": 1,
  "latent_size_mlp": 51,
  "lr": 0.010918870546025633,
  "lr_decay": 0.0014101890153440304
}