{
  "batch_size": 21,
  "hl_mlp": 1,
  "latent_size_mlp": 53,
  "lr": 0.01288884757079235,
  "lr_decay": 0.00130410653185625
}