{
  "batch_size": 23,
  "hl_mlp": 2,
  "latent_size_mlp": 59,
  "lr": 0.0006989245764947526,
  "lr_decay": 0.495511147589778
}