{
  "batch_size": 24,
  "hl_mlp": 2,
  "latent_size_mlp": 44,
  "lr": 0.01579240573745493,
  "lr_decay": 0.002484939538671324
}