{
  "batch_size": 29,
  "hl_mlp": 1,
  "latent_size_mlp": 68,
  "lr": 0.003834192424005788,
  "lr_decay": 0.0008741541259314641
}