{
  "batch_size": 27,
  "hl_mlp": 1,
  "latent_size_mlp": 46,
  "lr": 0.002441757900993295,
  "lr_decay": 0.019847914538781635
}