{
  "batch_size": 24,
  "hl_mlp": 1,
  "latent_size_mlp": 49,
  "lr": 0.019656160179891836,
  "lr_decay": 0.014308207825639425
}