{
  "batch_size": 19,
  "hl_mlp": 2,
  "latent_size_mlp": 61,
  "lr": 0.001984591791118343,
  "lr_decay": 0.18813556937087095
}