{
  "batch_size": 24,
  "hl_mlp": 2,
  "latent_size_mlp": 58,
  "lr": 8.618178231408064e-06,
  "lr_decay": 0.0001760602453765852
}