{
  "batch_size": 36,
  "hl_mlp": 1,
  "latent_size_mlp": 78,
  "lr": 0.012627185866797414,
  "lr_decay": 0.039251279380366835
}