{
  "batch_size": 22,
  "hl_mlp": 1,
  "latent_size_mlp": 47,
  "lr": 0.0022193011928128216,
  "lr_decay": 0.02413121560825798
}