{
  "batch_size": 26,
  "hl_mlp": 1,
  "latent_size_mlp": 74,
  "lr": 0.00016237534931436533,
  "lr_decay": 0.004902484156908447
}