{
  "batch_size": 16,
  "hl_mlp": 1,
  "latent_size_mlp": 59,
  "lr": 0.046983793589312636,
  "lr_decay": 0.0011143366719580919
}