{
  "batch_size": 22,
  "hl_mlp": 2,
  "latent_size_mlp": 52,
  "lr": 0.01119626552606381,
  "lr_decay": 0.002138731683916575
}