{
  "batch_size": 25,
  "hl_mlp": 1,
  "latent_size_mlp": 67,
  "lr": 0.00010902118030036197,
  "lr_decay": 0.0002519079238006328
}