{
  "batch_size": 22,
  "hl_mlp": 2,
  "latent_size_mlp": 53,
  "lr": 0.05774972836995711,
  "lr_decay": 0.001865173663480047
}