{
  "C": 0.5419989514606693,
  "epsilon": 0.3553148756369022
}