{
  "batch_size": 24,
  "hl_mlp": 1,
  "latent_size_mlp": 54,
  "lr": 0.020529096164817757,
  "lr_decay": 0.0012124734916256316
}