{
  "batch_size": 24,
  "hl_mlp": 1,
  "latent_size_mlp": 44,
  "lr": 0.012819176445634971,
  "lr_decay": 0.006631213061791958
}