{
  "batch_size": 23,
  "hl_mlp": 1,
  "latent_size_mlp": 47,
  "lr": 0.0161778398416699,
  "lr_decay": 0.0013189340144379432
}