{
  "batch_size": 22,
  "hl_mlp": 1,
  "latent_size_mlp": 46,
  "lr": 0.023677022193345186,
  "lr_decay": 0.033596741522383955
}