{
  "batch_size": 22,
  "hl_mlp": 1,
  "latent_size_mlp": 49,
  "lr": 0.01843208368089894,
  "lr_decay": 0.008396506084977185
}