{
  "batch_size": 21,
  "hl_mlp": 1,
  "latent_size_mlp": 44,
  "lr": 0.03845878690027617,
  "lr_decay": 0.006132110855581853
}