{
  "batch_size": 33,
  "hl_mlp": 2,
  "latent_size_mlp": 44,
  "lr": 0.09878344429337414,
  "lr_decay": 0.0051239730526007506
}