{
  "batch_size": 31,
  "hl_mlp": 1,
  "latent_size_mlp": 62,
  "lr": 0.0012198319630525817,
  "lr_decay": 0.034306077201062816
}