{
  "batch_size": 24,
  "hl_mlp": 1,
  "latent_size_mlp": 40,
  "lr": 0.0009574445460402637,
  "lr_decay": 0.007001858206828368
}