{
  "batch_size": 24,
  "hl_mlp": 2,
  "latent_size_mlp": 69,
  "lr": 0.027491918050123434,
  "lr_decay": 0.012592672884015388
}