{
  "batch_size": 24,
  "hl_mlp": 1,
  "latent_size_mlp": 42,
  "lr": 0.003672337377757253,
  "lr_decay": 0.046926901027619
}