{
  "batch_size": 29,
  "hl_mlp": 1,
  "latent_size_mlp": 73,
  "lr": 0.003645391286338856,
  "lr_decay": 0.7024558939887613
}