{
  "batch_size": 47,
  "hl_mlp": 2,
  "latent_size_mlp": 50,
  "lr": 0.0009648018676577799,
  "lr_decay": 0.002347551520235498
}