{
  "batch_size": 24,
  "hl_mlp": 1,
  "latent_size_mlp": 39,
  "lr": 0.003896302500046526,
  "lr_decay": 0.04771958452197243
}