{
  "batch_size": 20,
  "hl_mlp": 1,
  "latent_size_mlp": 48,
  "lr": 0.025102959290771415,
  "lr_decay": 0.026747743936456375
}