{
  "batch_size": 23,
  "hl_mlp": 1,
  "latent_size_mlp": 48,
  "lr": 0.013114781770874995,
  "lr_decay": 0.0034434045594267837
}