{
  "batch_size": 22,
  "hl_mlp": 1,
  "latent_size_mlp": 41,
  "lr": 0.08066065465131322,
  "lr_decay": 0.0053940664463838495
}