{
  "batch_size": 21,
  "hl_mlp": 1,
  "latent_size_mlp": 47,
  "lr": 0.0024529822259880558,
  "lr_decay": 0.039057756443117576
}