{
  "alpha": 0.009694069994667215,
  "length_scale": 1.9108433181598699
}