{
  "max_depth": 5.451836939618269,
  "min_samples_leaf": 6.7363770335172815
}