{
  "batch_size": 19,
  "hl_mlp": 1,
  "latent_size_mlp": 45,
  "lr": 0.0016122321752696477,
  "lr_decay": 0.09985095604924796
}