{
  "batch_size": 17,
  "hl_mlp": 1,
  "latent_size_mlp": 43,
  "lr": 0.0034074444588436128,
  "lr_decay": 0.047013986614736575
}