{
  "batch_size": 21,
  "hl_mlp": 1,
  "latent_size_mlp": 48,
  "lr": 0.033560156826688434,
  "lr_decay": 0.00923079401388329
}