{
  "alpha": 0.017234662408604044,
  "length_scale": 1.654876777884204
}