{
  "batch_size": 21,
  "hl_mlp": 1,
  "latent_size_mlp": 1,
  "lr": 0.0044600767940121445,
  "lr_decay": 0.004173190813746769
}