{
  "batch_size": 26,
  "hl_mlp": 1,
  "latent_size_mlp": 47,
  "lr": 0.00347304888159605,
  "lr_decay": 0.049248412697746116
}