{
  "alpha": 0.0009131162028580289,
  "length_scale": 1.2851226863976641
}