{
  "batch_size": 26,
  "hl_mlp": 1,
  "latent_size_mlp": 74,
  "lr": 0.0029281785392286544,
  "lr_decay": 0.00027518090730488853
}