{
  "batch_size": 32,
  "hl_mlp": 1,
  "latent_size_mlp": 56,
  "lr": 0.004774584353164206,
  "lr_decay": 0.3654362225592176
}