{
  "batch_size": 30,
  "hl_mlp": 1,
  "latent_size_mlp": 44,
  "lr": 0.0020035316865588573,
  "lr_decay": 0.0005764993014988134
}