{
  "batch_size": 16,
  "hl_mlp": 1,
  "latent_size_mlp": 44,
  "lr": 0.0032761207795305954,
  "lr_decay": 0.05647417381739143
}