{
  "batch_size": 22,
  "hl_mlp": 1,
  "latent_size_mlp": 48,
  "lr": 0.002813589314596276,
  "lr_decay": 0.004396999082785107
}