{
  "batch_size": 12,
  "hl_mlp": 1,
  "latent_size_mlp": 49,
  "lr": 0.0013177561119208374,
  "lr_decay": 0.0033047272430328837
}