{
  "batch_size": 22,
  "hl_mlp": 1,
  "latent_size_mlp": 46,
  "lr": 0.023366567681948284,
  "lr_decay": 0.013185656808291223
}