{
  "batch_size": 23,
  "hl_mlp": 1,
  "latent_size_mlp": 47,
  "lr": 0.01983407682927594,
  "lr_decay": 0.014200007772227493
}