{
  "alpha": 0.0011645421940683748,
  "length_scale": 2.339823419526115
}