{
  "alpha": 5.521436700415265,
  "length_scale": 0.04111411459445547
}