{
  "batch_size": 23,
  "hl_mlp": 1,
  "latent_size_mlp": 45,
  "lr": 0.018352864959271492,
  "lr_decay": 0.003559539692382549
}