{
  "alpha": 0.001831610901708623,
  "length_scale": 1.0348998432494847
}