{
  "batch_size": 20,
  "hl_mlp": 1,
  "latent_size_mlp": 49,
  "lr": 0.0033851443691633692,
  "lr_decay": 0.0718140612062206
}