{
  "batch_size": 24,
  "hl_mlp": 1,
  "latent_size_mlp": 55,
  "lr": 0.09175662359085456,
  "lr_decay": 0.0052908403713075765
}