{
  "batch_size": 31,
  "hl_mlp": 1,
  "latent_size_mlp": 37,
  "lr": 0.0016872257826476126,
  "lr_decay": 0.002828062701818566
}