{
  "batch_size": 17,
  "hl_mlp": 1,
  "latent_size_mlp": 10,
  "lr": 0.009926135012760368,
  "lr_decay": 0.004543358690269697
}