{
  "batch_size": 25,
  "hl_mlp": 1,
  "latent_size_mlp": 48,
  "lr": 0.0036392589048582736,
  "lr_decay": 0.0008677062091178991
}