{
  "batch_size": 26,
  "hl_mlp": 1,
  "latent_size_mlp": 22,
  "lr": 0.0010089544290890905,
  "lr_decay": 0.03014677781246274
}