{
  "batch_size": 35,
  "hl_mlp": 0,
  "latent_size_mlp": 12,
  "lr": 0.016071195043361304,
  "lr_decay": 0.03893954751751714
}