{
  "batch_size": 10,
  "hl_mlp": 2,
  "latent_size_mlp": 17,
  "lr": 0.0010713007597326076,
  "lr_decay": 0.08138714479061748
}