{
  "batch_size": 21,
  "hl_mlp": 1,
  "latent_size_mlp": 47,
  "lr": 0.0122511105236096,
  "lr_decay": 0.03581686206062397
}