{
  "alpha": 0.0003570602125020061,
  "length_scale": 0.43381439628709856
}