{
  "batch_size": 34,
  "hl_mlp": 1,
  "latent_size_mlp": 67,
  "lr": 0.00011144694972177983,
  "lr_decay": 0.006897399307221728
}