{
  "batch_size": 21,
  "hl_mlp": 1,
  "latent_size_mlp": 43,
  "lr": 0.002735051828489076,
  "lr_decay": 0.0002145935201891982
}