{
  "batch_size": 31,
  "hl_mlp": 1,
  "latent_size_mlp": 38,
  "lr": 0.004477895419450803,
  "lr_decay": 0.0018392772015757243
}