{
  "batch_size": 23,
  "hl_mlp": 1,
  "latent_size_mlp": 46,
  "lr": 0.01647240817767922,
  "lr_decay": 0.0017960537996586329
}