{
  "C": 0.058777334432613404,
  "epsilon": 0.012789138066403876
}