{
  "batch_size": 22,
  "hl_mlp": 1,
  "latent_size_mlp": 59,
  "lr": 0.01269316010375607,
  "lr_decay": 0.0014756443149814766
}