{
  "batch_size": 21,
  "hl_mlp": 1,
  "latent_size_mlp": 46,
  "lr": 0.005431134773086264,
  "lr_decay": 0.09692250882114574
}