{
  "batch_size": 30,
  "hl_mlp": 1,
  "latent_size_mlp": 39,
  "lr": 0.00078926107457485,
  "lr_decay": 0.00018789791659277967
}