{
  "batch_size": 20,
  "hl_mlp": 1,
  "latent_size_mlp": 51,
  "lr": 0.0005284639141307217,
  "lr_decay": 0.0005587157326666763
}