{
  "batch_size": 22,
  "hl_mlp": 1,
  "latent_size_mlp": 46,
  "lr": 0.0105671401042374,
  "lr_decay": 0.005127769639626559
}