{
  "batch_size": 21,
  "hl_mlp": 1,
  "latent_size_mlp": 49,
  "lr": 0.011623933124507112,
  "lr_decay": 0.005345330613997404
}