{
  "batch_size": 19,
  "hl_mlp": 1,
  "latent_size_mlp": 46,
  "lr": 0.0137976378850172,
  "lr_decay": 0.0017538680212509628
}