{
  "batch_size": 22,
  "hl_mlp": 1,
  "latent_size_mlp": 46,
  "lr": 0.002776386123046479,
  "lr_decay": 0.04163808132593016
}