{
  "batch_size": 26,
  "hl_mlp": 1,
  "latent_size_mlp": 79,
  "lr": 1.3865153839097682e-06,
  "lr_decay": 0.05242142036483624
}