{
  "batch_size": 17,
  "hl_mlp": 1,
  "latent_size_mlp": 48,
  "lr": 0.04957238891430702,
  "lr_decay": 0.007762266535322796
}