{
  "batch_size": 18,
  "hl_mlp": 0,
  "latent_size_mlp": 53,
  "lr": 0.015517630482587655,
  "lr_decay": 0.0010016508282735725
}