{
  "batch_size": 28,
  "hl_mlp": 1,
  "latent_size_mlp": 59,
  "lr": 0.005285520936724432,
  "lr_decay": 0.5128639912807974
}