{
  "batch_size": 36,
  "hl_mlp": 2,
  "latent_size_mlp": 52,
  "lr": 0.00045483482158439653,
  "lr_decay": 0.01839643016852377
}