{
  "alpha": 0.005541325874086867,
  "length_scale": 3.0716185577749093
}