{
  "alpha": 0.006931024539236071,
  "length_scale": 0.8739160071893118
}