{
  "batch_size": 22,
  "hl_mlp": 1,
  "latent_size_mlp": 44,
  "lr": 0.0046494301311165555,
  "lr_decay": 0.01708106525309786
}