{
  "batch_size": 25,
  "hl_mlp": 1,
  "latent_size_mlp": 36,
  "lr": 0.001868191945375771,
  "lr_decay": 0.0001035298247148977
}