{
  "batch_size": 22,
  "hl_mlp": 1,
  "latent_size_mlp": 49,
  "lr": 0.03046767137371677,
  "lr_decay": 0.0030119865460464987
}