{
  "batch_size": 23,
  "hl_mlp": 1,
  "latent_size_mlp": 44,
  "lr": 0.051772401675214436,
  "lr_decay": 0.0014941641063446604
}