{
  "batch_size": 26,
  "hl_mlp": 1,
  "latent_size_mlp": 46,
  "lr": 0.0016438588071738508,
  "lr_decay": 0.0008994938618602424
}