{
  "batch_size": 18,
  "hl_mlp": 1,
  "latent_size_mlp": 49,
  "lr": 0.009479490932508052,
  "lr_decay": 0.07463422626320307
}