{
  "alpha": 0.014593507082450888,
  "length_scale": 2.0288671196995742
}