{
  "batch_size": 31,
  "hl_mlp": 1,
  "latent_size_mlp": 53,
  "lr": 0.00030710810904966155,
  "lr_decay": 0.4775663217176633
}