{
  "max_depth": 6.020057017862467,
  "min_samples_leaf": 1.6116561633271136
}