{
  "batch_size": 30,
  "hl_mlp": 1,
  "latent_size_mlp": 78,
  "lr": 0.00929445769086153,
  "lr_decay": 0.8486981359291859
}