{
  "alpha": 0.011810735642697053,
  "length_scale": 2.057335466923869
}