{
  "batch_size": 39,
  "hl_mlp": 1,
  "latent_size_mlp": 52,
  "lr": 0.011448705926873791,
  "lr_decay": 0.6430548579410007
}