{
  "batch_size": 34,
  "hl_mlp": 1,
  "latent_size_mlp": 64,
  "lr": 0.0017920285059127164,
  "lr_decay": 0.9647480621304915
}