{
  "batch_size": 39,
  "hl_mlp": 2,
  "latent_size_mlp": 48,
  "lr": 0.0045934442772335975,
  "lr_decay": 0.002363159840028228
}