{
  "batch_size": 22,
  "hl_mlp": 1,
  "latent_size_mlp": 45,
  "lr": 0.022540731717755266,
  "lr_decay": 0.05250518740684911
}