{
  "batch_size": 21,
  "hl_mlp": 1,
  "latent_size_mlp": 46,
  "lr": 0.05304137758516003,
  "lr_decay": 0.005526088728032583
}