{
  "batch_size": 36,
  "hl_mlp": 2,
  "latent_size_mlp": 54,
  "lr": 0.02526220343268702,
  "lr_decay": 0.004406025639507804
}