{
  "batch_size": 23,
  "hl_mlp": 1,
  "latent_size_mlp": 45,
  "lr": 0.009973096084947501,
  "lr_decay": 0.047708178728825656
}