{
  "batch_size": 34,
  "hl_mlp": 1,
  "latent_size_mlp": 48,
  "lr": 0.002818113794556857,
  "lr_decay": 0.0009027959903563226
}