{
  "batch_size": 22,
  "hl_mlp": 2,
  "latent_size_mlp": 53,
  "lr": 0.019445567539279455,
  "lr_decay": 0.00118992591409492
}