{
  "batch_size": 26,
  "hl_mlp": 1,
  "latent_size_mlp": 74,
  "lr": 0.001719074527702088,
  "lr_decay": 0.02878021186774635
}