{
  "batch_size": 27,
  "hl_mlp": 1,
  "latent_size_mlp": 48,
  "lr": 0.0034179145536528187,
  "lr_decay": 0.03162745156092401
}