{
  "batch_size": 27,
  "hl_mlp": 1,
  "latent_size_mlp": 54,
  "lr": 0.06463055150912228,
  "lr_decay": 0.007434187836163006
}