{
  "batch_size": 18,
  "hl_mlp": 0,
  "latent_size_mlp": 59,
  "lr": 0.025815218897541015,
  "lr_decay": 0.00797207335704124
}