{
  "batch_size": 24,
  "hl_mlp": 2,
  "latent_size_mlp": 59,
  "lr": 0.018171616351433002,
  "lr_decay": 0.0017052905786595542
}