{
  "batch_size": 24,
  "hl_mlp": 1,
  "latent_size_mlp": 39,
  "lr": 0.0010147915131510918,
  "lr_decay": 0.01949205650069284
}