{
  "batch_size": 26,
  "hl_mlp": 1,
  "latent_size_mlp": 44,
  "lr": 0.001309336934534688,
  "lr_decay": 0.002963420605259116
}