{
  "batch_size": 21,
  "hl_mlp": 1,
  "latent_size_mlp": 65,
  "lr": 0.07427622830096468,
  "lr_decay": 0.005967051268278664
}