{
  "batch_size": 24,
  "hl_mlp": 1,
  "latent_size_mlp": 49,
  "lr": 0.016033104124593422,
  "lr_decay": 0.004291409934790071
}