{
  "batch_size": 25,
  "hl_mlp": 1,
  "latent_size_mlp": 49,
  "lr": 0.0037856546886972852,
  "lr_decay": 0.04613232832172216
}