{
  "batch_size": 27,
  "hl_mlp": 1,
  "latent_size_mlp": 68,
  "lr": 0.008447142852251765,
  "lr_decay": 0.6892572294319176
}