{
  "batch_size": 21,
  "hl_mlp": 0,
  "latent_size_mlp": 59,
  "lr": 0.03712328036290336,
  "lr_decay": 0.0012815004765562715
}