{
  "max_depth": 9.220801774188487,
  "min_samples_leaf": 2.701759155432252
}