{
  "batch_size": 23,
  "hl_mlp": 1,
  "latent_size_mlp": 47,
  "lr": 3.229318436659121e-05,
  "lr_decay": 0.003056761292709083
}