{
  "batch_size": 22,
  "hl_mlp": 0,
  "latent_size_mlp": 50,
  "lr": 0.015440802781218312,
  "lr_decay": 0.0011074573186327335
}