{
  "batch_size": 18,
  "hl_mlp": 1,
  "latent_size_mlp": 53,
  "lr": 0.03496438378187174,
  "lr_decay": 0.012382215820798992
}