{
  "batch_size": 20,
  "hl_mlp": 0,
  "latent_size_mlp": 48,
  "lr": 0.09940063006440569,
  "lr_decay": 0.0064757406231615204
}