{
  "batch_size": 24,
  "hl_mlp": 1,
  "latent_size_mlp": 41,
  "lr": 4.9288404107713966e-05,
  "lr_decay": 0.9215285854288865
}