{
  "batch_size": 19,
  "hl_mlp": 1,
  "latent_size_mlp": 47,
  "lr": 0.025862341087239286,
  "lr_decay": 0.04365922544914765
}