{
  "batch_size": 15,
  "hl_mlp": 1,
  "latent_size_mlp": 47,
  "lr": 0.0029933288723160163,
  "lr_decay": 0.02645133930840903
}