{
  "batch_size": 21,
  "hl_mlp": 1,
  "latent_size_mlp": 34,
  "lr": 0.004267806101928179,
  "lr_decay": 0.03813060992604701
}