{
  "batch_size": 15,
  "hl_mlp": 2,
  "latent_size_mlp": 51,
  "lr": 0.010786611234793249,
  "lr_decay": 0.0019593126420829983
}