{
  "max_depth": 8.699558993941617,
  "min_samples_leaf": 6.278885416977321
}