{
  "batch_size": 26,
  "hl_mlp": 1,
  "latent_size_mlp": 47,
  "lr": 0.0033793399483790965,
  "lr_decay": 0.022076275136402052
}