{
  "batch_size": 23,
  "hl_mlp": 2,
  "latent_size_mlp": 64,
  "lr": 0.014515972198666158,
  "lr_decay": 0.024137969510465575
}