{
  "batch_size": 31,
  "hl_mlp": 1,
  "latent_size_mlp": 38,
  "lr": 0.0016161709149281607,
  "lr_decay": 0.0022008705858424806
}