{
  "batch_size": 29,
  "hl_mlp": 1,
  "latent_size_mlp": 56,
  "lr": 0.08030630673365925,
  "lr_decay": 0.004850428478455019
}