{
  "batch_size": 21,
  "hl_mlp": 1,
  "latent_size_mlp": 76,
  "lr": 9.966928458650955e-05,
  "lr_decay": 0.00017158509944533197
}