{
  "batch_size": 21,
  "hl_mlp": 1,
  "latent_size_mlp": 48,
  "lr": 0.003521699589001229,
  "lr_decay": 0.03153298642807475
}