{
  "batch_size": 27,
  "hl_mlp": 1,
  "latent_size_mlp": 44,
  "lr": 0.005382757175103479,
  "lr_decay": 0.004498061041118208
}