{
  "batch_size": 28,
  "hl_mlp": 2,
  "latent_size_mlp": 77,
  "lr": 1.0626682577053436e-06,
  "lr_decay": 0.26699265846399445
}