{
  "alpha": 0.042627819238164645,
  "length_scale": 3.2244156288026877
}