{
  "batch_size": 36,
  "hl_mlp": 2,
  "latent_size_mlp": 78,
  "lr": 0.010745474543040184,
  "lr_decay": 0.011716860436326453
}