{
  "batch_size": 21,
  "hl_mlp": 1,
  "latent_size_mlp": 40,
  "lr": 0.001365884615801554,
  "lr_decay": 0.033966989579192204
}