{
  "batch_size": 21,
  "hl_mlp": 1,
  "latent_size_mlp": 39,
  "lr": 0.00020536709640761,
  "lr_decay": 0.002432385364424808
}