{
  "batch_size": 26,
  "hl_mlp": 1,
  "latent_size_mlp": 77,
  "lr": 0.002280756171945594,
  "lr_decay": 0.00020685292831294918
}