{
  "trial_data": [
    [
      "{\n  \"stub\": false,\n  \"trainable_name\": \"objective_gpr\",\n  \"trial_id\": \"b171029b\",\n  \"storage\": {\n    \"_type\": \"CLOUDPICKLE_FALLBACK\",\n    \"value\": \"800595b4030000000000008c1b7261792e747261696e2e5f696e7465726e616c2e73746f72616765948c0e53746f72616765436f6e746578749493942981947d94288c12637573746f6d5f66735f70726f766964656494898c1273746f726167655f6c6f63616c5f70617468948c182f686f6d652f6e727562696f2f7261795f726573756c7473948c0c73746f726167655f70617468948c582f686f6d652f6e727562696f2f4465736b746f702f6a756e6374696f6e5f70726573737572655f646966666572656e7469616c732f726573756c74732f6879706572706172616d657465725f6f7074696d697a6174696f6e948c136578706572696d656e745f6469725f6e616d65948c03677072948c0e747269616c5f6469725f6e616d65948c4d6f626a6563746976655f6770725f62313731303239625f315f616c7068613d302e303439332c6c656e6774685f7363616c653d342e343035395f323032332d31322d32325f31392d30322d3139948c1863757272656e745f636865636b706f696e745f696e646578944b008c0b73796e635f636f6e666967948c097261792e747261696e948c0a53796e63436f6e6669679493942981947d94288c0b73796e635f706572696f64944d2c018c0c73796e635f74696d656f7574944d08078c0e73796e635f61727469666163747394898c1c73796e635f6172746966616374735f6f6e5f636865636b706f696e7494888c0a75706c6f61645f646972948c0a44455052454341544544948c0673796e63657294681a8c1273796e635f6f6e5f636865636b706f696e7494681a75628c1273746f726167655f66696c6573797374656d948c086275696c74696e73948c07676574617474729493948c0b70796172726f772e5f6673948c0f4c6f63616c46696c6553797374656d9493948c0c5f7265636f6e73747275637494869452947d948c087573655f6d6d6170948973859452948c0f73746f726167655f66735f70617468948c582f686f6d652f6e727562696f2f4465736b746f702f6a756e6374696f6e5f70726573737572655f646966666572656e7469616c732f726573756c74732f6879706572706172616d657465725f6f7074696d697a6174696f6e94681b68008c115f46696c6573797374656d53796e6365729493942981947d9428681d682a68154d2c0168164d08078c116c6173745f73796e635f75705f74696d659447fff00000000000008c136c6173745f73796e635f646f776e5f74696d659447fff00000000000008c0d5f73796e635f70726f63657373944e8c0c5f63757272656e745f636d64944e756275622e\"\n  },\n  \"_legacy_orig_experiment_path\": null,\n  \"_legacy_orig_experiment_dir_name\": null,\n  \"_legacy_local_experiment_path\": null,\n  \"_legacy_remote_experiment_path\": null,\n  \"_legacy_experiment_dir_name\": null,\n  \"legacy_sync_config\": null,\n  \"config\": {\n    \"alpha\": 0.04934638024501519,\n    \"length_scale\": 4.40592824266465\n  },\n  \"_Trial__unresolved_config\": {\n    \"alpha\": 0.04934638024501519,\n    \"length_scale\": 4.40592824266465\n  },\n  \"evaluated_params\": {\n    \"alpha\": 0.04934638024501519,\n    \"length_scale\": 4.40592824266465\n  },\n  \"experiment_tag\": \"1_alpha=0.0493,length_scale=4.4059\",\n  \"stopping_criterion\": {},\n  \"_setup_default_resource\": true,\n  \"_default_placement_group_factory\": \"80054e2e\",\n  \"placement_group_factory\": \"800595aa000000000000008c237261792e74756e652e657865637574696f6e2e706c6163656d656e745f67726f757073948c15506c6163656d656e7447726f7570466163746f72799493942981947d94288c085f62756e646c6573945d947d948c034750559447400800000000000073618c155f686561645f62756e646c655f69735f656d70747994898c095f7374726174656779948c045041434b948c055f6172677394298c075f6b7761726773947d9475622e\",\n  \"log_to_file\": [\n    null,\n    null\n  ],\n  \"max_failures\": 0,\n  \"_default_result_or_future\": null,\n  \"export_formats\": [],\n  \"status\": \"ERROR\",\n  \"relative_logdir\": \"objective_gpr_b171029b_1_alpha=0.0493,length_scale=4.4059_2023-12-22_19-02-19\",\n  \"trial_name_creator\": null,\n  \"trial_dirname_creator\": null,\n  \"custom_trial_name\": null,\n  \"custom_dirname\": null,\n  \"restore_path\": null,\n  \"_restore_checkpoint_result\": null,\n  \"_state_json\": null,\n  \"results\": \"80054e2e\",\n  \"extra_arg\": \"80054e2e\",\n  \"_resources\": \"80054e2e\"\n}",
      "{\n  \"start_time\": 1703300544.7570448,\n  \"num_failures\": 1,\n  \"num_failures_after_restore\": 0,\n  \"error_filename\": \"error.txt\",\n  \"pickled_error_filename\": \"error.pkl\",\n  \"last_result\": {\n    \"trial_id\": \"b171029b\"\n  },\n  \"last_result_time\": -Infinity,\n  \"metric_analysis\": {},\n  \"_n_steps\": [\n    5,\n    10\n  ],\n  \"metric_n_steps\": {},\n  \"checkpoint_manager\": {\n    \"_type\": \"CLOUDPICKLE_FALLBACK\",\n    \"value\": \"80059584010000000000008c267261792e747261696e2e5f696e7465726e616c2e636865636b706f696e745f6d616e61676572948c125f436865636b706f696e744d616e616765729493942981947d94288c125f636865636b706f696e745f636f6e666967948c097261792e747261696e948c10436865636b706f696e74436f6e6669679493942981947d94288c0b6e756d5f746f5f6b656570944e8c1a636865636b706f696e745f73636f72655f617474726962757465944e8c16636865636b706f696e745f73636f72655f6f72646572948c036d6178948c14636865636b706f696e745f6672657175656e6379944b008c11636865636b706f696e745f61745f656e6494898c1a5f636865636b706f696e745f6b6565705f616c6c5f72616e6b73948c0a44455052454341544544948c1f5f636865636b706f696e745f75706c6f61645f66726f6d5f776f726b65727394681275628c135f636865636b706f696e745f726573756c7473945d948c195f6c61746573745f636865636b706f696e745f726573756c74944e75622e\"\n  }\n}"
    ],
    [
