{
  "batch_size": 21,
  "hl_mlp": 1,
  "latent_size_mlp": 35,
  "lr": 0.0002941361088813835,
  "lr_decay": 0.001116545720592968
}