{
  "batch_size": 24,
  "hl_mlp": 0,
  "latent_size_mlp": 54,
  "lr": 0.019215805219351567,
  "lr_decay": 0.001208953997977388
}