{
  "batch_size": 16,
  "hl_mlp": 1,
  "latent_size_mlp": 48,
  "lr": 0.0013756141481588897,
  "lr_decay": 0.018606203760070557
}