{
  "batch_size": 23,
  "hl_mlp": 0,
  "latent_size_mlp": 47,
  "lr": 0.012793224781386385,
  "lr_decay": 0.008451916465329928
}