{
  "batch_size": 32,
  "hl_mlp": 1,
  "latent_size_mlp": 58,
  "lr": 0.09654655791066341,
  "lr_decay": 0.021757533709388245
}