{
  "batch_size": 23,
  "hl_mlp": 1,
  "latent_size_mlp": 55,
  "lr": 0.09039018376799639,
  "lr_decay": 0.007926029154973688
}