{
  "batch_size": 21,
  "hl_mlp": 1,
  "latent_size_mlp": 46,
  "lr": 0.011894681344099474,
  "lr_decay": 0.004964635426769515
}