{
  "batch_size": 45,
  "hl_mlp": 0,
  "latent_size_mlp": 48,
  "lr": 0.0123943180055262,
  "lr_decay": 0.0076260569230102255
}