{
  "batch_size": 22,
  "hl_mlp": 0,
  "latent_size_mlp": 45,
  "lr": 0.08522423077567835,
  "lr_decay": 0.0034463503728171113
}