{
  "batch_size": 30,
  "hl_mlp": 1,
  "latent_size_mlp": 63,
  "lr": 0.00652955867433238,
  "lr_decay": 0.023393521589125908
}