{
  "batch_size": 24,
  "hl_mlp": 2,
  "latent_size_mlp": 57,
  "lr": 0.046462803730102045,
  "lr_decay": 0.00216277681842255
}