{
  "alpha": 0.049218362432051736,
  "length_scale": 2.0633776693838333
}