{
  "alpha": 0.0023991707661796093,
  "length_scale": 0.862452781966022
}