{
  "batch_size": 25,
  "hl_mlp": 1,
  "latent_size_mlp": 43,
  "lr": 0.0014595465438921494,
  "lr_decay": 0.010568626300228348
}