{
  "batch_size": 31,
  "hl_mlp": 1,
  "latent_size_mlp": 39,
  "lr": 0.0021659656163596315,
  "lr_decay": 0.003069999836286656
}