{
  "batch_size": 23,
  "hl_mlp": 2,
  "latent_size_mlp": 48,
  "lr": 0.018439125307423688,
  "lr_decay": 0.022220309749600743
}