{
  "batch_size": 23,
  "hl_mlp": 2,
  "latent_size_mlp": 44,
  "lr": 0.01788945631910021,
  "lr_decay": 0.002307879227228345
}