{
  "batch_size": 28,
  "hl_mlp": 1,
  "latent_size_mlp": 57,
  "lr": 0.12315507371399104,
  "lr_decay": 0.005662613778083597
}