{
  "batch_size": 42,
  "hl_mlp": 2,
  "latent_size_mlp": 68,
  "lr": 0.05399724845638558,
  "lr_decay": 0.00904963813936049
}