{
  "batch_size": 20,
  "hl_mlp": 1,
  "latent_size_mlp": 53,
  "lr": 0.014956885618172027,
  "lr_decay": 0.0011339988566737898
}