{
  "batch_size": 23,
  "hl_mlp": 1,
  "latent_size_mlp": 49,
  "lr": 0.02023644456404822,
  "lr_decay": 0.0012181294878166157
}