{
  "batch_size": 31,
  "hl_mlp": 1,
  "latent_size_mlp": 75,
  "lr": 0.00015430630955098052,
  "lr_decay": 0.0001384265540591592
}