{
  "batch_size": 19,
  "hl_mlp": 1,
  "latent_size_mlp": 22,
  "lr": 0.0019159119248620762,
  "lr_decay": 0.059968686841742426
}