{
  "batch_size": 23,
  "hl_mlp": 1,
  "latent_size_mlp": 59,
  "lr": 0.01835654061461878,
  "lr_decay": 0.0026017190171258434
}