{
  "batch_size": 22,
  "hl_mlp": 1,
  "latent_size_mlp": 46,
  "lr": 0.004039743295388419,
  "lr_decay": 0.034231533290709056
}