{
  "batch_size": 17,
  "hl_mlp": 1,
  "latent_size_mlp": 49,
  "lr": 0.013927632625810711,
  "lr_decay": 0.015210911789290207
}