{
  "batch_size": 22,
  "hl_mlp": 1,
  "latent_size_mlp": 6,
  "lr": 0.014070633084465618,
  "lr_decay": 0.0021945779045133714
}