{
  "batch_size": 15,
  "hl_mlp": 1,
  "latent_size_mlp": 44,
  "lr": 0.0011987313495266316,
  "lr_decay": 0.04088891782728476
}