{
  "batch_size": 20,
  "hl_mlp": 1,
  "latent_size_mlp": 47,
  "lr": 0.0031399560542841615,
  "lr_decay": 0.031646633723455775
}