{
  "batch_size": 21,
  "hl_mlp": 1,
  "latent_size_mlp": 39,
  "lr": 0.002217390990304326,
  "lr_decay": 0.03382501698078826
}