{
  "batch_size": 23,
  "hl_mlp": 1,
  "latent_size_mlp": 59,
  "lr": 0.018948796981710318,
  "lr_decay": 0.013772392010477433
}