{
  "alpha": 0.01295550539698288,
  "length_scale": 2.5823110403505765
}