{
  "batch_size": 21,
  "hl_mlp": 1,
  "latent_size_mlp": 46,
  "lr": 0.011959768626107668,
  "lr_decay": 0.0289359844348806
}