{
  "batch_size": 24,
  "hl_mlp": 1,
  "latent_size_mlp": 49,
  "lr": 0.0031538944562391224,
  "lr_decay": 0.008291033728767605
}