{
  "batch_size": 23,
  "hl_mlp": 1,
  "latent_size_mlp": 41,
  "lr": 0.04617239472305087,
  "lr_decay": 0.004541998790796038
}