{
  "alpha": 1.571122525943155e-05,
  "length_scale": 1.973230502827551
}