{
  "batch_size": 17,
  "hl_mlp": 1,
  "latent_size_mlp": 59,
  "lr": 0.019424662440976927,
  "lr_decay": 0.0011609666029904725
}