{
  "batch_size": 24,
  "hl_mlp": 1,
  "latent_size_mlp": 51,
  "lr": 0.024299958533211985,
  "lr_decay": 0.030310545765807058
}