{
  "batch_size": 37,
  "hl_mlp": 1,
  "latent_size_mlp": 51,
  "lr": 0.003700305276932934,
  "lr_decay": 0.6415346463440136
}