{
  "batch_size": 26,
  "hl_mlp": 1,
  "latent_size_mlp": 48,
  "lr": 0.0009047997203666925,
  "lr_decay": 0.0007382994725223841
}