{
  "batch_size": 21,
  "hl_mlp": 1,
  "latent_size_mlp": 43,
  "lr": 0.009160044092379575,
  "lr_decay": 0.03822598712204357
}