{
  "alpha": 0.0007514216395642137,
  "length_scale": 1.1267470763390481
}