{
  "batch_size": 23,
  "hl_mlp": 1,
  "latent_size_mlp": 41,
  "lr": 0.04462444389694479,
  "lr_decay": 0.03228226883212397
}