{
  "alpha": 0.16330265917314907,
  "length_scale": 2.3371826187792752
}