{
  "batch_size": 23,
  "hl_mlp": 1,
  "latent_size_mlp": 48,
  "lr": 0.016206078390750597,
  "lr_decay": 0.001103388524138258
}