{
  "batch_size": 43,
  "hl_mlp": 1,
  "latent_size_mlp": 68,
  "lr": 0.0003189478304743742,
  "lr_decay": 0.004661834045403224
}