{
  "batch_size": 35,
  "hl_mlp": 1,
  "latent_size_mlp": 52,
  "lr": 0.00935789944263772,
  "lr_decay": 0.7009256583564027
}