{
  "batch_size": 20,
  "hl_mlp": 1,
  "latent_size_mlp": 48,
  "lr": 0.024129097181796264,
  "lr_decay": 0.001457247148738375
}