{
  "batch_size": 24,
  "hl_mlp": 1,
  "latent_size_mlp": 49,
  "lr": 0.01590018267488169,
  "lr_decay": 0.027581925584794238
}