{
  "batch_size": 20,
  "hl_mlp": 1,
  "latent_size_mlp": 49,
  "lr": 0.004360926817325056,
  "lr_decay": 0.07376257165220025
}