{
  "batch_size": 15,
  "hl_mlp": 1,
  "latent_size_mlp": 44,
  "lr": 0.014351769992249248,
  "lr_decay": 0.06674602946846002
}