{
  "batch_size": 26,
  "hl_mlp": 1,
  "latent_size_mlp": 32,
  "lr": 0.0005753619854955811,
  "lr_decay": 0.00015663204545601
}