{
  "batch_size": 19,
  "hl_mlp": 1,
  "latent_size_mlp": 47,
  "lr": 0.07186928384527216,
  "lr_decay": 0.03183430239082754
}