{
  "batch_size": 22,
  "hl_mlp": 1,
  "latent_size_mlp": 42,
  "lr": 0.04130907767502567,
  "lr_decay": 0.03690178454591443
}