{
  "batch_size": 16,
  "hl_mlp": 2,
  "latent_size_mlp": 48,
  "lr": 0.0428061616813962,
  "lr_decay": 0.007545501649520118
}