{
  "batch_size": 17,
  "hl_mlp": 0,
  "latent_size_mlp": 48,
  "lr": 0.06313295062822825,
  "lr_decay": 0.0115799012842756
}