{
  "batch_size": 22,
  "hl_mlp": 1,
  "latent_size_mlp": 59,
  "lr": 0.012212273432924393,
  "lr_decay": 0.0013896533255458006
}