{
  "batch_size": 21,
  "hl_mlp": 2,
  "latent_size_mlp": 51,
  "lr": 0.010768964089380757,
  "lr_decay": 0.003437268183949081
}