{
  "batch_size": 30,
  "hl_mlp": 1,
  "latent_size_mlp": 71,
  "lr": 0.0052244194220036205,
  "lr_decay": 0.3496386462316516
}