{
  "batch_size": 22,
  "hl_mlp": 0,
  "latent_size_mlp": 59,
  "lr": 0.012808902167329604,
  "lr_decay": 0.0011087736321473269
}