{
  "batch_size": 22,
  "hl_mlp": 1,
  "latent_size_mlp": 45,
  "lr": 0.0016058565464368894,
  "lr_decay": 0.023481285576502496
}