{
  "batch_size": 38,
  "hl_mlp": 1,
  "latent_size_mlp": 56,
  "lr": 0.004303085287592813,
  "lr_decay": 0.888357292465576
}