{
  "batch_size": 25,
  "hl_mlp": 0,
  "latent_size_mlp": 47,
  "lr": 0.0013930238263380366,
  "lr_decay": 0.029386427174824904
}