{
  "batch_size": 33,
  "hl_mlp": 1,
  "latent_size_mlp": 49,
  "lr": 0.0005346772565921704,
  "lr_decay": 0.003820547470269596
}