{
  "batch_size": 45,
  "hl_mlp": 1,
  "latent_size_mlp": 69,
  "lr": 0.07851908722238476,
  "lr_decay": 0.5323218926460214
}