{
  "batch_size": 27,
  "hl_mlp": 1,
  "latent_size_mlp": 59,
  "lr": 0.0014389338209773353,
  "lr_decay": 0.0005852432093911091
}