{
  "batch_size": 43,
  "hl_mlp": 1,
  "latent_size_mlp": 69,
  "lr": 0.09228028529299753,
  "lr_decay": 0.02148020787654759
}