{
  "batch_size": 20,
  "hl_mlp": 1,
  "latent_size_mlp": 49,
  "lr": 0.0163636520162416,
  "lr_decay": 0.07688972089169388
}