{
  "batch_size": 20,
  "hl_mlp": 1,
  "latent_size_mlp": 47,
  "lr": 0.018244236040969027,
  "lr_decay": 0.004472119523055661
}