{
  "batch_size": 29,
  "hl_mlp": 1,
  "latent_size_mlp": 53,
  "lr": 0.0005637685750451479,
  "lr_decay": 0.021704200915577662
}