{
  "batch_size": 17,
  "hl_mlp": 1,
  "latent_size_mlp": 44,
  "lr": 0.0010005805746662053,
  "lr_decay": 0.066209536281952
}