{
  "batch_size": 23,
  "hl_mlp": 0,
  "latent_size_mlp": 48,
  "lr": 0.012127772289346743,
  "lr_decay": 0.001192644439804013
}