{
  "max_depth": 4.22679841467455,
  "min_samples_leaf": 2.74915613139658
}