{
  "batch_size": 22,
  "hl_mlp": 1,
  "latent_size_mlp": 41,
  "lr": 0.012237754258654336,
  "lr_decay": 0.01830823790430147
}