{
  "batch_size": 26,
  "hl_mlp": 1,
  "latent_size_mlp": 47,
  "lr": 0.005946827574621911,
  "lr_decay": 0.02983778774621104
}