{
  "batch_size": 44,
  "hl_mlp": 1,
  "latent_size_mlp": 68,
  "lr": 0.0440164546580901,
  "lr_decay": 0.24895966564588554
}