{
  "batch_size": 30,
  "hl_mlp": 1,
  "latent_size_mlp": 38,
  "lr": 0.002141184824520598,
  "lr_decay": 0.0019574386111526035
}