{
  "batch_size": 23,
  "hl_mlp": 2,
  "latent_size_mlp": 49,
  "lr": 0.012229866749288219,
  "lr_decay": 0.001833733918100028
}