{
  "batch_size": 21,
  "hl_mlp": 1,
  "latent_size_mlp": 31,
  "lr": 0.0002226266647751419,
  "lr_decay": 0.0017128285500447294
}