{
  "batch_size": 23,
  "hl_mlp": 1,
  "latent_size_mlp": 52,
  "lr": 0.09092901687222273,
  "lr_decay": 0.003742207902667408
}