{
  "batch_size": 19,
  "hl_mlp": 1,
  "latent_size_mlp": 41,
  "lr": 0.0011879866563902217,
  "lr_decay": 0.019389176153560114
}