{
  "batch_size": 22,
  "hl_mlp": 1,
  "latent_size_mlp": 41,
  "lr": 0.03705153660997162,
  "lr_decay": 0.0015194610830995994
}