{
  "alpha": 0.0012671878251632733,
  "length_scale": 1.0910543743824128
}