{
  "batch_size": 41,
  "hl_mlp": 2,
  "latent_size_mlp": 72,
  "lr": 0.004721191936929604,
  "lr_decay": 0.025679863084103714
}