{
  "batch_size": 29,
  "hl_mlp": 2,
  "latent_size_mlp": 68,
  "lr": 0.01326177256773628,
  "lr_decay": 0.0060736180418585785
}