{
  "batch_size": 21,
  "hl_mlp": 1,
  "latent_size_mlp": 44,
  "lr": 0.0023733182068554765,
  "lr_decay": 0.057700673952613545
}