{
  "batch_size": 17,
  "hl_mlp": 1,
  "latent_size_mlp": 45,
  "lr": 0.0010634219217970876,
  "lr_decay": 0.06322578712090729
}