{
  "alpha": 0.0717053815551282,
  "length_scale": 2.204062257302097
}