{
  "batch_size": 27,
  "hl_mlp": 1,
  "latent_size_mlp": 31,
  "lr": 0.0069516178012733664,
  "lr_decay": 0.13870758032753472
}