{
  "batch_size": 24,
  "hl_mlp": 1,
  "latent_size_mlp": 47,
  "lr": 0.002820794834810199,
  "lr_decay": 0.0065690642890575595
}