{
  "batch_size": 18,
  "hl_mlp": 0,
  "latent_size_mlp": 59,
  "lr": 0.021047520228445183,
  "lr_decay": 0.0012806092467161961
}