{
  "batch_size": 20,
  "hl_mlp": 1,
  "latent_size_mlp": 44,
  "lr": 0.0002158945515190655,
  "lr_decay": 0.0004359314046946208
}