{
  "batch_size": 28,
  "hl_mlp": 1,
  "latent_size_mlp": 56,
  "lr": 0.06922285092495782,
  "lr_decay": 0.009208515023366568
}