{
  "batch_size": 19,
  "hl_mlp": 0,
  "latent_size_mlp": 51,
  "lr": 0.013138120894273714,
  "lr_decay": 0.0027790753603544535
}