{
  "batch_size": 20,
  "hl_mlp": 1,
  "latent_size_mlp": 46,
  "lr": 0.011616632902399457,
  "lr_decay": 0.03985807433607571
}