{
  "C": 1.2768104539564584,
  "epsilon": 0.011297077057130513
}