{
  "batch_size": 12,
  "hl_mlp": 0,
  "latent_size_mlp": 7,
  "lr": 0.01799895790156425,
  "lr_decay": 0.005700094844041188
}