{
  "batch_size": 22,
  "hl_mlp": 1,
  "latent_size_mlp": 48,
  "lr": 0.0019388289544030606,
  "lr_decay": 0.007314319122107677
}