{
  "alpha": 0.021428463322957326,
  "length_scale": 5.749402676088764
}