{
  "batch_size": 23,
  "hl_mlp": 1,
  "latent_size_mlp": 47,
  "lr": 0.018747373700886603,
  "lr_decay": 0.018788055401570105
}