{
  "batch_size": 35,
  "hl_mlp": 1,
  "latent_size_mlp": 54,
  "lr": 0.005367413520532011,
  "lr_decay": 0.393462159901808
}