{
  "batch_size": 26,
  "hl_mlp": 2,
  "latent_size_mlp": 47,
  "lr": 7.631310849636662e-06,
  "lr_decay": 0.0008472581591081858
}