{
  "batch_size": 17,
  "hl_mlp": 2,
  "latent_size_mlp": 58,
  "lr": 0.026957589581383126,
  "lr_decay": 0.0013016000557869792
}