{
  "batch_size": 23,
  "hl_mlp": 2,
  "latent_size_mlp": 56,
  "lr": 0.010222157575159737,
  "lr_decay": 0.0037614603625934586
}