{
  "batch_size": 22,
  "hl_mlp": 1,
  "latent_size_mlp": 47,
  "lr": 0.01865293676178026,
  "lr_decay": 0.0023925124510797502
}