{
  "batch_size": 26,
  "hl_mlp": 2,
  "latent_size_mlp": 34,
  "lr": 0.0041327435608282306,
  "lr_decay": 0.003916791931106166
}