{
  "batch_size": 22,
  "hl_mlp": 0,
  "latent_size_mlp": 50,
  "lr": 0.010692565949236801,
  "lr_decay": 0.0016802295548714956
}