{
  "batch_size": 22,
  "hl_mlp": 2,
  "latent_size_mlp": 55,
  "lr": 0.011441460652323881,
  "lr_decay": 0.0010722300596622337
}