{
  "batch_size": 19,
  "hl_mlp": 1,
  "latent_size_mlp": 46,
  "lr": 0.0017588458458013701,
  "lr_decay": 0.05650811898772737
}