{
  "batch_size": 27,
  "hl_mlp": 1,
  "latent_size_mlp": 43,
  "lr": 0.0035705300462957634,
  "lr_decay": 0.003007472777453099
}