{
  "batch_size": 19,
  "hl_mlp": 1,
  "latent_size_mlp": 47,
  "lr": 0.003420799154349322,
  "lr_decay": 0.03904980002559865
}