{
  "batch_size": 24,
  "hl_mlp": 1,
  "latent_size_mlp": 53,
  "lr": 0.014811604970971807,
  "lr_decay": 0.0011363607719614493
}