{
  "batch_size": 27,
  "hl_mlp": 1,
  "latent_size_mlp": 54,
  "lr": 0.003104245780791207,
  "lr_decay": 0.7561537863210009
}