{
  "batch_size": 18,
  "hl_mlp": 1,
  "latent_size_mlp": 46,
  "lr": 0.036493194715757564,
  "lr_decay": 0.0048525129530932395
}