{
  "batch_size": 18,
  "hl_mlp": 2,
  "latent_size_mlp": 45,
  "lr": 0.06618163301318881,
  "lr_decay": 0.0228516568959276
}