{
  "batch_size": 20,
  "hl_mlp": 1,
  "latent_size_mlp": 51,
  "lr": 0.0005593325253515889,
  "lr_decay": 0.0012064748334414553
}