{
  "batch_size": 23,
  "hl_mlp": 1,
  "latent_size_mlp": 53,
  "lr": 0.005737397894836054,
  "lr_decay": 0.0001001611849177323
}