{
  "batch_size": 42,
  "hl_mlp": 1,
  "latent_size_mlp": 54,
  "lr": 0.0048144960021413935,
  "lr_decay": 0.3344553586513553
}