{
  "batch_size": 16,
  "hl_mlp": 0,
  "latent_size_mlp": 33,
  "lr": 0.0477034351346078,
  "lr_decay": 0.005733721974203783
}