{
  "batch_size": 23,
  "hl_mlp": 0,
  "latent_size_mlp": 58,
  "lr": 0.018280795433509984,
  "lr_decay": 0.0010263461574804953
}