{
  "batch_size": 23,
  "hl_mlp": 1,
  "latent_size_mlp": 44,
  "lr": 0.001781908852706356,
  "lr_decay": 0.012778497156854
}