{
  "batch_size": 20,
  "hl_mlp": 1,
  "latent_size_mlp": 46,
  "lr": 0.036012511807701056,
  "lr_decay": 0.005439909808635296
}