{
  "batch_size": 22,
  "hl_mlp": 1,
  "latent_size_mlp": 12,
  "lr": 0.01635207676776449,
  "lr_decay": 0.04344843183242641
}