{
  "batch_size": 24,
  "hl_mlp": 1,
  "latent_size_mlp": 44,
  "lr": 0.0012617586037133458,
  "lr_decay": 0.04194012878389038
}