{
  "batch_size": 20,
  "hl_mlp": 1,
  "latent_size_mlp": 47,
  "lr": 0.026702233897091386,
  "lr_decay": 0.004536661272709619
}