{
  "batch_size": 22,
  "hl_mlp": 1,
  "latent_size_mlp": 50,
  "lr": 0.014388156229450992,
  "lr_decay": 0.0010014768889303996
}