{
  "batch_size": 28,
  "hl_mlp": 1,
  "latent_size_mlp": 63,
  "lr": 0.00337522897154299,
  "lr_decay": 0.10890151318609251
}