{
  "batch_size": 25,
  "hl_mlp": 1,
  "latent_size_mlp": 74,
  "lr": 0.0017018609175123401,
  "lr_decay": 0.002172186454804395
}