{
  "batch_size": 21,
  "hl_mlp": 0,
  "latent_size_mlp": 59,
  "lr": 0.01655461846109065,
  "lr_decay": 0.013871066358131439
}