{
  "batch_size": 41,
  "hl_mlp": 1,
  "latent_size_mlp": 56,
  "lr": 0.0033293791621223853,
  "lr_decay": 0.7775448014895723
}