{
  "batch_size": 31,
  "hl_mlp": 1,
  "latent_size_mlp": 41,
  "lr": 0.002125425229743855,
  "lr_decay": 0.0013875899371496802
}