{
  "batch_size": 35,
  "hl_mlp": 1,
  "latent_size_mlp": 60,
  "lr": 0.00019391713571534702,
  "lr_decay": 0.5728010583337865
}