{
  "batch_size": 24,
  "hl_mlp": 1,
  "latent_size_mlp": 45,
  "lr": 0.0064785250650850395,
  "lr_decay": 0.005476194908960431
}