{
  "batch_size": 23,
  "hl_mlp": 1,
  "latent_size_mlp": 48,
  "lr": 0.010991536530950708,
  "lr_decay": 0.003253844267055445
}