{
  "batch_size": 27,
  "hl_mlp": 1,
  "latent_size_mlp": 74,
  "lr": 0.005524197871354105,
  "lr_decay": 0.02381337376321358
}