{
  "C": 3.165113391399642,
  "epsilon": 0.020357742313153116
}