{
  "batch_size": 33,
  "hl_mlp": 1,
  "latent_size_mlp": 40,
  "lr": 0.0014555465186860202,
  "lr_decay": 0.0017277999490314065
}