{
  "batch_size": 42,
  "hl_mlp": 1,
  "latent_size_mlp": 70,
  "lr": 0.005543671814179156,
  "lr_decay": 0.008109741723893378
}