{
  "batch_size": 26,
  "hl_mlp": 1,
  "latent_size_mlp": 36,
  "lr": 0.0008066348632302088,
  "lr_decay": 0.0007422371004465988
}