{
  "batch_size": 22,
  "hl_mlp": 0,
  "latent_size_mlp": 53,
  "lr": 0.031389334324795536,
  "lr_decay": 0.0106008555045872
}