{
  "batch_size": 22,
  "hl_mlp": 0,
  "latent_size_mlp": 45,
  "lr": 0.015036597116406461,
  "lr_decay": 0.011544232051480625
}