{
  "batch_size": 22,
  "hl_mlp": 1,
  "latent_size_mlp": 42,
  "lr": 0.033467124496074974,
  "lr_decay": 0.007271399309061032
}