{
  "batch_size": 35,
  "hl_mlp": 1,
  "latent_size_mlp": 70,
  "lr": 0.05339964487192692,
  "lr_decay": 0.2193631659904216
}