{
  "batch_size": 22,
  "hl_mlp": 1,
  "latent_size_mlp": 46,
  "lr": 0.011177065768460968,
  "lr_decay": 0.01814846699393691
}