{
  "batch_size": 20,
  "hl_mlp": 1,
  "latent_size_mlp": 18,
  "lr": 0.01698649486952637,
  "lr_decay": 0.08796368308774492
}