{
  "max_depth": 6.755955914041303,
  "min_samples_leaf": 1.4702448031224884
}