{
  "batch_size": 21,
  "hl_mlp": 0,
  "latent_size_mlp": 43,
  "lr": 0.0027439429782739,
  "lr_decay": 0.07580888265851367
}