{
  "batch_size": 22,
  "hl_mlp": 1,
  "latent_size_mlp": 42,
  "lr": 0.0011272134596797343,
  "lr_decay": 0.022831595297997435
}