{
  "batch_size": 20,
  "hl_mlp": 1,
  "latent_size_mlp": 48,
  "lr": 0.018185502494226867,
  "lr_decay": 0.0021170270877502975
}