{
  "batch_size": 22,
  "hl_mlp": 0,
  "latent_size_mlp": 59,
  "lr": 0.01059315866031427,
  "lr_decay": 0.00361360925895087
}