{
  "batch_size": 34,
  "hl_mlp": 1,
  "latent_size_mlp": 51,
  "lr": 0.0015309605409628108,
  "lr_decay": 0.6779674890184246
}