{
  "batch_size": 24,
  "hl_mlp": 1,
  "latent_size_mlp": 50,
  "lr": 0.019207871484763786,
  "lr_decay": 0.08598702574287659
}