{
  "batch_size": 23,
  "hl_mlp": 2,
  "latent_size_mlp": 46,
  "lr": 0.009761313571304454,
  "lr_decay": 0.0033933261646869
}