{
  "batch_size": 38,
  "hl_mlp": 1,
  "latent_size_mlp": 42,
  "lr": 0.00039363540320061155,
  "lr_decay": 0.006918950732024666
}