{
  "batch_size": 24,
  "hl_mlp": 2,
  "latent_size_mlp": 47,
  "lr": 0.010159018841773816,
  "lr_decay": 0.009544410371845466
}