{
  "batch_size": 23,
  "hl_mlp": 0,
  "latent_size_mlp": 48,
  "lr": 0.01989729106445007,
  "lr_decay": 0.0034231178668577378
}