{
  "batch_size": 31,
  "hl_mlp": 1,
  "latent_size_mlp": 37,
  "lr": 0.007346283049037447,
  "lr_decay": 0.0018170119642830027
}