{
  "batch_size": 22,
  "hl_mlp": 0,
  "latent_size_mlp": 49,
  "lr": 0.018635811866936615,
  "lr_decay": 0.0010954077680141426
}