{
  "alpha": 0.006116852410421696,
  "length_scale": 1.6142644154031942
}