{
  "batch_size": 22,
  "hl_mlp": 0,
  "latent_size_mlp": 44,
  "lr": 0.015143554382625064,
  "lr_decay": 0.0018853589473310519
}