{
  "batch_size": 43,
  "hl_mlp": 1,
  "latent_size_mlp": 70,
  "lr": 0.09063166832363066,
  "lr_decay": 0.592239068105252
}