{
  "batch_size": 24,
  "hl_mlp": 1,
  "latent_size_mlp": 58,
  "lr": 0.10406343547172264,
  "lr_decay": 0.008057316045866413
}