{
  "batch_size": 22,
  "hl_mlp": 1,
  "latent_size_mlp": 49,
  "lr": 0.05706569790911834,
  "lr_decay": 0.004624219673932734
}