{
  "batch_size": 22,
  "hl_mlp": 1,
  "latent_size_mlp": 46,
  "lr": 0.015298867252293733,
  "lr_decay": 0.031659052839764154
}