{
  "batch_size": 25,
  "hl_mlp": 1,
  "latent_size_mlp": 76,
  "lr": 0.00012929973201929317,
  "lr_decay": 0.00012087249054070145
}