{
  "batch_size": 23,
  "hl_mlp": 0,
  "latent_size_mlp": 49,
  "lr": 0.011417184393674838,
  "lr_decay": 0.02196155930114522
}