{
  "batch_size": 29,
  "hl_mlp": 1,
  "latent_size_mlp": 55,
  "lr": 0.0004261737000291853,
  "lr_decay": 0.6794034700487986
}