{
  "batch_size": 29,
  "hl_mlp": 1,
  "latent_size_mlp": 56,
  "lr": 0.0005490076462637491,
  "lr_decay": 0.8474437915954126
}