{
  "batch_size": 14,
  "hl_mlp": 2,
  "latent_size_mlp": 64,
  "lr": 0.003482985141540428,
  "lr_decay": 0.44834572972381875
}