{
  "batch_size": 22,
  "hl_mlp": 2,
  "latent_size_mlp": 44,
  "lr": 0.008202127814965324,
  "lr_decay": 0.03312705261868776
}