{
  "batch_size": 18,
  "hl_mlp": 0,
  "latent_size_mlp": 51,
  "lr": 0.02093906860067911,
  "lr_decay": 0.0019002625609598552
}