{
  "batch_size": 19,
  "hl_mlp": 1,
  "latent_size_mlp": 35,
  "lr": 0.004542162864208715,
  "lr_decay": 0.0960342374304846
}