{
  "batch_size": 17,
  "hl_mlp": 0,
  "latent_size_mlp": 58,
  "lr": 0.09392936927719214,
  "lr_decay": 0.0013087113158091962
}