{
  "batch_size": 17,
  "hl_mlp": 1,
  "latent_size_mlp": 41,
  "lr": 0.0019845088908845634,
  "lr_decay": 0.022229373938181377
}