{
  "batch_size": 36,
  "hl_mlp": 1,
  "latent_size_mlp": 40,
  "lr": 0.0010417059495727826,
  "lr_decay": 0.009443174797967153
}