{
  "batch_size": 24,
  "hl_mlp": 1,
  "latent_size_mlp": 51,
  "lr": 0.023207787393738452,
  "lr_decay": 0.0036150741251703353
}