{
  "batch_size": 47,
  "hl_mlp": 2,
  "latent_size_mlp": 5,
  "lr": 0.0034736420874161844,
  "lr_decay": 0.0014536553142965184
}