{
  "batch_size": 29,
  "hl_mlp": 1,
  "latent_size_mlp": 25,
  "lr": 0.036244277658600735,
  "lr_decay": 0.011077416632406708
}