{
  "batch_size": 15,
  "hl_mlp": 2,
  "latent_size_mlp": 46,
  "lr": 0.002500230565946489,
  "lr_decay": 0.0916727154042743
}