{
  "batch_size": 22,
  "hl_mlp": 1,
  "latent_size_mlp": 44,
  "lr": 0.006143695439122166,
  "lr_decay": 0.005035898517078973
}