{
  "batch_size": 44,
  "hl_mlp": 1,
  "latent_size_mlp": 37,
  "lr": 0.04038698399029186,
  "lr_decay": 0.008019631294701917
}