{
  "max_depth": 3.2408921312761825,
  "min_samples_leaf": 1.55798361662297
}