{
  "batch_size": 16,
  "hl_mlp": 1,
  "latent_size_mlp": 47,
  "lr": 0.00227055150689775,
  "lr_decay": 0.004667734293148882
}