{
  "batch_size": 24,
  "hl_mlp": 1,
  "latent_size_mlp": 69,
  "lr": 0.12185104480076811,
  "lr_decay": 0.015915923814401475
}