{
  "alpha": 0.0006499781923319074,
  "length_scale": 0.5042203150190708
}