{
  "batch_size": 22,
  "hl_mlp": 0,
  "latent_size_mlp": 51,
  "lr": 0.0919779852216769,
  "lr_decay": 0.0014441602639460056
}