{
  "batch_size": 20,
  "hl_mlp": 1,
  "latent_size_mlp": 47,
  "lr": 0.018753982325443282,
  "lr_decay": 0.027693757971720707
}