{
  "batch_size": 26,
  "hl_mlp": 1,
  "latent_size_mlp": 47,
  "lr": 0.0037687664085248322,
  "lr_decay": 0.05074902731624172
}