{
  "batch_size": 42,
  "hl_mlp": 1,
  "latent_size_mlp": 73,
  "lr": 0.013471030216714608,
  "lr_decay": 0.8528944598622948
}