{
  "batch_size": 25,
  "hl_mlp": 1,
  "latent_size_mlp": 41,
  "lr": 0.0032302511753098916,
  "lr_decay": 0.03789105297068564
}