{
  "batch_size": 23,
  "hl_mlp": 1,
  "latent_size_mlp": 43,
  "lr": 0.004921967517728059,
  "lr_decay": 0.018767024723568053
}