{
  "batch_size": 24,
  "hl_mlp": 0,
  "latent_size_mlp": 43,
  "lr": 0.023039405968472988,
  "lr_decay": 0.0012272994566933685
}