{
  "batch_size": 28,
  "hl_mlp": 1,
  "latent_size_mlp": 32,
  "lr": 0.0010639599856294433,
  "lr_decay": 0.0012393431449979025
}