{
  "batch_size": 42,
  "hl_mlp": 1,
  "latent_size_mlp": 37,
  "lr": 0.004494235287159551,
  "lr_decay": 0.3252746156554979
}