{
  "batch_size": 20,
  "hl_mlp": 1,
  "latent_size_mlp": 48,
  "lr": 0.08807546352528889,
  "lr_decay": 0.002027126503657865
}