{
  "alpha": 0.0017996249800536622,
  "length_scale": 0.4294852056588336
}