{
  "batch_size": 30,
  "hl_mlp": 1,
  "latent_size_mlp": 69,
  "lr": 0.0005058963702582948,
  "lr_decay": 0.7015381718671281
}