{
  "alpha": 0.003509949422477091,
  "length_scale": 6.597013826742223
}