{
  "batch_size": 18,
  "hl_mlp": 2,
  "latent_size_mlp": 10,
  "lr": 0.038658371639223275,
  "lr_decay": 0.021724905725720056
}