{
  "alpha": 0.0005491905905136844,
  "length_scale": 0.010486068954983378
}