{
  "batch_size": 29,
  "hl_mlp": 1,
  "latent_size_mlp": 53,
  "lr": 0.09472836849102625,
  "lr_decay": 0.006652796406581934
}