{
  "batch_size": 24,
  "hl_mlp": 1,
  "latent_size_mlp": 59,
  "lr": 2.319659825256166e-05,
  "lr_decay": 0.009274868686245042
}