{
  "batch_size": 21,
  "hl_mlp": 1,
  "latent_size_mlp": 49,
  "lr": 0.0023466475047011657,
  "lr_decay": 0.025492747352374653
}