{
  "batch_size": 37,
  "hl_mlp": 1,
  "latent_size_mlp": 24,
  "lr": 0.024290896484113946,
  "lr_decay": 0.0035232377839867547
}