{
  "batch_size": 23,
  "hl_mlp": 1,
  "latent_size_mlp": 42,
  "lr": 0.04776575653068304,
  "lr_decay": 0.02577035655109186
}