{
  "batch_size": 21,
  "hl_mlp": 1,
  "latent_size_mlp": 47,
  "lr": 0.029810915833913838,
  "lr_decay": 0.006551149122361241
}