{
  "batch_size": 20,
  "hl_mlp": 1,
  "latent_size_mlp": 54,
  "lr": 0.0004304834099275757,
  "lr_decay": 0.002716773833741325
}