{
  "batch_size": 27,
  "hl_mlp": 1,
  "latent_size_mlp": 72,
  "lr": 0.00288239430270439,
  "lr_decay": 0.9979433553610465
}