{
  "batch_size": 32,
  "hl_mlp": 1,
  "latent_size_mlp": 53,
  "lr": 0.002546799611634179,
  "lr_decay": 0.032040514321516694
}