{
  "batch_size": 24,
  "hl_mlp": 2,
  "latent_size_mlp": 78,
  "lr": 0.02193283014344463,
  "lr_decay": 0.23834542923333557
}