{
  "batch_size": 34,
  "hl_mlp": 1,
  "latent_size_mlp": 52,
  "lr": 0.0015131057655114197,
  "lr_decay": 0.004961604672537258
}