{
  "batch_size": 40,
  "hl_mlp": 1,
  "latent_size_mlp": 63,
  "lr": 0.0034954063099971503,
  "lr_decay": 0.004701594725844719
}