{
  "alpha": 0.0028852647605769055,
  "length_scale": 1.2973013065188954
}