{
  "alpha": 0.008312661296037513,
  "length_scale": 2.4233140305621697
}