{
  "alpha": 0.0021108609339803154,
  "length_scale": 0.870150558877394
}