{
  "batch_size": 23,
  "hl_mlp": 0,
  "latent_size_mlp": 59,
  "lr": 0.010515320495045059,
  "lr_decay": 0.0016808466928677967
}