{
  "batch_size": 21,
  "hl_mlp": 1,
  "latent_size_mlp": 48,
  "lr": 0.011476847883666135,
  "lr_decay": 0.03773390956497954
}