{
  "batch_size": 18,
  "hl_mlp": 1,
  "latent_size_mlp": 44,
  "lr": 0.017817079076029987,
  "lr_decay": 0.024959834069572178
}