{
  "batch_size": 19,
  "hl_mlp": 1,
  "latent_size_mlp": 49,
  "lr": 0.011496321734459015,
  "lr_decay": 0.0020957534928169905
}