{
  "batch_size": 44,
  "hl_mlp": 1,
  "latent_size_mlp": 68,
  "lr": 0.0170610549722205,
  "lr_decay": 0.10078187703926823
}