{
  "batch_size": 43,
  "hl_mlp": 1,
  "latent_size_mlp": 68,
  "lr": 0.06474869866358615,
  "lr_decay": 0.6101355800176563
}