{
  "batch_size": 23,
  "hl_mlp": 2,
  "latent_size_mlp": 51,
  "lr": 0.018198856388631005,
  "lr_decay": 0.002547277804691945
}