{
  "batch_size": 40,
  "hl_mlp": 1,
  "latent_size_mlp": 74,
  "lr": 0.0158903414947166,
  "lr_decay": 0.9791734400962508
}