{
  "batch_size": 24,
  "hl_mlp": 1,
  "latent_size_mlp": 40,
  "lr": 0.0013995880187012862,
  "lr_decay": 0.050437383677072366
}