{
  "batch_size": 25,
  "hl_mlp": 1,
  "latent_size_mlp": 49,
  "lr": 0.003699737335478428,
  "lr_decay": 0.02984051868633144
}