{
  "batch_size": 22,
  "hl_mlp": 1,
  "latent_size_mlp": 59,
  "lr": 0.036243100327450185,
  "lr_decay": 0.001749510754880593
}