{
  "batch_size": 19,
  "hl_mlp": 1,
  "latent_size_mlp": 45,
  "lr": 0.0012710740192720422,
  "lr_decay": 0.009849335805120395
}