{
  "batch_size": 23,
  "hl_mlp": 1,
  "latent_size_mlp": 45,
  "lr": 0.0778299633951034,
  "lr_decay": 0.0015418500901496048
}