{
  "batch_size": 29,
  "hl_mlp": 1,
  "latent_size_mlp": 36,
  "lr": 0.0013035460884736271,
  "lr_decay": 0.003148461638108772
}