{
  "batch_size": 24,
  "hl_mlp": 1,
  "latent_size_mlp": 75,
  "lr": 0.00018789246897759116,
  "lr_decay": 0.003463529032603549
}