{
  "batch_size": 20,
  "hl_mlp": 1,
  "latent_size_mlp": 48,
  "lr": 0.004273070137221459,
  "lr_decay": 0.09215997229665983
}