{
  "batch_size": 20,
  "hl_mlp": 1,
  "latent_size_mlp": 49,
  "lr": 0.016715827003594513,
  "lr_decay": 0.006091527853201866
}