{
  "batch_size": 21,
  "hl_mlp": 1,
  "latent_size_mlp": 44,
  "lr": 0.03068588085019142,
  "lr_decay": 0.07210056701666787
}