{
  "batch_size": 22,
  "hl_mlp": 0,
  "latent_size_mlp": 47,
  "lr": 0.013089158582913162,
  "lr_decay": 0.003909696727295172
}