{
  "batch_size": 21,
  "hl_mlp": 1,
  "latent_size_mlp": 48,
  "lr": 0.0013564143111248145,
  "lr_decay": 0.04149350314849827
}