{
  "batch_size": 29,
  "hl_mlp": 1,
  "latent_size_mlp": 51,
  "lr": 0.000199620934609954,
  "lr_decay": 0.001836009757757889
}