{
  "batch_size": 24,
  "hl_mlp": 1,
  "latent_size_mlp": 58,
  "lr": 0.01360888621294146,
  "lr_decay": 0.003034127824833075
}