{
  "batch_size": 23,
  "hl_mlp": 0,
  "latent_size_mlp": 53,
  "lr": 0.013513878557156718,
  "lr_decay": 0.0010697449306994217
}