{
  "batch_size": 33,
  "hl_mlp": 1,
  "latent_size_mlp": 76,
  "lr": 0.009697147242853735,
  "lr_decay": 0.009436494901692748
}