{
  "batch_size": 28,
  "hl_mlp": 1,
  "latent_size_mlp": 45,
  "lr": 0.0016652120606747839,
  "lr_decay": 0.01598260543934139
}