{
  "batch_size": 21,
  "hl_mlp": 1,
  "latent_size_mlp": 41,
  "lr": 0.031204445090720956,
  "lr_decay": 0.003917171498477339
}