{
  "batch_size": 13,
  "hl_mlp": 2,
  "latent_size_mlp": 42,
  "lr": 0.001013751295895099,
  "lr_decay": 0.011929904004794037
}