{
  "batch_size": 17,
  "hl_mlp": 0,
  "latent_size_mlp": 57,
  "lr": 0.011902734655524798,
  "lr_decay": 0.013264498313722449
}