{
  "batch_size": 21,
  "hl_mlp": 2,
  "latent_size_mlp": 56,
  "lr": 0.05332163261279867,
  "lr_decay": 0.0019439431021243032
}