{
  "batch_size": 21,
  "hl_mlp": 2,
  "latent_size_mlp": 45,
  "lr": 0.01436587497949282,
  "lr_decay": 0.001814249602978318
}