{
  "batch_size": 24,
  "hl_mlp": 1,
  "latent_size_mlp": 50,
  "lr": 0.06298844675142251,
  "lr_decay": 0.07141909641829178
}