{
  "batch_size": 28,
  "hl_mlp": 1,
  "latent_size_mlp": 70,
  "lr": 0.004033404638787158,
  "lr_decay": 0.6285041126754624
}