{
  "batch_size": 20,
  "hl_mlp": 1,
  "latent_size_mlp": 46,
  "lr": 0.019187311844699177,
  "lr_decay": 0.026787571583148224
}