{
  "batch_size": 23,
  "hl_mlp": 1,
  "latent_size_mlp": 39,
  "lr": 0.06381156651938458,
  "lr_decay": 0.033248723040570735
}