{
  "batch_size": 20,
  "hl_mlp": 1,
  "latent_size_mlp": 48,
  "lr": 0.012909495075974022,
  "lr_decay": 0.03492885840725707
}