{
  "alpha": 0.0015322486624275644,
  "length_scale": 4.106606087682224
}