{
  "batch_size": 21,
  "hl_mlp": 1,
  "latent_size_mlp": 44,
  "lr": 0.024446534753584284,
  "lr_decay": 0.054801850309665355
}