{
  "batch_size": 22,
  "hl_mlp": 1,
  "latent_size_mlp": 44,
  "lr": 0.004544682777460393,
  "lr_decay": 0.026397459656316815
}