{
  "batch_size": 21,
  "hl_mlp": 1,
  "latent_size_mlp": 48,
  "lr": 4.207067039411099e-06,
  "lr_decay": 0.00038861700591944826
}