{
  "batch_size": 23,
  "hl_mlp": 1,
  "latent_size_mlp": 51,
  "lr": 0.019995870413991847,
  "lr_decay": 0.06443964831986129
}