{
  "batch_size": 11,
  "hl_mlp": 1,
  "latent_size_mlp": 42,
  "lr": 0.0012477869122166961,
  "lr_decay": 0.008832261527614706
}