{
  "batch_size": 25,
  "hl_mlp": 1,
  "latent_size_mlp": 46,
  "lr": 0.013238989091872592,
  "lr_decay": 0.06301810737479951
}