{
  "batch_size": 19,
  "hl_mlp": 1,
  "latent_size_mlp": 44,
  "lr": 0.0033239288489313747,
  "lr_decay": 0.030035232324893385
}