{
  "batch_size": 24,
  "hl_mlp": 1,
  "latent_size_mlp": 42,
  "lr": 0.05661473951005698,
  "lr_decay": 0.008398917677733243
}