{
  "batch_size": 13,
  "hl_mlp": 1,
  "latent_size_mlp": 43,
  "lr": 0.003063197585542262,
  "lr_decay": 0.03692799776494089
}