{
  "C": 1.412307667126476,
  "epsilon": 0.019766073685349713
}