{
  "alpha": 2.1663827711307195e-05,
  "length_scale": 3.7898383053253197
}