{
  "batch_size": 23,
  "hl_mlp": 2,
  "latent_size_mlp": 59,
  "lr": 0.011863707139074734,
  "lr_decay": 0.0013176073339957579
}