{
  "batch_size": 25,
  "hl_mlp": 1,
  "latent_size_mlp": 45,
  "lr": 0.00015355975975734433,
  "lr_decay": 0.0028859340004725397
}