{
  "batch_size": 22,
  "hl_mlp": 1,
  "latent_size_mlp": 59,
  "lr": 0.020517266194102372,
  "lr_decay": 0.0038551700838593017
}