{
  "batch_size": 29,
  "hl_mlp": 1,
  "latent_size_mlp": 69,
  "lr": 0.021282670926915832,
  "lr_decay": 0.3076659800580531
}