{
  "C": 1.7684314981212572,
  "epsilon": 0.02050103412543872
}