{
  "batch_size": 25,
  "hl_mlp": 1,
  "latent_size_mlp": 71,
  "lr": 0.001307768015787805,
  "lr_decay": 0.0001388942565070407
}