{
  "batch_size": 21,
  "hl_mlp": 1,
  "latent_size_mlp": 43,
  "lr": 0.0302812244129021,
  "lr_decay": 0.041400556210970656
}