{
  "batch_size": 23,
  "hl_mlp": 0,
  "latent_size_mlp": 48,
  "lr": 0.019349478267379355,
  "lr_decay": 0.009475472322307818
}