{
  "batch_size": 35,
  "hl_mlp": 1,
  "latent_size_mlp": 41,
  "lr": 0.00012810138929451138,
  "lr_decay": 0.0013532521588623101
}