{
  "batch_size": 17,
  "hl_mlp": 2,
  "latent_size_mlp": 49,
  "lr": 0.0672813335078064,
  "lr_decay": 0.006547608761742182
}