{
  "batch_size": 31,
  "hl_mlp": 1,
  "latent_size_mlp": 60,
  "lr": 0.0015508497887778538,
  "lr_decay": 0.06771688363478238
}