{
  "alpha": 0.0007450796480437096,
  "length_scale": 1.3694108118065853
}