{
  "batch_size": 30,
  "hl_mlp": 1,
  "latent_size_mlp": 70,
  "lr": 0.0027675870355395957,
  "lr_decay": 0.3836560353063971
}