{
  "batch_size": 12,
  "hl_mlp": 2,
  "latent_size_mlp": 39,
  "lr": 0.011513336778105093,
  "lr_decay": 0.07271756306787895
}