{
  "alpha": 0.018577748820723303,
  "length_scale": 1.7810601561880413
}