{
  "batch_size": 21,
  "hl_mlp": 1,
  "latent_size_mlp": 46,
  "lr": 0.0038075388260042525,
  "lr_decay": 0.035357983924289495
}