{
  "batch_size": 23,
  "hl_mlp": 1,
  "latent_size_mlp": 58,
  "lr": 0.0014190297106987675,
  "lr_decay": 0.01520828720158572
}