{
  "batch_size": 27,
  "hl_mlp": 3,
  "latent_size_mlp": 64,
  "lr": 0.03922823291068187,
  "lr_decay": 0.047341293450549445
}