{
  "batch_size": 29,
  "hl_mlp": 1,
  "latent_size_mlp": 52,
  "lr": 0.04004462078270187,
  "lr_decay": 0.018933242138848397
}