{
  "batch_size": 24,
  "hl_mlp": 1,
  "latent_size_mlp": 41,
  "lr": 0.009197314697247192,
  "lr_decay": 0.03928467751502524
}