{
  "alpha": 2.3790927723801865,
  "length_scale": 0.03630548101640146
}