{
  "batch_size": 21,
  "hl_mlp": 0,
  "latent_size_mlp": 59,
  "lr": 0.015292653780303308,
  "lr_decay": 0.0014656914293681583
}