{
  "alpha": 0.0003707796549877087,
  "length_scale": 6.155166944502221
}