{
  "batch_size": 27,
  "hl_mlp": 1,
  "latent_size_mlp": 54,
  "lr": 0.0851643698210985,
  "lr_decay": 0.0046715495431790665
}