{
  "batch_size": 25,
  "hl_mlp": 1,
  "latent_size_mlp": 44,
  "lr": 0.01041215596898729,
  "lr_decay": 0.006133596558042586
}