{
  "batch_size": 27,
  "hl_mlp": 1,
  "latent_size_mlp": 69,
  "lr": 0.05734202666154578,
  "lr_decay": 0.7602833167817478
}