{
  "batch_size": 22,
  "hl_mlp": 1,
  "latent_size_mlp": 39,
  "lr": 8.017797717960973e-05,
  "lr_decay": 0.0021419414669340267
}