{
  "batch_size": 36,
  "hl_mlp": 1,
  "latent_size_mlp": 55,
  "lr": 0.0008903490709010736,
  "lr_decay": 0.7295487427428645
}