{
  "batch_size": 33,
  "hl_mlp": 1,
  "latent_size_mlp": 50,
  "lr": 0.0006440806983809207,
  "lr_decay": 0.15318499208785413
}