{
  "batch_size": 41,
  "hl_mlp": 1,
  "latent_size_mlp": 56,
  "lr": 0.00522603608551071,
  "lr_decay": 0.7026441437331513
}