{
  "batch_size": 22,
  "hl_mlp": 1,
  "latent_size_mlp": 42,
  "lr": 0.05394627964738567,
  "lr_decay": 0.007893162605882137
}