{
  "batch_size": 17,
  "hl_mlp": 1,
  "latent_size_mlp": 43,
  "lr": 0.021285386011142448,
  "lr_decay": 0.01883001882476764
}