{
  "batch_size": 34,
  "hl_mlp": 1,
  "latent_size_mlp": 55,
  "lr": 0.002384455744531071,
  "lr_decay": 0.7781801957880545
}