{
  "batch_size": 21,
  "hl_mlp": 1,
  "latent_size_mlp": 46,
  "lr": 0.0019556813216178894,
  "lr_decay": 0.01059358228139467
}