{
  "alpha": 0.001789543906508561,
  "length_scale": 2.6586065507121424
}