{
  "batch_size": 17,
  "hl_mlp": 1,
  "latent_size_mlp": 42,
  "lr": 0.002369216193922995,
  "lr_decay": 0.054365318080784306
}