{
  "batch_size": 22,
  "hl_mlp": 1,
  "latent_size_mlp": 45,
  "lr": 0.004063027432310705,
  "lr_decay": 0.003556267144383684
}