{
  "batch_size": 33,
  "hl_mlp": 1,
  "latent_size_mlp": 39,
  "lr": 0.001032214980533612,
  "lr_decay": 0.0025529945659868015
}