{
  "alpha": 0.0007718233804287517,
  "length_scale": 1.0334515566662223
}