{
  "batch_size": 23,
  "hl_mlp": 1,
  "latent_size_mlp": 55,
  "lr": 0.00014352071109269594,
  "lr_decay": 0.8037689210971953
}