{
  "batch_size": 22,
  "hl_mlp": 1,
  "latent_size_mlp": 48,
  "lr": 0.05333799244119574,
  "lr_decay": 0.023576380777235603
}