{
  "batch_size": 22,
  "hl_mlp": 1,
  "latent_size_mlp": 45,
  "lr": 0.022862283357745424,
  "lr_decay": 0.005815802020055058
}