{
  "batch_size": 16,
  "hl_mlp": 2,
  "latent_size_mlp": 48,
  "lr": 0.09777130089002352,
  "lr_decay": 0.0014946540822677727
}