{
  "batch_size": 24,
  "hl_mlp": 1,
  "latent_size_mlp": 46,
  "lr": 0.00971085862281887,
  "lr_decay": 0.0033257393362223766
}