{
  "batch_size": 35,
  "hl_mlp": 1,
  "latent_size_mlp": 52,
  "lr": 0.013663959878674223,
  "lr_decay": 0.02250592553161635
}