{
  "batch_size": 31,
  "hl_mlp": 1,
  "latent_size_mlp": 73,
  "lr": 0.0005236053896306267,
  "lr_decay": 0.03378002641975273
}