{
  "batch_size": 34,
  "hl_mlp": 1,
  "latent_size_mlp": 59,
  "lr": 0.0034680844194017978,
  "lr_decay": 0.6373612717626852
}