{
  "batch_size": 30,
  "hl_mlp": 1,
  "latent_size_mlp": 55,
  "lr": 0.00388261777189039,
  "lr_decay": 0.891437050750307
}