{
  "batch_size": 34,
  "hl_mlp": 1,
  "latent_size_mlp": 69,
  "lr": 0.07940197486539259,
  "lr_decay": 0.005241359069469305
}