{
  "batch_size": 33,
  "hl_mlp": 1,
  "latent_size_mlp": 69,
  "lr": 0.0010761338350352171,
  "lr_decay": 0.00438413983581606
}