{
  "batch_size": 20,
  "hl_mlp": 1,
  "latent_size_mlp": 30,
  "lr": 0.00020818507175984156,
  "lr_decay": 0.0005756603016630986
}