{
  "batch_size": 23,
  "hl_mlp": 2,
  "latent_size_mlp": 54,
  "lr": 0.05477751793938382,
  "lr_decay": 0.03094208872075664
}