{
  "batch_size": 24,
  "hl_mlp": 1,
  "latent_size_mlp": 59,
  "lr": 0.04849736521643076,
  "lr_decay": 0.002325264595424518
}