{
  "batch_size": 34,
  "hl_mlp": 1,
  "latent_size_mlp": 45,
  "lr": 0.00027566478697917904,
  "lr_decay": 0.0003063748495660052
}