{
  "batch_size": 26,
  "hl_mlp": 1,
  "latent_size_mlp": 22,
  "lr": 0.0021191324737439834,
  "lr_decay": 0.021932885585715788
}