{
  "batch_size": 18,
  "hl_mlp": 1,
  "latent_size_mlp": 48,
  "lr": 0.03975121627543547,
  "lr_decay": 0.004582407581213349
}