{
  "alpha": 0.006801815007059042,
  "length_scale": 1.4061686578328074
}