{
  "batch_size": 21,
  "hl_mlp": 1,
  "latent_size_mlp": 46,
  "lr": 0.02548704061844672,
  "lr_decay": 0.07083939467954999
}