{
  "batch_size": 30,
  "hl_mlp": 1,
  "latent_size_mlp": 46,
  "lr": 0.0046841121573422215,
  "lr_decay": 0.0028151495929479055
}