{
  "batch_size": 20,
  "hl_mlp": 1,
  "latent_size_mlp": 47,
  "lr": 0.03116482056350401,
  "lr_decay": 0.008410321559898298
}