{
  "batch_size": 18,
  "hl_mlp": 1,
  "latent_size_mlp": 48,
  "lr": 0.07104735460206629,
  "lr_decay": 0.019311386730746092
}