{
  "batch_size": 23,
  "hl_mlp": 1,
  "latent_size_mlp": 20,
  "lr": 0.008209426953321946,
  "lr_decay": 0.042707756873269484
}