{
  "alpha": 0.012022987618618804,
  "length_scale": 0.8473813174089295
}