{
  "batch_size": 23,
  "hl_mlp": 2,
  "latent_size_mlp": 52,
  "lr": 0.012655847953912629,
  "lr_decay": 0.001407779298970659
}