{
  "batch_size": 21,
  "hl_mlp": 1,
  "latent_size_mlp": 53,
  "lr": 0.04447850552948284,
  "lr_decay": 0.0018016858316206423
}