{
  "batch_size": 29,
  "hl_mlp": 0,
  "latent_size_mlp": 9,
  "lr": 0.0015043521773522733,
  "lr_decay": 0.006324613175379612
}