{
  "C": 0.8723240037731078,
  "epsilon": 0.037820579355702565
}