{
  "batch_size": 23,
  "hl_mlp": 0,
  "latent_size_mlp": 58,
  "lr": 0.011764176298498272,
  "lr_decay": 0.0016913361528262077
}