{
  "batch_size": 23,
  "hl_mlp": 1,
  "latent_size_mlp": 58,
  "lr": 0.012548718356342144,
  "lr_decay": 0.001374222496851208
}