{
  "batch_size": 26,
  "hl_mlp": 3,
  "latent_size_mlp": 46,
  "lr": 0.13021942967426964,
  "lr_decay": 0.00754922248466914
}