{
  "batch_size": 18,
  "hl_mlp": 1,
  "latent_size_mlp": 44,
  "lr": 0.0020368330834692637,
  "lr_decay": 0.043455550077257
}