{
  "batch_size": 23,
  "hl_mlp": 0,
  "latent_size_mlp": 49,
  "lr": 0.011625855567458883,
  "lr_decay": 0.0010646344911409374
}