{
  "alpha": 0.0007365559991116906,
  "length_scale": 0.4873993216168988
}