{
  "batch_size": 35,
  "hl_mlp": 1,
  "latent_size_mlp": 41,
  "lr": 0.005860030551623767,
  "lr_decay": 0.0022983576329491605
}