{
  "batch_size": 33,
  "hl_mlp": 1,
  "latent_size_mlp": 53,
  "lr": 0.008043819264592494,
  "lr_decay": 0.08118717775079053
}