{
  "batch_size": 21,
  "hl_mlp": 1,
  "latent_size_mlp": 48,
  "lr": 0.01722371439574863,
  "lr_decay": 0.026702850286840038
}