{
  "batch_size": 16,
  "hl_mlp": 3,
  "latent_size_mlp": 54,
  "lr": 0.08088036321434292,
  "lr_decay": 0.002107763673451598
}