{
  "batch_size": 46,
  "hl_mlp": 2,
  "latent_size_mlp": 78,
  "lr": 0.018190854206135514,
  "lr_decay": 0.10553648321981954
}