{
  "batch_size": 20,
  "hl_mlp": 1,
  "latent_size_mlp": 47,
  "lr": 0.000514330282920001,
  "lr_decay": 0.0001388732914178709
}