{
  "batch_size": 24,
  "hl_mlp": 2,
  "latent_size_mlp": 53,
  "lr": 0.016585329791317487,
  "lr_decay": 0.0016146949513775875
}