{
  "batch_size": 44,
  "hl_mlp": 1,
  "latent_size_mlp": 74,
  "lr": 0.000629833603669164,
  "lr_decay": 0.46809799815018294
}