{
  "batch_size": 19,
  "hl_mlp": 1,
  "latent_size_mlp": 48,
  "lr": 0.003446459091976418,
  "lr_decay": 0.08157311596162042
}