{
  "batch_size": 23,
  "hl_mlp": 1,
  "latent_size_mlp": 65,
  "lr": 0.014288246209882248,
  "lr_decay": 0.02777669327926268
}