{
  "batch_size": 23,
  "hl_mlp": 0,
  "latent_size_mlp": 46,
  "lr": 0.00390289022614922,
  "lr_decay": 0.005279450816866926
}