{
  "batch_size": 22,
  "hl_mlp": 1,
  "latent_size_mlp": 53,
  "lr": 0.010330058945217152,
  "lr_decay": 0.0011106932300329966
}