{
  "batch_size": 42,
  "hl_mlp": 2,
  "latent_size_mlp": 57,
  "lr": 0.0009652900954866644,
  "lr_decay": 0.04972364001157384
}