{
  "batch_size": 16,
  "hl_mlp": 1,
  "latent_size_mlp": 46,
  "lr": 0.0023944423164122854,
  "lr_decay": 0.027051038901979
}