{
  "batch_size": 23,
  "hl_mlp": 2,
  "latent_size_mlp": 55,
  "lr": 0.04165789134951365,
  "lr_decay": 0.002704575599765423
}