{
  "batch_size": 22,
  "hl_mlp": 1,
  "latent_size_mlp": 45,
  "lr": 0.010721419328034876,
  "lr_decay": 0.0027434455515739182
}