{
  "batch_size": 28,
  "hl_mlp": 1,
  "latent_size_mlp": 60,
  "lr": 0.0004799218247540756,
  "lr_decay": 0.0020423156357429182
}