{
  "alpha": 1.1334733695789675e-05,
  "length_scale": 0.16030614180245686
}