{
  "alpha": 0.0008168569773068502,
  "length_scale": 1.6935274092366908
}