{
  "batch_size": 47,
  "hl_mlp": 1,
  "latent_size_mlp": 59,
  "lr": 0.0047463590838870764,
  "lr_decay": 0.02525505881625941
}