{
  "batch_size": 25,
  "hl_mlp": 1,
  "latent_size_mlp": 73,
  "lr": 2.1142508439384743e-05,
  "lr_decay": 0.0059546455016707255
}