{
  "batch_size": 22,
  "hl_mlp": 1,
  "latent_size_mlp": 50,
  "lr": 0.02107696863131628,
  "lr_decay": 0.0020889058478548816
}