{
  "batch_size": 24,
  "hl_mlp": 1,
  "latent_size_mlp": 53,
  "lr": 0.0034696834761338224,
  "lr_decay": 0.004292246175585891
}