{
  "batch_size": 26,
  "hl_mlp": 1,
  "latent_size_mlp": 45,
  "lr": 0.006838217712006375,
  "lr_decay": 0.015989558440991238
}