{
  "batch_size": 23,
  "hl_mlp": 1,
  "latent_size_mlp": 53,
  "lr": 0.013211005297197006,
  "lr_decay": 0.0012235918050763062
}