{
  "batch_size": 23,
  "hl_mlp": 1,
  "latent_size_mlp": 45,
  "lr": 0.006903074843777281,
  "lr_decay": 0.004883569950345398
}