{
  "batch_size": 26,
  "hl_mlp": 1,
  "latent_size_mlp": 40,
  "lr": 0.0010661247931927147,
  "lr_decay": 0.00010384741787084239
}