{
  "batch_size": 23,
  "hl_mlp": 1,
  "latent_size_mlp": 49,
  "lr": 0.029491006244455182,
  "lr_decay": 0.037206784686063296
}