{
  "batch_size": 23,
  "hl_mlp": 1,
  "latent_size_mlp": 54,
  "lr": 0.014650677369620892,
  "lr_decay": 0.0017210638952018867
}