{
  "batch_size": 20,
  "hl_mlp": 1,
  "latent_size_mlp": 35,
  "lr": 0.0030689771443085864,
  "lr_decay": 0.000768715248591256
}