{
  "batch_size": 18,
  "hl_mlp": 2,
  "latent_size_mlp": 47,
  "lr": 0.019223528327092468,
  "lr_decay": 0.0018875934626999475
}