{
  "batch_size": 25,
  "hl_mlp": 1,
  "latent_size_mlp": 45,
  "lr": 0.05663696215820434,
  "lr_decay": 0.007527914936638923
}