{
  "batch_size": 13,
  "hl_mlp": 2,
  "latent_size_mlp": 6,
  "lr": 0.019470242745223458,
  "lr_decay": 0.04177210922169103
}