{
  "batch_size": 19,
  "hl_mlp": 1,
  "latent_size_mlp": 47,
  "lr": 0.012697759734846246,
  "lr_decay": 0.09008847526166024
}