{
  "C": 1.520104930435874,
  "epsilon": 0.01022965548992751
}