{
  "batch_size": 23,
  "hl_mlp": 2,
  "latent_size_mlp": 2,
  "lr": 0.002578957513225043,
  "lr_decay": 0.0017142897581785177
}