{
  "max_depth": 5.9073171480891515,
  "min_samples_leaf": 3.580130399655712
}