{
  "batch_size": 25,
  "hl_mlp": 1,
  "latent_size_mlp": 48,
  "lr": 0.003603361194660047,
  "lr_decay": 0.030093076491548947
}