{
  "batch_size": 24,
  "hl_mlp": 1,
  "latent_size_mlp": 31,
  "lr": 0.0005743439205572211,
  "lr_decay": 0.008308208440422939
}