{
  "batch_size": 22,
  "hl_mlp": 1,
  "latent_size_mlp": 39,
  "lr": 0.0012592806895197538,
  "lr_decay": 0.03299066680671425
}