{
  "batch_size": 20,
  "hl_mlp": 1,
  "latent_size_mlp": 60,
  "lr": 0.08671130829408309,
  "lr_decay": 0.01604384951448482
}