{
  "batch_size": 29,
  "hl_mlp": 1,
  "latent_size_mlp": 37,
  "lr": 0.002314780634054693,
  "lr_decay": 0.03027564961052726
}