{
  "C": 0.31367280278351,
  "epsilon": 0.04591455354996918
}