{
  "batch_size": 41,
  "hl_mlp": 2,
  "latent_size_mlp": 61,
  "lr": 0.0056892778763129375,
  "lr_decay": 0.31607759899218396
}