{
  "alpha": 0.00011627969750620875,
  "length_scale": 0.09440191641024819
}