{
  "batch_size": 24,
  "hl_mlp": 1,
  "latent_size_mlp": 47,
  "lr": 0.015000642548801957,
  "lr_decay": 0.0022717968943322428
}