{
  "batch_size": 33,
  "hl_mlp": 1,
  "latent_size_mlp": 37,
  "lr": 0.00108218112050562,
  "lr_decay": 0.0007761284391688533
}