{
  "batch_size": 23,
  "hl_mlp": 1,
  "latent_size_mlp": 49,
  "lr": 0.0007214416420235963,
  "lr_decay": 0.0003614771274142972
}