{
  "batch_size": 18,
  "hl_mlp": 1,
  "latent_size_mlp": 43,
  "lr": 0.0017160108800677507,
  "lr_decay": 0.05754691650969975
}