{
  "batch_size": 21,
  "hl_mlp": 1,
  "latent_size_mlp": 59,
  "lr": 0.033075139242948325,
  "lr_decay": 0.019117692985082146
}