{
  "batch_size": 21,
  "hl_mlp": 1,
  "latent_size_mlp": 30,
  "lr": 0.00023620077560481515,
  "lr_decay": 0.0012322270533814633
}