{
  "alpha": 0.0018598483384651998,
  "length_scale": 1.1192717636344054
}