{
  "batch_size": 27,
  "hl_mlp": 1,
  "latent_size_mlp": 63,
  "lr": 0.0020253312230231616,
  "lr_decay": 0.0015475294416288964
}