{
  "batch_size": 21,
  "hl_mlp": 2,
  "latent_size_mlp": 48,
  "lr": 0.0025146233964432585,
  "lr_decay": 0.03396740817239472
}