{
  "batch_size": 26,
  "hl_mlp": 0,
  "latent_size_mlp": 26,
  "lr": 0.01640415208720879,
  "lr_decay": 0.006595275949872153
}