{
  "batch_size": 24,
  "hl_mlp": 0,
  "latent_size_mlp": 56,
  "lr": 0.014944085102704166,
  "lr_decay": 0.0013468021084145243
}