{
  "alpha": 1.8816751070328017,
  "length_scale": 3.1690317982596787
}