{
  "batch_size": 24,
  "hl_mlp": 1,
  "latent_size_mlp": 65,
  "lr": 0.01929200319183443,
  "lr_decay": 0.003425442628306197
}