{
  "batch_size": 22,
  "hl_mlp": 1,
  "latent_size_mlp": 47,
  "lr": 0.004787801745475812,
  "lr_decay": 0.010902311443392584
}