{
  "batch_size": 46,
  "hl_mlp": 1,
  "latent_size_mlp": 79,
  "lr": 0.005496881296934024,
  "lr_decay": 0.0065252730961189165
}