{
  "batch_size": 21,
  "hl_mlp": 1,
  "latent_size_mlp": 59,
  "lr": 0.015589159395439083,
  "lr_decay": 0.0010032509647295068
}