{
  "batch_size": 26,
  "hl_mlp": 1,
  "latent_size_mlp": 61,
  "lr": 0.00018931935591959002,
  "lr_decay": 0.002274221985546972
}