{
  "batch_size": 20,
  "hl_mlp": 1,
  "latent_size_mlp": 45,
  "lr": 0.02079136401574366,
  "lr_decay": 0.0013225968892152482
}