{
  "alpha": 0.002037595729686384,
  "length_scale": 1.2270742968205912
}