{
  "batch_size": 25,
  "hl_mlp": 1,
  "latent_size_mlp": 38,
  "lr": 0.00016658076711156803,
  "lr_decay": 0.003294081272203214
}