{
  "batch_size": 23,
  "hl_mlp": 1,
  "latent_size_mlp": 41,
  "lr": 0.015124306256220058,
  "lr_decay": 0.001214984135817059
}