{
  "batch_size": 23,
  "hl_mlp": 0,
  "latent_size_mlp": 59,
  "lr": 0.018353330835638743,
  "lr_decay": 0.001010646363103262
}