{
  "batch_size": 17,
  "hl_mlp": 1,
  "latent_size_mlp": 48,
  "lr": 0.0178997219385352,
  "lr_decay": 0.03358600191763092
}