{
  "batch_size": 23,
  "hl_mlp": 1,
  "latent_size_mlp": 36,
  "lr": 0.004031336831696245,
  "lr_decay": 0.055274805315175334
}