{
  "C": 0.6025159078971343,
  "epsilon": 0.034931442872037775
}