{
  "batch_size": 20,
  "hl_mlp": 1,
  "latent_size_mlp": 40,
  "lr": 0.016110258998389762,
  "lr_decay": 0.002812573835012384
}