{
  "batch_size": 21,
  "hl_mlp": 1,
  "latent_size_mlp": 48,
  "lr": 0.0035077299338018625,
  "lr_decay": 0.03258556949815957
}