{
  "batch_size": 20,
  "hl_mlp": 1,
  "latent_size_mlp": 48,
  "lr": 0.002825730784543024,
  "lr_decay": 0.038302595322607505
}