{
  "batch_size": 18,
  "hl_mlp": 1,
  "latent_size_mlp": 48,
  "lr": 0.01997952147189104,
  "lr_decay": 0.0782834449584985
}