{
  "batch_size": 23,
  "hl_mlp": 1,
  "latent_size_mlp": 43,
  "lr": 0.045967342497622334,
  "lr_decay": 0.034699128550140734
}