{
  "batch_size": 23,
  "hl_mlp": 1,
  "latent_size_mlp": 57,
  "lr": 0.00034123234228522156,
  "lr_decay": 0.0031104154081766752
}