{
  "batch_size": 23,
  "hl_mlp": 1,
  "latent_size_mlp": 54,
  "lr": 0.08471114779163133,
  "lr_decay": 0.010330010753508612
}