{
  "batch_size": 20,
  "hl_mlp": 1,
  "latent_size_mlp": 48,
  "lr": 0.01112170850585586,
  "lr_decay": 0.002934923003030594
}