{
  "batch_size": 38,
  "hl_mlp": 1,
  "latent_size_mlp": 57,
  "lr": 0.0378626977128956,
  "lr_decay": 0.1968595643771232
}