{
  "batch_size": 21,
  "hl_mlp": 1,
  "latent_size_mlp": 49,
  "lr": 0.0028680137654284845,
  "lr_decay": 0.022983899124795933
}