{
  "batch_size": 23,
  "hl_mlp": 1,
  "latent_size_mlp": 46,
  "lr": 0.018728829292918945,
  "lr_decay": 0.013524717389044387
}