{
  "batch_size": 19,
  "hl_mlp": 1,
  "latent_size_mlp": 48,
  "lr": 0.003677012492776349,
  "lr_decay": 0.0022933788109770698
}