{
  "alpha": 0.01820381201164777,
  "length_scale": 2.234450270745721
}