{
  "batch_size": 17,
  "hl_mlp": 0,
  "latent_size_mlp": 46,
  "lr": 0.024903201569042337,
  "lr_decay": 0.009865554282837316
}