{
  "batch_size": 43,
  "hl_mlp": 2,
  "latent_size_mlp": 32,
  "lr": 0.040618975916055025,
  "lr_decay": 0.006474652756079466
}