{
  "batch_size": 22,
  "hl_mlp": 2,
  "latent_size_mlp": 54,
  "lr": 0.06236468941512751,
  "lr_decay": 0.005333892873756735
}