{
  "batch_size": 21,
  "hl_mlp": 1,
  "latent_size_mlp": 43,
  "lr": 0.010828796512902467,
  "lr_decay": 0.032889971349637274
}