{
  "batch_size": 24,
  "hl_mlp": 1,
  "latent_size_mlp": 44,
  "lr": 0.00436738831945866,
  "lr_decay": 0.06049365790568939
}