{
  "batch_size": 23,
  "hl_mlp": 0,
  "latent_size_mlp": 52,
  "lr": 0.013853028462743413,
  "lr_decay": 0.0029042491517638743
}