{
  "batch_size": 19,
  "hl_mlp": 1,
  "latent_size_mlp": 49,
  "lr": 0.017724854162584753,
  "lr_decay": 0.001671229967233994
}