{
  "batch_size": 17,
  "hl_mlp": 0,
  "latent_size_mlp": 50,
  "lr": 0.01582406867444246,
  "lr_decay": 0.0034795830600009127
}