{
  "batch_size": 29,
  "hl_mlp": 1,
  "latent_size_mlp": 49,
  "lr": 0.024394460971428247,
  "lr_decay": 0.0030767680155069916
}