{
  "batch_size": 36,
  "hl_mlp": 2,
  "latent_size_mlp": 50,
  "lr": 0.06475898820889517,
  "lr_decay": 0.7632392902818295
}