{
  "batch_size": 25,
  "hl_mlp": 1,
  "latent_size_mlp": 42,
  "lr": 0.0011735584239408838,
  "lr_decay": 0.14561120121828822
}