{
  "batch_size": 21,
  "hl_mlp": 2,
  "latent_size_mlp": 53,
  "lr": 0.03647994465352313,
  "lr_decay": 0.018477156324223507
}