{
  "max_depth": 5.562002619777901,
  "min_samples_leaf": 1.1406118792377993
}