{
  "batch_size": 32,
  "hl_mlp": 1,
  "latent_size_mlp": 40,
  "lr": 0.21527522587189954,
  "lr_decay": 0.03000196411307795
}