{
  "batch_size": 19,
  "hl_mlp": 2,
  "latent_size_mlp": 58,
  "lr": 0.09952665868582466,
  "lr_decay": 0.012156242380789292
}