{
  "batch_size": 23,
  "hl_mlp": 0,
  "latent_size_mlp": 59,
  "lr": 0.01849898239729234,
  "lr_decay": 0.0010106597140292263
}