{
  "batch_size": 15,
  "hl_mlp": 1,
  "latent_size_mlp": 32,
  "lr": 0.0030281821223680015,
  "lr_decay": 0.0015764739437644443
}