{
  "batch_size": 24,
  "hl_mlp": 1,
  "latent_size_mlp": 75,
  "lr": 0.0001619230948009719,
  "lr_decay": 0.00015872892720436864
}