{
  "batch_size": 33,
  "hl_mlp": 1,
  "latent_size_mlp": 62,
  "lr": 0.0010610884683814232,
  "lr_decay": 0.0012390778678681507
}