{
  "batch_size": 22,
  "hl_mlp": 2,
  "latent_size_mlp": 45,
  "lr": 0.022999797270490178,
  "lr_decay": 0.0016117119762044504
}