{
  "C": 1.5597818108316044,
  "epsilon": 0.010003913539964309
}