{
  "batch_size": 28,
  "hl_mlp": 1,
  "latent_size_mlp": 69,
  "lr": 0.0025778785662074685,
  "lr_decay": 0.3907503672074605
}