{
  "batch_size": 22,
  "hl_mlp": 1,
  "latent_size_mlp": 42,
  "lr": 0.0461113216665934,
  "lr_decay": 0.027428625096720467
}