{
  "batch_size": 15,
  "hl_mlp": 3,
  "latent_size_mlp": 62,
  "lr": 0.12757860985025665,
  "lr_decay": 0.0011183936774370705
}