{
  "batch_size": 11,
  "hl_mlp": 1,
  "latent_size_mlp": 26,
  "lr": 0.05483238850548532,
  "lr_decay": 0.03913923677843434
}