{
  "batch_size": 20,
  "hl_mlp": 2,
  "latent_size_mlp": 49,
  "lr": 0.005280744923039344,
  "lr_decay": 0.08173091169861765
}