{
  "batch_size": 23,
  "hl_mlp": 1,
  "latent_size_mlp": 46,
  "lr": 0.00542473753317518,
  "lr_decay": 0.034493520119149246
}