{
  "batch_size": 22,
  "hl_mlp": 0,
  "latent_size_mlp": 45,
  "lr": 0.08137489426435869,
  "lr_decay": 0.0031525621996228857
}