{
  "batch_size": 25,
  "hl_mlp": 1,
  "latent_size_mlp": 50,
  "lr": 0.010381102015563484,
  "lr_decay": 0.10349899741669628
}