{
  "batch_size": 24,
  "hl_mlp": 1,
  "latent_size_mlp": 44,
  "lr": 0.0014133754014315515,
  "lr_decay": 0.04238303823600371
}