{
  "batch_size": 24,
  "hl_mlp": 1,
  "latent_size_mlp": 49,
  "lr": 0.027587345002708718,
  "lr_decay": 0.0014089670869385615
}