{
  "batch_size": 13,
  "hl_mlp": 1,
  "latent_size_mlp": 47,
  "lr": 0.005589551057758935,
  "lr_decay": 0.09430651569038946
}