{
  "batch_size": 23,
  "hl_mlp": 0,
  "latent_size_mlp": 44,
  "lr": 0.018317986142189137,
  "lr_decay": 0.0010036208049901004
}