{
  "batch_size": 45,
  "hl_mlp": 2,
  "latent_size_mlp": 43,
  "lr": 0.040107573168417676,
  "lr_decay": 0.004155576314138832
}