{
  "batch_size": 21,
  "hl_mlp": 2,
  "latent_size_mlp": 51,
  "lr": 0.010159875940662094,
  "lr_decay": 0.002530004262128444
}