{
  "batch_size": 21,
  "hl_mlp": 1,
  "latent_size_mlp": 42,
  "lr": 0.013477268600363057,
  "lr_decay": 0.012457619066839575
}