{
  "batch_size": 24,
  "hl_mlp": 1,
  "latent_size_mlp": 43,
  "lr": 0.11212050460116252,
  "lr_decay": 0.010254983236537538
}