{
  "batch_size": 21,
  "hl_mlp": 1,
  "latent_size_mlp": 46,
  "lr": 0.02047212918580945,
  "lr_decay": 0.010886590009635001
}