{
  "batch_size": 29,
  "hl_mlp": 1,
  "latent_size_mlp": 30,
  "lr": 0.0042721924834272515,
  "lr_decay": 0.7396660490646562
}