{
  "batch_size": 22,
  "hl_mlp": 1,
  "latent_size_mlp": 49,
  "lr": 0.010629192666583293,
  "lr_decay": 0.02555904965327409
}