{
  "C": 2.7112270006303625,
  "epsilon": 0.021575131788600693
}