{
  "batch_size": 22,
  "hl_mlp": 0,
  "latent_size_mlp": 57,
  "lr": 0.020224836319535963,
  "lr_decay": 0.08227012912372872
}