{
  "batch_size": 21,
  "hl_mlp": 2,
  "latent_size_mlp": 40,
  "lr": 0.0809557013064036,
  "lr_decay": 0.0010610645538610877
}