{
  "batch_size": 35,
  "hl_mlp": 1,
  "latent_size_mlp": 71,
  "lr": 0.06655063150677276,
  "lr_decay": 0.004239737938413872
}