{
  "batch_size": 21,
  "hl_mlp": 1,
  "latent_size_mlp": 46,
  "lr": 0.020133333700354847,
  "lr_decay": 0.04262599531816449
}