{
  "batch_size": 18,
  "hl_mlp": 2,
  "latent_size_mlp": 35,
  "lr": 0.027662958949687903,
  "lr_decay": 0.010939982878504879
}