{
  "batch_size": 24,
  "hl_mlp": 1,
  "latent_size_mlp": 49,
  "lr": 0.06794195415924484,
  "lr_decay": 0.009220779766985536
}