{
  "alpha": 0.9123893338843614,
  "length_scale": 8.546550983205186
}