{
  "alpha": 0.00907018111134518,
  "length_scale": 1.453617371498456
}