{
  "batch_size": 25,
  "hl_mlp": 1,
  "latent_size_mlp": 20,
  "lr": 0.0019127281105384961,
  "lr_decay": 0.07075813815564268
}