{
  "batch_size": 41,
  "hl_mlp": 0,
  "latent_size_mlp": 2,
  "lr": 0.060533822794621155,
  "lr_decay": 0.006054469036354111
}