{
  "alpha": 0.0007369145929958874,
  "length_scale": 0.8628549673159664
}