{
  "batch_size": 24,
  "hl_mlp": 1,
  "latent_size_mlp": 32,
  "lr": 0.0036970635908184024,
  "lr_decay": 0.0009776285525702351
}