{
  "batch_size": 28,
  "hl_mlp": 1,
  "latent_size_mlp": 56,
  "lr": 0.0018442720225714455,
  "lr_decay": 0.002375073746751321
}