{
  "alpha": 0.5225556627700878,
  "length_scale": 0.5869021848735115
}