{
  "batch_size": 24,
  "hl_mlp": 0,
  "latent_size_mlp": 2,
  "lr": 0.006431710258708811,
  "lr_decay": 0.023940298883655158
}