{
  "alpha": 0.0031715546294255738,
  "length_scale": 0.9917549312778623
}