{
  "batch_size": 23,
  "hl_mlp": 0,
  "latent_size_mlp": 48,
  "lr": 0.015500883568897351,
  "lr_decay": 0.007986155490293193
}