{
  "batch_size": 24,
  "hl_mlp": 1,
  "latent_size_mlp": 43,
  "lr": 0.0014190888674257963,
  "lr_decay": 0.014781789341131238
}