{
  "batch_size": 23,
  "hl_mlp": 1,
  "latent_size_mlp": 39,
  "lr": 0.04618124030210428,
  "lr_decay": 0.031091861397973864
}