{
  "batch_size": 22,
  "hl_mlp": 1,
  "latent_size_mlp": 40,
  "lr": 0.04169821427082144,
  "lr_decay": 0.05201925829890235
}