{
  "batch_size": 28,
  "hl_mlp": 1,
  "latent_size_mlp": 46,
  "lr": 0.0023513163184444652,
  "lr_decay": 0.006439752216381707
}