{
  "batch_size": 41,
  "hl_mlp": 1,
  "latent_size_mlp": 57,
  "lr": 0.00752500774349951,
  "lr_decay": 0.556104864461641
}