{
  "batch_size": 22,
  "hl_mlp": 1,
  "latent_size_mlp": 47,
  "lr": 0.002031666010090878,
  "lr_decay": 0.03398878100039868
}