{
  "batch_size": 19,
  "hl_mlp": 1,
  "latent_size_mlp": 48,
  "lr": 0.0015897816763210094,
  "lr_decay": 0.0527245352405646
}