{
  "batch_size": 23,
  "hl_mlp": 1,
  "latent_size_mlp": 38,
  "lr": 0.004665933560409688,
  "lr_decay": 0.03464346878138807
}