{
  "batch_size": 21,
  "hl_mlp": 1,
  "latent_size_mlp": 42,
  "lr": 0.0015687860915837974,
  "lr_decay": 0.022554432645428658
}