{
  "C": 0.7755726048805621,
  "epsilon": 0.05549343350572981
}