{
  "batch_size": 19,
  "hl_mlp": 1,
  "latent_size_mlp": 49,
  "lr": 0.05172589629406669,
  "lr_decay": 0.0011345280088772428
}