{
  "batch_size": 23,
  "hl_mlp": 2,
  "latent_size_mlp": 59,
  "lr": 0.011949118385096593,
  "lr_decay": 0.001532052265541961
}