{
  "alpha": 0.00017590961716941505,
  "length_scale": 0.650672383906869
}