{
  "batch_size": 21,
  "hl_mlp": 1,
  "latent_size_mlp": 48,
  "lr": 0.0028241209798633847,
  "lr_decay": 0.013431305217158991
}