{
  "batch_size": 26,
  "hl_mlp": 1,
  "latent_size_mlp": 77,
  "lr": 0.00014407537474226626,
  "lr_decay": 0.00014963858908061418
}