{
  "batch_size": 17,
  "hl_mlp": 1,
  "latent_size_mlp": 59,
  "lr": 0.012718341594801645,
  "lr_decay": 0.0014599617689089817
}