{
  "batch_size": 23,
  "hl_mlp": 1,
  "latent_size_mlp": 46,
  "lr": 0.008740122078921194,
  "lr_decay": 0.007929678485512643
}