{
  "batch_size": 33,
  "hl_mlp": 1,
  "latent_size_mlp": 51,
  "lr": 0.0017179491162117818,
  "lr_decay": 0.6191003566091713
}