{
  "batch_size": 21,
  "hl_mlp": 1,
  "latent_size_mlp": 48,
  "lr": 0.013909284696314438,
  "lr_decay": 0.0017888303668437521
}