{
  "batch_size": 17,
  "hl_mlp": 0,
  "latent_size_mlp": 49,
  "lr": 0.013845440715403315,
  "lr_decay": 0.0015328409109283858
}