{
  "batch_size": 23,
  "hl_mlp": 0,
  "latent_size_mlp": 54,
  "lr": 0.037131235133896025,
  "lr_decay": 0.00154779385182139
}