{
  "alpha": 0.047909148775756354,
  "length_scale": 2.2567869154036595
}