{
  "batch_size": 17,
  "hl_mlp": 1,
  "latent_size_mlp": 43,
  "lr": 0.0028382253011502035,
  "lr_decay": 0.04645242575940376
}