{
  "batch_size": 24,
  "hl_mlp": 1,
  "latent_size_mlp": 45,
  "lr": 0.004820499066564324,
  "lr_decay": 0.0435609310075229
}