{
  "batch_size": 20,
  "hl_mlp": 1,
  "latent_size_mlp": 42,
  "lr": 0.011542973145234184,
  "lr_decay": 0.039276187818538824
}