{
  "batch_size": 44,
  "hl_mlp": 1,
  "latent_size_mlp": 77,
  "lr": 0.00044445919983068815,
  "lr_decay": 0.05942994226982461
}