{
  "batch_size": 21,
  "hl_mlp": 0,
  "latent_size_mlp": 49,
  "lr": 0.01312552860733329,
  "lr_decay": 0.0042696850246535046
}