{
  "batch_size": 17,
  "hl_mlp": 0,
  "latent_size_mlp": 47,
  "lr": 0.020033267386131808,
  "lr_decay": 0.001291005158384812
}