{
  "batch_size": 18,
  "hl_mlp": 1,
  "latent_size_mlp": 48,
  "lr": 0.003294470957240694,
  "lr_decay": 0.08187697465293117
}