{
  "batch_size": 26,
  "hl_mlp": 1,
  "latent_size_mlp": 49,
  "lr": 0.007699263913590776,
  "lr_decay": 0.05374062104931906
}