{
  "batch_size": 19,
  "hl_mlp": 1,
  "latent_size_mlp": 45,
  "lr": 0.0025272890151828344,
  "lr_decay": 0.09987276898140977
}