{
  "batch_size": 21,
  "hl_mlp": 1,
  "latent_size_mlp": 35,
  "lr": 0.013801279054898061,
  "lr_decay": 0.0033291306254976494
}