{
  "batch_size": 35,
  "hl_mlp": 1,
  "latent_size_mlp": 53,
  "lr": 0.013532582277875774,
  "lr_decay": 0.5916084988202756
}