{
  "alpha": 0.0022251099382094,
  "length_scale": 0.4794617156934384
}