{
  "batch_size": 17,
  "hl_mlp": 2,
  "latent_size_mlp": 49,
  "lr": 0.08330024599724656,
  "lr_decay": 0.008397307133558182
}