{
  "batch_size": 37,
  "hl_mlp": 1,
  "latent_size_mlp": 69,
  "lr": 0.006218313498314597,
  "lr_decay": 0.04619357172106908
}