{
  "batch_size": 22,
  "hl_mlp": 1,
  "latent_size_mlp": 38,
  "lr": 0.0338915823268412,
  "lr_decay": 0.003559658065271968
}