{
  "batch_size": 17,
  "hl_mlp": 1,
  "latent_size_mlp": 41,
  "lr": 0.03843008175876787,
  "lr_decay": 0.0011826424007620202
}