{
  "batch_size": 35,
  "hl_mlp": 1,
  "latent_size_mlp": 37,
  "lr": 0.06707497040925836,
  "lr_decay": 0.10615642454864406
}