{
  "batch_size": 39,
  "hl_mlp": 0,
  "latent_size_mlp": 30,
  "lr": 0.09111305891677705,
  "lr_decay": 0.02581684182256747
}