{
  "batch_size": 47,
  "hl_mlp": 1,
  "latent_size_mlp": 77,
  "lr": 0.009181875824677693,
  "lr_decay": 0.5202034708564364
}