{
  "batch_size": 22,
  "hl_mlp": 1,
  "latent_size_mlp": 47,
  "lr": 0.010799398017157454,
  "lr_decay": 0.0425616274695193
}