{
  "batch_size": 26,
  "hl_mlp": 1,
  "latent_size_mlp": 71,
  "lr": 0.0006102990290088107,
  "lr_decay": 0.03223835471815827
}