{
  "batch_size": 18,
  "hl_mlp": 0,
  "latent_size_mlp": 49,
  "lr": 0.08703379861826095,
  "lr_decay": 0.07169016251516358
}