{
  "batch_size": 29,
  "hl_mlp": 1,
  "latent_size_mlp": 53,
  "lr": 0.05769733351663409,
  "lr_decay": 0.010261608198645081
}