{
  "batch_size": 22,
  "hl_mlp": 1,
  "latent_size_mlp": 41,
  "lr": 0.002061578393187074,
  "lr_decay": 0.05768146982693508
}