{
  "batch_size": 34,
  "hl_mlp": 2,
  "latent_size_mlp": 48,
  "lr": 0.01544147671046119,
  "lr_decay": 0.07622668270273328
}