{
  "batch_size": 19,
  "hl_mlp": 1,
  "latent_size_mlp": 49,
  "lr": 0.00690374612120819,
  "lr_decay": 0.001879820389577918
}