{
  "batch_size": 20,
  "hl_mlp": 1,
  "latent_size_mlp": 47,
  "lr": 0.0029096650059151886,
  "lr_decay": 0.09982116702095832
}