{
  "batch_size": 20,
  "hl_mlp": 1,
  "latent_size_mlp": 47,
  "lr": 0.005379411818846655,
  "lr_decay": 0.09981064518913504
}