{
  "batch_size": 28,
  "hl_mlp": 1,
  "latent_size_mlp": 67,
  "lr": 0.0007530397293190723,
  "lr_decay": 0.00019686884374649306
}