{
  "batch_size": 24,
  "hl_mlp": 1,
  "latent_size_mlp": 54,
  "lr": 0.09171097090787951,
  "lr_decay": 0.006167502853036687
}