{
  "alpha": 0.0014531498386697746,
  "length_scale": 1.0464674521379942
}