{
  "batch_size": 20,
  "hl_mlp": 2,
  "latent_size_mlp": 48,
  "lr": 0.012612077757385902,
  "lr_decay": 0.0011689940321520556
}