{
  "batch_size": 22,
  "hl_mlp": 2,
  "latent_size_mlp": 55,
  "lr": 6.162899567283712e-05,
  "lr_decay": 0.0008830048205663098
}