{
  "batch_size": 25,
  "hl_mlp": 1,
  "latent_size_mlp": 69,
  "lr": 0.0016211709615334448,
  "lr_decay": 0.00013832957349268332
}