{
  "alpha": 0.048253165509320156,
  "length_scale": 1.121552578082644
}