{
  "batch_size": 24,
  "hl_mlp": 0,
  "latent_size_mlp": 48,
  "lr": 0.012687864063293175,
  "lr_decay": 0.004025322658282112
}