{
  "batch_size": 20,
  "hl_mlp": 1,
  "latent_size_mlp": 47,
  "lr": 0.01669529869679312,
  "lr_decay": 0.04018775201175505
}