{
  "batch_size": 17,
  "hl_mlp": 1,
  "latent_size_mlp": 58,
  "lr": 0.012405069821289423,
  "lr_decay": 0.0014227566835204137
}