{
  "batch_size": 39,
  "hl_mlp": 2,
  "latent_size_mlp": 52,
  "lr": 0.0017449760129819446,
  "lr_decay": 0.1250645321623469
}