{
  "batch_size": 15,
  "hl_mlp": 0,
  "latent_size_mlp": 24,
  "lr": 0.0015567834732081467,
  "lr_decay": 0.020206689780166286
}