{
  "batch_size": 29,
  "hl_mlp": 1,
  "latent_size_mlp": 52,
  "lr": 0.09310902220217936,
  "lr_decay": 0.008341153153514854
}