{
  "max_depth": 0.06306434134751486,
  "min_samples_leaf": 0.002270180227073571
}