{
  "batch_size": 16,
  "hl_mlp": 1,
  "latent_size_mlp": 59,
  "lr": 0.013624257699218507,
  "lr_decay": 0.007070548536152432
}