{
  "batch_size": 24,
  "hl_mlp": 1,
  "latent_size_mlp": 49,
  "lr": 0.021318731616648417,
  "lr_decay": 0.004049320024025687
}