{
  "batch_size": 19,
  "hl_mlp": 0,
  "latent_size_mlp": 54,
  "lr": 0.017787076710998582,
  "lr_decay": 0.001002915959035647
}