{
  "max_depth": 2.9998735388359137,
  "min_samples_leaf": 2.8880069647545636
}