{
  "batch_size": 24,
  "hl_mlp": 1,
  "latent_size_mlp": 59,
  "lr": 0.0877091918215298,
  "lr_decay": 0.0025680070284720873
}