{
  "batch_size": 41,
  "hl_mlp": 1,
  "latent_size_mlp": 47,
  "lr": 0.005020771542585554,
  "lr_decay": 0.03789867555783195
}