{
  "C": 8.913770156227322,
  "epsilon": 8.657997314671986
}