{
  "batch_size": 20,
  "hl_mlp": 1,
  "latent_size_mlp": 47,
  "lr": 0.00276969075304168,
  "lr_decay": 0.034572206183708425
}