{
  "batch_size": 23,
  "hl_mlp": 0,
  "latent_size_mlp": 46,
  "lr": 0.020647193841507126,
  "lr_decay": 0.0015320827262635412
}