{
  "batch_size": 24,
  "hl_mlp": 1,
  "latent_size_mlp": 48,
  "lr": 0.01794182264954811,
  "lr_decay": 0.00328916548268576
}