{
  "batch_size": 17,
  "hl_mlp": 1,
  "latent_size_mlp": 51,
  "lr": 0.0703248048837151,
  "lr_decay": 0.004051103620098645
}