{
  "batch_size": 22,
  "hl_mlp": 1,
  "latent_size_mlp": 38,
  "lr": 0.010227403540687265,
  "lr_decay": 0.031236741704816638
}