{
  "batch_size": 19,
  "hl_mlp": 2,
  "latent_size_mlp": 59,
  "lr": 0.012053971513770061,
  "lr_decay": 0.0017282807394593638
}