{
  "batch_size": 27,
  "hl_mlp": 1,
  "latent_size_mlp": 36,
  "lr": 0.010271051575431824,
  "lr_decay": 0.06112006316805411
}