{
  "batch_size": 26,
  "hl_mlp": 1,
  "latent_size_mlp": 44,
  "lr": 0.003271653090038668,
  "lr_decay": 0.008574048677965613
}