{
  "batch_size": 25,
  "hl_mlp": 1,
  "latent_size_mlp": 43,
  "lr": 0.0014194389872914258,
  "lr_decay": 0.0011562343529084038
}