{
  "batch_size": 21,
  "hl_mlp": 1,
  "latent_size_mlp": 45,
  "lr": 0.01084378380874395,
  "lr_decay": 0.022902254170775512
}