{
  "batch_size": 19,
  "hl_mlp": 1,
  "latent_size_mlp": 55,
  "lr": 0.01046300204980114,
  "lr_decay": 0.0012327759925859485
}