{
  "max_depth": 2.6989273571573036,
  "min_samples_leaf": 1.4402266663747036
}