{
  "batch_size": 21,
  "hl_mlp": 1,
  "latent_size_mlp": 46,
  "lr": 0.0481013962583955,
  "lr_decay": 0.0010621769354511525
}