{
  "batch_size": 34,
  "hl_mlp": 1,
  "latent_size_mlp": 40,
  "lr": 0.009782172045817739,
  "lr_decay": 0.0004515508429873462
}