{
  "batch_size": 24,
  "hl_mlp": 1,
  "latent_size_mlp": 46,
  "lr": 0.004325361410814635,
  "lr_decay": 0.06008070627314274
}