{
  "batch_size": 26,
  "hl_mlp": 1,
  "latent_size_mlp": 72,
  "lr": 0.0013092246102744793,
  "lr_decay": 0.00010214041058757652
}