{
  "batch_size": 21,
  "hl_mlp": 1,
  "latent_size_mlp": 47,
  "lr": 0.0015939079251514972,
  "lr_decay": 0.051905418420689214
}