{
  "batch_size": 30,
  "hl_mlp": 1,
  "latent_size_mlp": 43,
  "lr": 0.0011808297991872884,
  "lr_decay": 0.0003285898525217288
}