{
  "batch_size": 26,
  "hl_mlp": 1,
  "latent_size_mlp": 44,
  "lr": 0.01628570681237524,
  "lr_decay": 0.038588805359852506
}