{
  "batch_size": 27,
  "hl_mlp": 1,
  "latent_size_mlp": 41,
  "lr": 0.00010142495667603884,
  "lr_decay": 0.0005004273543281478
}