{
  "batch_size": 22,
  "hl_mlp": 1,
  "latent_size_mlp": 59,
  "lr": 0.06008178827127544,
  "lr_decay": 0.008816810831798139
}