{
  "batch_size": 24,
  "hl_mlp": 0,
  "latent_size_mlp": 46,
  "lr": 0.015434910044204275,
  "lr_decay": 0.001432934789614636
}