{
  "batch_size": 24,
  "hl_mlp": 1,
  "latent_size_mlp": 39,
  "lr": 0.001098193121165092,
  "lr_decay": 0.01377035576462896
}