{
  "batch_size": 32,
  "hl_mlp": 1,
  "latent_size_mlp": 36,
  "lr": 0.00239119080735769,
  "lr_decay": 0.04267306754614117
}