{
  "C": 1.8971074452296761,
  "epsilon": 0.10880703429738985
}