{
  "batch_size": 24,
  "hl_mlp": 1,
  "latent_size_mlp": 47,
  "lr": 0.0028570003886725236,
  "lr_decay": 0.0035504022868112686
}