{
  "batch_size": 27,
  "hl_mlp": 1,
  "latent_size_mlp": 59,
  "lr": 0.001461403799948699,
  "lr_decay": 0.00026109316968811567
}