{
  "batch_size": 22,
  "hl_mlp": 1,
  "latent_size_mlp": 46,
  "lr": 0.003948020567913814,
  "lr_decay": 0.02342174999405162
}