{
  "alpha": 0.024884483471234918,
  "length_scale": 1.0964338604537718
}