{
  "batch_size": 23,
  "hl_mlp": 1,
  "latent_size_mlp": 53,
  "lr": 0.012713698414999284,
  "lr_decay": 0.0010084752162653479
}