{
  "batch_size": 25,
  "hl_mlp": 1,
  "latent_size_mlp": 70,
  "lr": 0.0014039518820958068,
  "lr_decay": 0.00010644305138970553
}