{
  "alpha": 0.030723025912659536,
  "length_scale": 9.926456272954168
}