{
  "batch_size": 20,
  "hl_mlp": 1,
  "latent_size_mlp": 43,
  "lr": 0.021804558103805424,
  "lr_decay": 0.011454969133899469
}