{
  "batch_size": 21,
  "hl_mlp": 1,
  "latent_size_mlp": 55,
  "lr": 0.016792422462588063,
  "lr_decay": 0.00310283483376117
}