{
  "batch_size": 28,
  "hl_mlp": 2,
  "latent_size_mlp": 48,
  "lr": 0.042755309668499906,
  "lr_decay": 0.02287495874507526
}