{
  "batch_size": 28,
  "hl_mlp": 1,
  "latent_size_mlp": 49,
  "lr": 0.0020422147519271986,
  "lr_decay": 0.037405630409536386
}