{
  "batch_size": 28,
  "hl_mlp": 1,
  "latent_size_mlp": 59,
  "lr": 0.07524512880598834,
  "lr_decay": 0.00991654928702497
}