{
  "batch_size": 19,
  "hl_mlp": 2,
  "latent_size_mlp": 55,
  "lr": 0.0811415029133746,
  "lr_decay": 0.019590991125648397
}