{
  "batch_size": 23,
  "hl_mlp": 1,
  "latent_size_mlp": 79,
  "lr": 0.00015677467945652572,
  "lr_decay": 0.00012130188332913692
}