{
  "batch_size": 22,
  "hl_mlp": 1,
  "latent_size_mlp": 38,
  "lr": 0.002735329123376074,
  "lr_decay": 0.03139274817093214
}