{
  "batch_size": 48,
  "hl_mlp": 2,
  "latent_size_mlp": 61,
  "lr": 0.001321083476912676,
  "lr_decay": 0.00208384383164167
}