{
  "batch_size": 14,
  "hl_mlp": 1,
  "latent_size_mlp": 22,
  "lr": 0.0015291524340591597,
  "lr_decay": 0.002580877337124397
}