{
  "batch_size": 24,
  "hl_mlp": 0,
  "latent_size_mlp": 52,
  "lr": 0.0236413119687434,
  "lr_decay": 0.0012217346791342405
}