{
  "batch_size": 20,
  "hl_mlp": 1,
  "latent_size_mlp": 47,
  "lr": 0.013380096173902078,
  "lr_decay": 0.0054404884901961695
}