{
  "batch_size": 28,
  "hl_mlp": 2,
  "latent_size_mlp": 19,
  "lr": 0.0015879395304844552,
  "lr_decay": 0.005133480762984895
}