{
  "batch_size": 24,
  "hl_mlp": 0,
  "latent_size_mlp": 48,
  "lr": 0.06198112602927183,
  "lr_decay": 0.004462900703735102
}