{
  "batch_size": 37,
  "hl_mlp": 1,
  "latent_size_mlp": 53,
  "lr": 0.0639338689559795,
  "lr_decay": 0.023724033619285833
}