{
  "batch_size": 24,
  "hl_mlp": 1,
  "latent_size_mlp": 56,
  "lr": 0.05997907270944253,
  "lr_decay": 0.008600748683457402
}