{
  "batch_size": 24,
  "hl_mlp": 1,
  "latent_size_mlp": 48,
  "lr": 0.019566586771307355,
  "lr_decay": 0.0038539966911199765
}