{
  "batch_size": 24,
  "hl_mlp": 1,
  "latent_size_mlp": 35,
  "lr": 0.020102866791902863,
  "lr_decay": 0.05686956365490894
}