{
  "batch_size": 21,
  "hl_mlp": 1,
  "latent_size_mlp": 48,
  "lr": 0.0027152510865455994,
  "lr_decay": 0.03073547931070464
}