{
  "batch_size": 23,
  "hl_mlp": 1,
  "latent_size_mlp": 32,
  "lr": 0.00265427228325153,
  "lr_decay": 0.04713808993394039
}