{
  "batch_size": 22,
  "hl_mlp": 1,
  "latent_size_mlp": 43,
  "lr": 0.0011888116776849914,
  "lr_decay": 0.009305953608890185
}