{
  "batch_size": 22,
  "hl_mlp": 1,
  "latent_size_mlp": 47,
  "lr": 0.03445381043253201,
  "lr_decay": 0.019495579372588563
}