{
  "batch_size": 31,
  "hl_mlp": 1,
  "latent_size_mlp": 67,
  "lr": 0.009632894027863692,
  "lr_decay": 0.004703076206184626
}