{
  "batch_size": 15,
  "hl_mlp": 1,
  "latent_size_mlp": 59,
  "lr": 0.018298625904444286,
  "lr_decay": 0.025899497808617195
}