{
  "batch_size": 24,
  "hl_mlp": 1,
  "latent_size_mlp": 48,
  "lr": 0.017714073673491183,
  "lr_decay": 0.00980108144870382
}