{
  "batch_size": 20,
  "hl_mlp": 1,
  "latent_size_mlp": 75,
  "lr": 0.00010308692381504186,
  "lr_decay": 0.003045268153712791
}