{
  "batch_size": 25,
  "hl_mlp": 2,
  "latent_size_mlp": 39,
  "lr": 0.24893727599411683,
  "lr_decay": 0.02048275259169312
}