{
  "alpha": 0.0021386481420074283,
  "length_scale": 1.2711843529805384
}