{
  "batch_size": 21,
  "hl_mlp": 0,
  "latent_size_mlp": 59,
  "lr": 0.07384708136421082,
  "lr_decay": 0.0017218987662010951
}