{
  "batch_size": 22,
  "hl_mlp": 1,
  "latent_size_mlp": 53,
  "lr": 0.010186480604372597,
  "lr_decay": 0.001496453171747379
}