{
  "batch_size": 21,
  "hl_mlp": 2,
  "latent_size_mlp": 50,
  "lr": 0.05638020046087846,
  "lr_decay": 0.00545506164000827
}