{
  "batch_size": 26,
  "hl_mlp": 1,
  "latent_size_mlp": 75,
  "lr": 4.623099954962451e-05,
  "lr_decay": 0.00014296823596631495
}