{
  "batch_size": 22,
  "hl_mlp": 1,
  "latent_size_mlp": 52,
  "lr": 0.01221114146869704,
  "lr_decay": 0.0011309073002194366
}