{
  "batch_size": 21,
  "hl_mlp": 1,
  "latent_size_mlp": 48,
  "lr": 0.0457123198006671,
  "lr_decay": 0.02817387400108559
}