{
  "batch_size": 23,
  "hl_mlp": 1,
  "latent_size_mlp": 44,
  "lr": 0.004288242997044563,
  "lr_decay": 0.039909626837937404
}