{
  "C": 2.4431091244187595,
  "epsilon": 0.01919847830307262
}