{
  "batch_size": 23,
  "hl_mlp": 2,
  "latent_size_mlp": 46,
  "lr": 0.026351703996874323,
  "lr_decay": 0.0011465875367665543
}