{
  "batch_size": 23,
  "hl_mlp": 1,
  "latent_size_mlp": 56,
  "lr": 0.030299573030063812,
  "lr_decay": 0.002083908101947838
}