{
  "batch_size": 20,
  "hl_mlp": 2,
  "latent_size_mlp": 28,
  "lr": 0.0014513664670348602,
  "lr_decay": 0.0029842077505694755
}