{
  "batch_size": 24,
  "hl_mlp": 2,
  "latent_size_mlp": 58,
  "lr": 0.010864197037849533,
  "lr_decay": 0.0011892569314255138
}