{
  "batch_size": 28,
  "hl_mlp": 1,
  "latent_size_mlp": 61,
  "lr": 0.0004983789771259154,
  "lr_decay": 0.00015430705283027326
}