{
  "alpha": 0.009197230876335744,
  "length_scale": 1.004927622321914
}