{
  "batch_size": 29,
  "hl_mlp": 1,
  "latent_size_mlp": 76,
  "lr": 0.004001172334282883,
  "lr_decay": 0.7183262661250494
}