{
  "alpha": 1.3810729912028458e-05,
  "length_scale": 0.021796074086223204
}