{
  "batch_size": 23,
  "hl_mlp": 1,
  "latent_size_mlp": 40,
  "lr": 0.053651480040065556,
  "lr_decay": 0.027926319891390043
}