{
  "batch_size": 34,
  "hl_mlp": 2,
  "latent_size_mlp": 40,
  "lr": 0.0329831521554465,
  "lr_decay": 0.003205569830174826
}