{
  "batch_size": 23,
  "hl_mlp": 1,
  "latent_size_mlp": 47,
  "lr": 0.09994733121154642,
  "lr_decay": 0.015536418576030064
}