{
  "batch_size": 28,
  "hl_mlp": 1,
  "latent_size_mlp": 11,
  "lr": 0.002162090315992742,
  "lr_decay": 0.03224892304331724
}