{
  "batch_size": 21,
  "hl_mlp": 2,
  "latent_size_mlp": 56,
  "lr": 0.06808290669246685,
  "lr_decay": 0.002413960939793034
}