{
  "max_depth": 2.12578799656454,
  "min_samples_leaf": 1.1629529089636632
}