{
  "batch_size": 24,
  "hl_mlp": 1,
  "latent_size_mlp": 50,
  "lr": 0.017433667894501344,
  "lr_decay": 0.005183494386572878
}