{
  "batch_size": 20,
  "hl_mlp": 2,
  "latent_size_mlp": 59,
  "lr": 0.019553900374580453,
  "lr_decay": 0.002435433326251506
}