{
  "batch_size": 24,
  "hl_mlp": 1,
  "latent_size_mlp": 42,
  "lr": 0.0031089328143887305,
  "lr_decay": 0.0001136864760450978
}