{
  "batch_size": 22,
  "hl_mlp": 1,
  "latent_size_mlp": 47,
  "lr": 0.01772878867754635,
  "lr_decay": 0.012419077905099826
}