{
  "batch_size": 23,
  "hl_mlp": 1,
  "latent_size_mlp": 47,
  "lr": 0.01649342359537898,
  "lr_decay": 0.0013158533695785876
}