{
  "batch_size": 26,
  "hl_mlp": 1,
  "latent_size_mlp": 57,
  "lr": 0.002712544103563563,
  "lr_decay": 0.8488059023850808
}