{
  "batch_size": 21,
  "hl_mlp": 1,
  "latent_size_mlp": 45,
  "lr": 0.09964324439282,
  "lr_decay": 0.0028169527954045193
}