{
  "batch_size": 21,
  "hl_mlp": 1,
  "latent_size_mlp": 37,
  "lr": 0.055761416616450385,
  "lr_decay": 0.028935182609327505
}