{
  "batch_size": 31,
  "hl_mlp": 1,
  "latent_size_mlp": 37,
  "lr": 0.0014586484270840388,
  "lr_decay": 0.002132722704368047
}