{
  "batch_size": 25,
  "hl_mlp": 1,
  "latent_size_mlp": 60,
  "lr": 8.464791252916491e-05,
  "lr_decay": 0.00012869587758897576
}