{
  "batch_size": 21,
  "hl_mlp": 1,
  "latent_size_mlp": 41,
  "lr": 0.012139804768009216,
  "lr_decay": 0.027472915789764477
}