{
  "batch_size": 30,
  "hl_mlp": 2,
  "latent_size_mlp": 49,
  "lr": 0.002160811411977483,
  "lr_decay": 0.2911513732473945
}