{
  "batch_size": 17,
  "hl_mlp": 1,
  "latent_size_mlp": 52,
  "lr": 0.01713136730252339,
  "lr_decay": 0.0014222833149984855
}