{
  "batch_size": 15,
  "hl_mlp": 1,
  "latent_size_mlp": 34,
  "lr": 0.0021134495771322186,
  "lr_decay": 0.03417784040884634
}