{
  "batch_size": 29,
  "hl_mlp": 1,
  "latent_size_mlp": 54,
  "lr": 0.1331795308645797,
  "lr_decay": 0.0068424464852773
}