{
  "batch_size": 24,
  "hl_mlp": 0,
  "latent_size_mlp": 40,
  "lr": 0.015296444288675642,
  "lr_decay": 0.001973307862987648
}