{
  "batch_size": 23,
  "hl_mlp": 1,
  "latent_size_mlp": 47,
  "lr": 0.020795834593180542,
  "lr_decay": 0.001832212515254408
}