{
  "batch_size": 26,
  "hl_mlp": 1,
  "latent_size_mlp": 65,
  "lr": 0.0011998259057437687,
  "lr_decay": 0.0023287039137768984
}