{
  "batch_size": 19,
  "hl_mlp": 2,
  "latent_size_mlp": 16,
  "lr": 0.004813129358549086,
  "lr_decay": 0.006970642258512711
}