{
  "batch_size": 22,
  "hl_mlp": 1,
  "latent_size_mlp": 46,
  "lr": 0.05862613093515417,
  "lr_decay": 0.002801396148713859
}