{
  "batch_size": 25,
  "hl_mlp": 1,
  "latent_size_mlp": 77,
  "lr": 0.0018544498657321001,
  "lr_decay": 0.005514661913298688
}