{
  "batch_size": 24,
  "hl_mlp": 1,
  "latent_size_mlp": 41,
  "lr": 0.004840034877161112,
  "lr_decay": 0.036182657493911016
}