{
  "batch_size": 22,
  "hl_mlp": 1,
  "latent_size_mlp": 53,
  "lr": 0.09134298617780086,
  "lr_decay": 0.0033801248653503894
}