{
  "batch_size": 49,
  "hl_mlp": 2,
  "latent_size_mlp": 24,
  "lr": 0.0018477989603233938,
  "lr_decay": 0.002580441070553808
}