{
  "batch_size": 30,
  "hl_mlp": 2,
  "latent_size_mlp": 45,
  "lr": 0.004084148422054276,
  "lr_decay": 0.003916988045615652
}