{
  "alpha": 0.010932023753892324,
  "length_scale": 9.41833888805059
}