{
  "batch_size": 19,
  "hl_mlp": 2,
  "latent_size_mlp": 58,
  "lr": 0.01212214237564071,
  "lr_decay": 0.001000369514390253
}