{
  "batch_size": 32,
  "hl_mlp": 1,
  "latent_size_mlp": 74,
  "lr": 1.3083380861728158e-06,
  "lr_decay": 0.0014215855073859837
}