{
  "batch_size": 27,
  "hl_mlp": 1,
  "latent_size_mlp": 58,
  "lr": 0.09361888398866744,
  "lr_decay": 0.006643834801746831
}