{
  "batch_size": 22,
  "hl_mlp": 1,
  "latent_size_mlp": 45,
  "lr": 0.03726461727389122,
  "lr_decay": 0.022885119759774093
}