{
  "batch_size": 23,
  "hl_mlp": 2,
  "latent_size_mlp": 47,
  "lr": 0.013224463201402166,
  "lr_decay": 0.001437887446047855
}