{
  "batch_size": 38,
  "hl_mlp": 1,
  "latent_size_mlp": 58,
  "lr": 0.0837600507606624,
  "lr_decay": 0.5279066652504432
}