{
  "batch_size": 11,
  "hl_mlp": 1,
  "latent_size_mlp": 46,
  "lr": 0.002471653183838701,
  "lr_decay": 0.02012561997412265
}