{
  "batch_size": 32,
  "hl_mlp": 1,
  "latent_size_mlp": 44,
  "lr": 0.0009081168050359056,
  "lr_decay": 0.003605081916394879
}