{
  "batch_size": 22,
  "hl_mlp": 1,
  "latent_size_mlp": 59,
  "lr": 0.0155874602157444,
  "lr_decay": 0.001126820035308115
}