{
  "batch_size": 31,
  "hl_mlp": 1,
  "latent_size_mlp": 39,
  "lr": 0.002556888189633378,
  "lr_decay": 0.0018715442397975633
}