{
  "batch_size": 17,
  "hl_mlp": 1,
  "latent_size_mlp": 59,
  "lr": 0.02393305730805754,
  "lr_decay": 0.003469087491469782
}