{
  "batch_size": 22,
  "hl_mlp": 1,
  "latent_size_mlp": 41,
  "lr": 0.051785218912748725,
  "lr_decay": 0.02159708132491271
}