{
  "batch_size": 19,
  "hl_mlp": 1,
  "latent_size_mlp": 46,
  "lr": 0.028795684601727087,
  "lr_decay": 0.02046861334755724
}