{
  "batch_size": 25,
  "hl_mlp": 1,
  "latent_size_mlp": 47,
  "lr": 0.0002598008166790064,
  "lr_decay": 0.0003259297852225101
}