{
  "batch_size": 25,
  "hl_mlp": 1,
  "latent_size_mlp": 45,
  "lr": 0.015782165183775183,
  "lr_decay": 0.00410994416712961
}