{
  "batch_size": 29,
  "hl_mlp": 2,
  "latent_size_mlp": 54,
  "lr": 0.05534144910632244,
  "lr_decay": 0.007190681879046227
}