{
  "batch_size": 35,
  "hl_mlp": 2,
  "latent_size_mlp": 57,
  "lr": 0.001245658257534425,
  "lr_decay": 0.013132487836248796
}