{
  "batch_size": 23,
  "hl_mlp": 1,
  "latent_size_mlp": 50,
  "lr": 0.02151447211665388,
  "lr_decay": 0.013597450159770739
}