{
  "batch_size": 22,
  "hl_mlp": 0,
  "latent_size_mlp": 48,
  "lr": 0.09789026072056657,
  "lr_decay": 0.003881591592531309
}