{
  "batch_size": 23,
  "hl_mlp": 1,
  "latent_size_mlp": 59,
  "lr": 0.01718577759380945,
  "lr_decay": 0.0015167782864354408
}