{
  "batch_size": 21,
  "hl_mlp": 1,
  "latent_size_mlp": 42,
  "lr": 0.023322390367935115,
  "lr_decay": 0.041638823756157475
}