{
  "C": 1.47327693071356,
  "epsilon": 0.010522238408875938
}