{
  "batch_size": 24,
  "hl_mlp": 1,
  "latent_size_mlp": 58,
  "lr": 0.010038635883087671,
  "lr_decay": 0.0072415866580677075
}