{
  "batch_size": 34,
  "hl_mlp": 2,
  "latent_size_mlp": 63,
  "lr": 0.04598518424232958,
  "lr_decay": 0.03392360277481439
}