{
  "batch_size": 33,
  "hl_mlp": 1,
  "latent_size_mlp": 58,
  "lr": 0.0020207780930373968,
  "lr_decay": 0.5995442280975165
}