{
  "batch_size": 23,
  "hl_mlp": 1,
  "latent_size_mlp": 44,
  "lr": 0.02536520741994663,
  "lr_decay": 0.006530364229660442
}