{
  "batch_size": 22,
  "hl_mlp": 0,
  "latent_size_mlp": 49,
  "lr": 0.011719637160156558,
  "lr_decay": 0.002670754887035705
}