{
  "batch_size": 24,
  "hl_mlp": 0,
  "latent_size_mlp": 59,
  "lr": 0.014977261206359307,
  "lr_decay": 0.007979985942257161
}