{
  "batch_size": 22,
  "hl_mlp": 1,
  "latent_size_mlp": 44,
  "lr": 0.014582556682002217,
  "lr_decay": 0.043840883277244745
}