{
  "batch_size": 23,
  "hl_mlp": 1,
  "latent_size_mlp": 40,
  "lr": 0.057619374277322936,
  "lr_decay": 0.09124921928553927
}