{
  "batch_size": 29,
  "hl_mlp": 1,
  "latent_size_mlp": 55,
  "lr": 0.082752316657497,
  "lr_decay": 0.011445599511093977
}