{
  "batch_size": 22,
  "hl_mlp": 1,
  "latent_size_mlp": 48,
  "lr": 0.010274439077538363,
  "lr_decay": 0.0036132176724634098
}