{
  "batch_size": 45,
  "hl_mlp": 1,
  "latent_size_mlp": 70,
  "lr": 0.06445452525857104,
  "lr_decay": 0.5532891581111861
}