{
  "max_depth": 8.8612794727364,
  "min_samples_leaf": 9.294765428965038
}