{
  "batch_size": 41,
  "hl_mlp": 1,
  "latent_size_mlp": 41,
  "lr": 0.0800166743776243,
  "lr_decay": 0.005082921237674244
}