{
  "batch_size": 27,
  "hl_mlp": 2,
  "latent_size_mlp": 51,
  "lr": 0.018561868500513785,
  "lr_decay": 0.0010618360234567182
}