{
  "batch_size": 26,
  "hl_mlp": 1,
  "latent_size_mlp": 56,
  "lr": 0.004167674933811587,
  "lr_decay": 0.3838701780188479
}