{
  "batch_size": 37,
  "hl_mlp": 1,
  "latent_size_mlp": 1,
  "lr": 0.006692035358939359,
  "lr_decay": 0.002072277848069981
}