{
  "batch_size": 23,
  "hl_mlp": 0,
  "latent_size_mlp": 53,
  "lr": 0.02002860850959385,
  "lr_decay": 0.001460637420252578
}