{
  "batch_size": 18,
  "hl_mlp": 1,
  "latent_size_mlp": 49,
  "lr": 0.011662739338859411,
  "lr_decay": 0.0014254055924247595
}