{
  "batch_size": 29,
  "hl_mlp": 1,
  "latent_size_mlp": 42,
  "lr": 0.0030351023042776873,
  "lr_decay": 0.0012343333936702438
}