{
  "batch_size": 20,
  "hl_mlp": 1,
  "latent_size_mlp": 53,
  "lr": 0.09848306127999527,
  "lr_decay": 0.0020347937278512676
}