{
  "batch_size": 21,
  "hl_mlp": 1,
  "latent_size_mlp": 43,
  "lr": 0.00022498456310903606,
  "lr_decay": 0.0004097338855606108
}