{
  "batch_size": 19,
  "hl_mlp": 1,
  "latent_size_mlp": 42,
  "lr": 0.0011511281121077063,
  "lr_decay": 0.027297240759604054
}