{
  "batch_size": 28,
  "hl_mlp": 1,
  "latent_size_mlp": 70,
  "lr": 0.01766209627071808,
  "lr_decay": 0.05748136895436007
}