{
  "batch_size": 22,
  "hl_mlp": 1,
  "latent_size_mlp": 47,
  "lr": 0.01771358584012578,
  "lr_decay": 0.0014627240126159947
}