{
  "max_depth": 2.202419458582524,
  "min_samples_leaf": 1.2426614433439755
}