{
  "batch_size": 17,
  "hl_mlp": 0,
  "latent_size_mlp": 5,
  "lr": 0.006440287105992503,
  "lr_decay": 0.023901497599931876
}