{
  "batch_size": 43,
  "hl_mlp": 1,
  "latent_size_mlp": 73,
  "lr": 0.005296686399707913,
  "lr_decay": 0.005310237848230586
}