{
  "alpha": 0.0013950458850380454,
  "length_scale": 1.2212682030122433
}