{
  "batch_size": 22,
  "hl_mlp": 2,
  "latent_size_mlp": 57,
  "lr": 0.06555970815736979,
  "lr_decay": 0.002632659064777408
}