{
  "batch_size": 36,
  "hl_mlp": 1,
  "latent_size_mlp": 40,
  "lr": 0.0003955926326390204,
  "lr_decay": 0.08335071011454355
}