{
  "batch_size": 25,
  "hl_mlp": 2,
  "latent_size_mlp": 42,
  "lr": 0.06355665921513208,
  "lr_decay": 0.012174972161968601
}