{
  "batch_size": 16,
  "hl_mlp": 1,
  "latent_size_mlp": 48,
  "lr": 0.041747599325639,
  "lr_decay": 0.06734279861378267
}