{
  "batch_size": 35,
  "hl_mlp": 1,
  "latent_size_mlp": 57,
  "lr": 0.011957236114537813,
  "lr_decay": 0.5664367582808195
}