{
  "batch_size": 35,
  "hl_mlp": 1,
  "latent_size_mlp": 52,
  "lr": 0.009636552458908395,
  "lr_decay": 0.8375680739370213
}