{
  "batch_size": 18,
  "hl_mlp": 0,
  "latent_size_mlp": 52,
  "lr": 0.013003541834482307,
  "lr_decay": 0.002154169889493243
}