{
  "max_depth": 2.877323641574575,
  "min_samples_leaf": 2.4062662555509773
}