{
  "alpha": 0.0028151864653201174,
  "length_scale": 1.981161224949862
}