{
  "batch_size": 23,
  "hl_mlp": 1,
  "latent_size_mlp": 43,
  "lr": 0.002086252291911174,
  "lr_decay": 0.03186947385885101
}