{
  "batch_size": 30,
  "hl_mlp": 2,
  "latent_size_mlp": 38,
  "lr": 0.19929085071171865,
  "lr_decay": 0.0010571334160548792
}