{
  "C": 0.036432411082347696,
  "epsilon": 1.599699666781644
}