{
  "batch_size": 19,
  "hl_mlp": 1,
  "latent_size_mlp": 48,
  "lr": 0.020138005698166612,
  "lr_decay": 0.001189407639302067
}