{
  "batch_size": 36,
  "hl_mlp": 2,
  "latent_size_mlp": 15,
  "lr": 0.012580400648928876,
  "lr_decay": 0.004541931129256965
}