{
  "batch_size": 23,
  "hl_mlp": 1,
  "latent_size_mlp": 56,
  "lr": 0.023846714132309637,
  "lr_decay": 0.0020883834733743285
}