{
  "batch_size": 24,
  "hl_mlp": 2,
  "latent_size_mlp": 48,
  "lr": 0.014510999456078921,
  "lr_decay": 0.002358871035052591
}