{
  "batch_size": 17,
  "hl_mlp": 1,
  "latent_size_mlp": 42,
  "lr": 0.0019194178253899455,
  "lr_decay": 0.047859054224772005
}