{
  "batch_size": 23,
  "hl_mlp": 1,
  "latent_size_mlp": 52,
  "lr": 0.019066304030425946,
  "lr_decay": 0.0024372467501727153
}