{
  "batch_size": 21,
  "hl_mlp": 1,
  "latent_size_mlp": 49,
  "lr": 0.0032845022889366896,
  "lr_decay": 0.03796115117434697
}