{
  "alpha": 0.45731164810253655,
  "length_scale": 0.016332151171887688
}