{
  "batch_size": 32,
  "hl_mlp": 1,
  "latent_size_mlp": 51,
  "lr": 0.0005511631756613557,
  "lr_decay": 0.8533444535002229
}