{
  "batch_size": 29,
  "hl_mlp": 2,
  "latent_size_mlp": 42,
  "lr": 0.11956659800396828,
  "lr_decay": 0.004876953246747417
}