{
  "batch_size": 25,
  "hl_mlp": 1,
  "latent_size_mlp": 31,
  "lr": 0.0022522953411230205,
  "lr_decay": 0.06979168647646687
}