{
  "batch_size": 18,
  "hl_mlp": 1,
  "latent_size_mlp": 57,
  "lr": 0.015961245198841328,
  "lr_decay": 0.0014352160428241808
}