{
  "batch_size": 30,
  "hl_mlp": 1,
  "latent_size_mlp": 52,
  "lr": 0.0017681631514452826,
  "lr_decay": 0.28591909444264124
}