{
  "alpha": 0.10128331788657874,
  "length_scale": 3.442811988355318
}