{
  "batch_size": 38,
  "hl_mlp": 2,
  "latent_size_mlp": 73,
  "lr": 6.77678318591517e-06,
  "lr_decay": 0.36940593683237044
}