{
  "batch_size": 37,
  "hl_mlp": 1,
  "latent_size_mlp": 53,
  "lr": 0.0006425745580133942,
  "lr_decay": 0.029870986432663785
}