{
  "batch_size": 34,
  "hl_mlp": 1,
  "latent_size_mlp": 75,
  "lr": 0.005846231169500958,
  "lr_decay": 0.0003189306536891353
}