{
  "alpha": 0.03664654334140127,
  "length_scale": 0.7884290116963775
}