{
  "batch_size": 23,
  "hl_mlp": 1,
  "latent_size_mlp": 53,
  "lr": 0.016747056726229694,
  "lr_decay": 0.0010026580217168699
}