{
  "batch_size": 22,
  "hl_mlp": 1,
  "latent_size_mlp": 53,
  "lr": 0.024664326781601395,
  "lr_decay": 0.0011027353810214436
}