{
  "batch_size": 30,
  "hl_mlp": 1,
  "latent_size_mlp": 72,
  "lr": 0.0006242006183947702,
  "lr_decay": 0.036130753995722895
}