{
  "max_depth": 3.422610598105514,
  "min_samples_leaf": 8.581066557509558
}