{
  "batch_size": 21,
  "hl_mlp": 1,
  "latent_size_mlp": 47,
  "lr": 0.0023609108835182372,
  "lr_decay": 0.0361280700578425
}