{
  "C": 1.1834154614868286,
  "epsilon": 0.010154156649674657
}