{
  "batch_size": 36,
  "hl_mlp": 2,
  "latent_size_mlp": 75,
  "lr": 0.07374199526208577,
  "lr_decay": 0.007977699311425846
}