{
  "batch_size": 23,
  "hl_mlp": 1,
  "latent_size_mlp": 43,
  "lr": 0.04211709087285429,
  "lr_decay": 0.0028832373319040744
}