{
  "batch_size": 21,
  "hl_mlp": 1,
  "latent_size_mlp": 39,
  "lr": 0.04392676328076394,
  "lr_decay": 0.03570964547853093
}