{
  "batch_size": 18,
  "hl_mlp": 1,
  "latent_size_mlp": 49,
  "lr": 0.03040854353753604,
  "lr_decay": 0.0011451808816689499
}