{
  "batch_size": 22,
  "hl_mlp": 1,
  "latent_size_mlp": 49,
  "lr": 0.011288025671133866,
  "lr_decay": 0.025821772548371483
}