{
  "batch_size": 20,
  "hl_mlp": 1,
  "latent_size_mlp": 54,
  "lr": 0.06880585657193851,
  "lr_decay": 0.007215137090873549
}