{
  "alpha": 0.001915761225759357,
  "length_scale": 0.18191461200940995
}