{
  "alpha": 0.002683340742021775,
  "length_scale": 0.34846254654279457
}