{
  "batch_size": 36,
  "hl_mlp": 1,
  "latent_size_mlp": 50,
  "lr": 0.010738704645827943,
  "lr_decay": 0.7147129221581859
}