{
  "batch_size": 24,
  "hl_mlp": 1,
  "latent_size_mlp": 56,
  "lr": 0.0004749497665468878,
  "lr_decay": 0.5439721639412325
}