{
  "batch_size": 37,
  "hl_mlp": 1,
  "latent_size_mlp": 44,
  "lr": 0.0005774473622714165,
  "lr_decay": 0.049171167917805125
}