{
  "batch_size": 24,
  "hl_mlp": 2,
  "latent_size_mlp": 59,
  "lr": 0.014209481466437536,
  "lr_decay": 0.001312058900359561
}