{
  "batch_size": 17,
  "hl_mlp": 2,
  "latent_size_mlp": 40,
  "lr": 0.20942752444472762,
  "lr_decay": 0.0025171069298878515
}