{
  "batch_size": 22,
  "hl_mlp": 0,
  "latent_size_mlp": 49,
  "lr": 0.021066282262398518,
  "lr_decay": 0.0021673548398613456
}