{
  "batch_size": 41,
  "hl_mlp": 1,
  "latent_size_mlp": 54,
  "lr": 0.0003059906202641419,
  "lr_decay": 0.06800587034981974
}