{
  "batch_size": 19,
  "hl_mlp": 1,
  "latent_size_mlp": 58,
  "lr": 0.011207185353596886,
  "lr_decay": 0.00305191630561644
}