{
  "batch_size": 21,
  "hl_mlp": 2,
  "latent_size_mlp": 12,
  "lr": 0.005223772264939702,
  "lr_decay": 0.001447057233932317
}