{
  "batch_size": 17,
  "hl_mlp": 2,
  "latent_size_mlp": 49,
  "lr": 0.0816066760115654,
  "lr_decay": 0.001464306228802691
}