{
  "alpha": 0.003647439380869019,
  "length_scale": 1.5429297465294456
}