{
  "batch_size": 18,
  "hl_mlp": 1,
  "latent_size_mlp": 42,
  "lr": 0.0017996513311611313,
  "lr_decay": 0.04678398497423553
}