{
  "batch_size": 22,
  "hl_mlp": 1,
  "latent_size_mlp": 51,
  "lr": 0.030538969989575535,
  "lr_decay": 0.0027320528879638387
}