{
  "batch_size": 20,
  "hl_mlp": 1,
  "latent_size_mlp": 49,
  "lr": 0.012945430850976783,
  "lr_decay": 0.04893082427941694
}