{
  "C": 1.4144258362961781,
  "epsilon": 0.01024768820278543
}