{
  "alpha": 0.0019071193017709766,
  "length_scale": 1.2833547194259862
}