{
  "alpha": 2.500663879298413,
  "length_scale": 2.9990929730171914
}