{
  "batch_size": 30,
  "hl_mlp": 2,
  "latent_size_mlp": 52,
  "lr": 0.00016910165986264958,
  "lr_decay": 0.00012008165929396987
}