{
  "alpha": 4.0945337305396364e-05,
  "length_scale": 0.03993803243619808
}