{
  "batch_size": 23,
  "hl_mlp": 0,
  "latent_size_mlp": 48,
  "lr": 0.048771724477817344,
  "lr_decay": 0.004354950827251858
}