{
  "batch_size": 17,
  "hl_mlp": 2,
  "latent_size_mlp": 5,
  "lr": 0.07280391530618677,
  "lr_decay": 0.0012807956554019657
}