{
  "batch_size": 22,
  "hl_mlp": 0,
  "latent_size_mlp": 43,
  "lr": 0.02412953992437911,
  "lr_decay": 0.0014260845500065071
}