{
  "batch_size": 23,
  "hl_mlp": 2,
  "latent_size_mlp": 39,
  "lr": 0.0013656748337627282,
  "lr_decay": 0.001185389943010012
}