{
  "batch_size": 23,
  "hl_mlp": 1,
  "latent_size_mlp": 55,
  "lr": 0.0002513018259164629,
  "lr_decay": 0.36583837074461995
}