{
  "batch_size": 30,
  "hl_mlp": 1,
  "latent_size_mlp": 66,
  "lr": 2.4884396016615397e-06,
  "lr_decay": 0.0006071590550926007
}