{
  "max_depth": 2.524174224641712,
  "min_samples_leaf": 4.695439682086682
}