{
  "batch_size": 31,
  "hl_mlp": 1,
  "latent_size_mlp": 55,
  "lr": 0.0027008820392737166,
  "lr_decay": 0.7128658660578806
}