{
  "batch_size": 25,
  "hl_mlp": 1,
  "latent_size_mlp": 71,
  "lr": 0.0018724164999601052,
  "lr_decay": 0.0001566811539901917
}