{
  "batch_size": 21,
  "hl_mlp": 1,
  "latent_size_mlp": 48,
  "lr": 0.012933220301763254,
  "lr_decay": 0.04259068216260452
}