{
  "batch_size": 19,
  "hl_mlp": 1,
  "latent_size_mlp": 47,
  "lr": 0.00102132680155109,
  "lr_decay": 0.01763374307172252
}