{
  "batch_size": 26,
  "hl_mlp": 1,
  "latent_size_mlp": 71,
  "lr": 0.006196614444371054,
  "lr_decay": 0.6060884482741504
}