{
  "batch_size": 22,
  "hl_mlp": 1,
  "latent_size_mlp": 56,
  "lr": 0.07476008262701497,
  "lr_decay": 0.054352374963005094
}