{
  "batch_size": 26,
  "hl_mlp": 1,
  "latent_size_mlp": 76,
  "lr": 0.00018433879075234827,
  "lr_decay": 0.00019993971039247458
}