{
  "batch_size": 42,
  "hl_mlp": 1,
  "latent_size_mlp": 10,
  "lr": 0.04200841394395925,
  "lr_decay": 0.0023139838109170687
}