{
  "batch_size": 20,
  "hl_mlp": 1,
  "latent_size_mlp": 44,
  "lr": 0.0006711963378981736,
  "lr_decay": 0.0020159456361942573
}