{
  "batch_size": 18,
  "hl_mlp": 1,
  "latent_size_mlp": 36,
  "lr": 0.0011915989087250903,
  "lr_decay": 0.01642494937704636
}