{
  "batch_size": 23,
  "hl_mlp": 0,
  "latent_size_mlp": 46,
  "lr": 0.016839004889038885,
  "lr_decay": 0.0055059306418946945
}