{
  "batch_size": 23,
  "hl_mlp": 0,
  "latent_size_mlp": 59,
  "lr": 0.011119072471052196,
  "lr_decay": 0.0030610321332383383
}