{
  "batch_size": 21,
  "hl_mlp": 2,
  "latent_size_mlp": 45,
  "lr": 0.014589476934590326,
  "lr_decay": 0.0010010178284738467
}