{
  "alpha": 0.001330936418295207,
  "length_scale": 1.809202711059582
}