{
  "alpha": 0.010979774084394127,
  "length_scale": 1.3888026629428667
}