{
  "batch_size": 25,
  "hl_mlp": 1,
  "latent_size_mlp": 42,
  "lr": 0.0010879481028485158,
  "lr_decay": 0.00030167593292834666
}