{
  "batch_size": 21,
  "hl_mlp": 1,
  "latent_size_mlp": 47,
  "lr": 0.013932854595839093,
  "lr_decay": 0.006716549484733503
}