{
  "batch_size": 24,
  "hl_mlp": 2,
  "latent_size_mlp": 49,
  "lr": 0.002961574001722737,
  "lr_decay": 0.49907519913791554
}