{
  "batch_size": 20,
  "hl_mlp": 1,
  "latent_size_mlp": 38,
  "lr": 0.001427666516030243,
  "lr_decay": 0.018183594373911847
}