{
  "batch_size": 26,
  "hl_mlp": 1,
  "latent_size_mlp": 45,
  "lr": 0.004304820510555564,
  "lr_decay": 0.0018391168118037022
}