{
  "batch_size": 43,
  "hl_mlp": 1,
  "latent_size_mlp": 32,
  "lr": 0.003648438109674629,
  "lr_decay": 0.20187146216233268
}