{
  "batch_size": 19,
  "hl_mlp": 1,
  "latent_size_mlp": 48,
  "lr": 0.02324770666414584,
  "lr_decay": 0.06394454531061672
}