{
  "batch_size": 23,
  "hl_mlp": 1,
  "latent_size_mlp": 53,
  "lr": 0.014894546411283033,
  "lr_decay": 0.001456390718062386
}