{
  "batch_size": 27,
  "hl_mlp": 1,
  "latent_size_mlp": 56,
  "lr": 0.058635601031342195,
  "lr_decay": 0.011291338156213792
}