{
  "batch_size": 43,
  "hl_mlp": 1,
  "latent_size_mlp": 58,
  "lr": 0.0011103949409822524,
  "lr_decay": 0.04350261704696321
}