{
  "batch_size": 22,
  "hl_mlp": 1,
  "latent_size_mlp": 58,
  "lr": 0.032810184481202286,
  "lr_decay": 0.0022645476006766586
}