{
  "batch_size": 22,
  "hl_mlp": 2,
  "latent_size_mlp": 47,
  "lr": 0.01763614074140089,
  "lr_decay": 0.0013574363284761016
}