{
  "alpha": 0.0005463251944214092,
  "length_scale": 2.6437521015424603
}