{
  "batch_size": 23,
  "hl_mlp": 1,
  "latent_size_mlp": 49,
  "lr": 0.0011045008865243043,
  "lr_decay": 0.048840486253230196
}