{
  "batch_size": 27,
  "hl_mlp": 0,
  "latent_size_mlp": 39,
  "lr": 0.0010265482459100473,
  "lr_decay": 0.030919938710811296
}