{
  "batch_size": 28,
  "hl_mlp": 1,
  "latent_size_mlp": 68,
  "lr": 0.0005179390031936468,
  "lr_decay": 0.002025251190676356
}