{
  "batch_size": 29,
  "hl_mlp": 1,
  "latent_size_mlp": 46,
  "lr": 0.005641002928988508,
  "lr_decay": 0.000714109618660437
}