{
  "batch_size": 42,
  "hl_mlp": 1,
  "latent_size_mlp": 37,
  "lr": 0.004662072024140696,
  "lr_decay": 0.006892618031107649
}