{
  "batch_size": 19,
  "hl_mlp": 1,
  "latent_size_mlp": 48,
  "lr": 0.003661672896012314,
  "lr_decay": 0.041138619866276704
}