{
  "batch_size": 21,
  "hl_mlp": 1,
  "latent_size_mlp": 45,
  "lr": 0.0017750142398638316,
  "lr_decay": 0.0013493325661073493
}