{
  "batch_size": 40,
  "hl_mlp": 2,
  "latent_size_mlp": 33,
  "lr": 0.0015909587898617615,
  "lr_decay": 0.00206162503112343
}