{
  "C": 4.877567552831587,
  "epsilon": 0.6225001991232474
}