{
  "batch_size": 24,
  "hl_mlp": 1,
  "latent_size_mlp": 74,
  "lr": 0.0002349314957821716,
  "lr_decay": 0.004972778238164776
}