{
  "batch_size": 19,
  "hl_mlp": 1,
  "latent_size_mlp": 44,
  "lr": 0.0030594995351818474,
  "lr_decay": 0.008679514266040987
}