{
  "batch_size": 21,
  "hl_mlp": 1,
  "latent_size_mlp": 47,
  "lr": 0.055166310306045824,
  "lr_decay": 0.00861675805468554
}