{
  "batch_size": 37,
  "hl_mlp": 1,
  "latent_size_mlp": 66,
  "lr": 0.05118730468236508,
  "lr_decay": 0.4872429863750332
}