{
  "batch_size": 23,
  "hl_mlp": 1,
  "latent_size_mlp": 76,
  "lr": 0.0002819354743147957,
  "lr_decay": 0.004074405448927335
}