{
  "batch_size": 22,
  "hl_mlp": 1,
  "latent_size_mlp": 47,
  "lr": 0.007822173337703733,
  "lr_decay": 0.018959460281292077
}