{
  "batch_size": 27,
  "hl_mlp": 1,
  "latent_size_mlp": 72,
  "lr": 0.007164761359669999,
  "lr_decay": 0.00011654591222337238
}