{
  "max_depth": 6.2160123988648035,
  "min_samples_leaf": 1.8361765791411124
}