{
  "batch_size": 24,
  "hl_mlp": 1,
  "latent_size_mlp": 43,
  "lr": 0.0030843544084191675,
  "lr_decay": 0.04174126467311327
}