{
  "batch_size": 24,
  "hl_mlp": 1,
  "latent_size_mlp": 45,
  "lr": 0.001100676469833138,
  "lr_decay": 0.031532400959423355
}