{
  "batch_size": 22,
  "hl_mlp": 1,
  "latent_size_mlp": 47,
  "lr": 0.04918208045732828,
  "lr_decay": 0.005008739918988859
}