{
  "batch_size": 24,
  "hl_mlp": 1,
  "latent_size_mlp": 43,
  "lr": 0.002615773491822487,
  "lr_decay": 0.01179199169030248
}