{
  "batch_size": 22,
  "hl_mlp": 0,
  "latent_size_mlp": 53,
  "lr": 0.037408016694871635,
  "lr_decay": 0.011216189750721408
}