{
  "batch_size": 36,
  "hl_mlp": 2,
  "latent_size_mlp": 66,
  "lr": 0.012871087988306173,
  "lr_decay": 0.0035387261056513747
}