{
  "batch_size": 44,
  "hl_mlp": 1,
  "latent_size_mlp": 53,
  "lr": 0.0005636195220472344,
  "lr_decay": 0.0976794494362923
}