{
  "batch_size": 20,
  "hl_mlp": 2,
  "latent_size_mlp": 45,
  "lr": 0.14545193141366772,
  "lr_decay": 0.0011700745346062459
}