{
  "batch_size": 25,
  "hl_mlp": 1,
  "latent_size_mlp": 75,
  "lr": 4.3646851483337264e-05,
  "lr_decay": 0.007871936598750599
}