{
  "alpha": 0.004444938404934412,
  "length_scale": 0.6749361126909796
}