{
  "batch_size": 19,
  "hl_mlp": 1,
  "latent_size_mlp": 14,
  "lr": 0.07099404869398655,
  "lr_decay": 0.008569720192655115
}