{
  "batch_size": 22,
  "hl_mlp": 2,
  "latent_size_mlp": 55,
  "lr": 0.036875400833334904,
  "lr_decay": 0.0030143983176882756
}