{
  "batch_size": 31,
  "hl_mlp": 1,
  "latent_size_mlp": 54,
  "lr": 0.0004114803318861203,
  "lr_decay": 0.8325182559103799
}