{
  "batch_size": 35,
  "hl_mlp": 1,
  "latent_size_mlp": 52,
  "lr": 0.04860394621656867,
  "lr_decay": 0.6293396788017276
}