{
  "alpha": 6.18035225549601e-05,
  "length_scale": 0.036724663540264435
}