{
  "batch_size": 20,
  "hl_mlp": 1,
  "latent_size_mlp": 47,
  "lr": 0.0037547900027845617,
  "lr_decay": 0.041013338906120585
}