{
  "batch_size": 24,
  "hl_mlp": 1,
  "latent_size_mlp": 46,
  "lr": 0.001697092939121274,
  "lr_decay": 0.035396175217624254
}