{
  "C": 0.6231510552420582,
  "epsilon": 0.0221741958755746
}