{
  "batch_size": 19,
  "hl_mlp": 1,
  "latent_size_mlp": 43,
  "lr": 0.0014865408015389912,
  "lr_decay": 0.013235055588556947
}