{
  "batch_size": 22,
  "hl_mlp": 2,
  "latent_size_mlp": 48,
  "lr": 0.1761186638545892,
  "lr_decay": 0.030454414096949826
}