{
  "batch_size": 22,
  "hl_mlp": 1,
  "latent_size_mlp": 44,
  "lr": 0.026180123367782658,
  "lr_decay": 0.0017670175103791748
}