{
  "batch_size": 23,
  "hl_mlp": 1,
  "latent_size_mlp": 47,
  "lr": 0.09235369105494369,
  "lr_decay": 0.010981599504992142
}