{
  "batch_size": 22,
  "hl_mlp": 1,
  "latent_size_mlp": 40,
  "lr": 0.00010018639172614717,
  "lr_decay": 0.002126280820431331
}