{
  "batch_size": 21,
  "hl_mlp": 1,
  "latent_size_mlp": 46,
  "lr": 0.006828015701134683,
  "lr_decay": 0.03566659954049786
}