{
  "batch_size": 22,
  "hl_mlp": 1,
  "latent_size_mlp": 42,
  "lr": 0.02862134047939423,
  "lr_decay": 0.0894882107543307
}