{
  "batch_size": 24,
  "hl_mlp": 1,
  "latent_size_mlp": 75,
  "lr": 0.00024221115256255066,
  "lr_decay": 0.00034455933000229164
}