{
  "batch_size": 25,
  "hl_mlp": 1,
  "latent_size_mlp": 46,
  "lr": 0.0017119838876369236,
  "lr_decay": 0.0006581487805293383
}