{
  "batch_size": 20,
  "hl_mlp": 1,
  "latent_size_mlp": 52,
  "lr": 0.022596206495656815,
  "lr_decay": 0.024475420721916236
}