{
  "batch_size": 24,
  "hl_mlp": 1,
  "latent_size_mlp": 48,
  "lr": 0.016797428035973692,
  "lr_decay": 0.004185791640703603
}