{
  "batch_size": 26,
  "hl_mlp": 1,
  "latent_size_mlp": 62,
  "lr": 0.0001416011065506594,
  "lr_decay": 0.0017048572949493912
}