{
  "alpha": 0.006719861955824947,
  "length_scale": 1.31668447024778
}