{
  "batch_size": 22,
  "hl_mlp": 1,
  "latent_size_mlp": 40,
  "lr": 0.017386141000699008,
  "lr_decay": 0.09956403748991388
}