{
  "batch_size": 22,
  "hl_mlp": 2,
  "latent_size_mlp": 59,
  "lr": 0.012216567468647023,
  "lr_decay": 0.0013909544521100038
}