{
  "batch_size": 19,
  "hl_mlp": 1,
  "latent_size_mlp": 48,
  "lr": 0.017256846666052393,
  "lr_decay": 0.08617499449678008
}