{
  "batch_size": 43,
  "hl_mlp": 1,
  "latent_size_mlp": 56,
  "lr": 0.0043251910472160504,
  "lr_decay": 0.09674310176522398
}