{
  "batch_size": 23,
  "hl_mlp": 1,
  "latent_size_mlp": 48,
  "lr": 0.0030049035488297873,
  "lr_decay": 0.040834776932062666
}