{
  "batch_size": 23,
  "hl_mlp": 0,
  "latent_size_mlp": 47,
  "lr": 0.013403805004278424,
  "lr_decay": 0.005054182317439972
}