{
  "batch_size": 18,
  "hl_mlp": 1,
  "latent_size_mlp": 45,
  "lr": 0.0011282748560298404,
  "lr_decay": 0.009203916186460633
}