{
  "batch_size": 22,
  "hl_mlp": 0,
  "latent_size_mlp": 59,
  "lr": 0.014161111815084197,
  "lr_decay": 0.0021433903956698044
}