{
  "batch_size": 21,
  "hl_mlp": 1,
  "latent_size_mlp": 74,
  "lr": 0.001348631842550958,
  "lr_decay": 0.004291848033891242
}