{
  "batch_size": 23,
  "hl_mlp": 1,
  "latent_size_mlp": 48,
  "lr": 0.02022001045739147,
  "lr_decay": 0.00207982771387095
}