{
  "batch_size": 25,
  "hl_mlp": 1,
  "latent_size_mlp": 46,
  "lr": 0.007294973926588195,
  "lr_decay": 0.0039043091119851316
}