{
  "alpha": 0.013017570564938786,
  "length_scale": 2.0151087639081493
}