{
  "batch_size": 20,
  "hl_mlp": 2,
  "latent_size_mlp": 49,
  "lr": 0.010244577344778216,
  "lr_decay": 0.04586706916524541
}