{
  "batch_size": 11,
  "hl_mlp": 1,
  "latent_size_mlp": 41,
  "lr": 0.0029796906575595677,
  "lr_decay": 0.004691291029134938
}