{
  "batch_size": 21,
  "hl_mlp": 1,
  "latent_size_mlp": 46,
  "lr": 0.0038354306318222546,
  "lr_decay": 0.037819894572717776
}