{
  "batch_size": 20,
  "hl_mlp": 1,
  "latent_size_mlp": 48,
  "lr": 0.08097258683766549,
  "lr_decay": 0.04525472532940116
}