{
  "batch_size": 22,
  "hl_mlp": 1,
  "latent_size_mlp": 6,
  "lr": 0.0016102165430801837,
  "lr_decay": 0.026318736605746816
}