{
  "batch_size": 24,
  "hl_mlp": 0,
  "latent_size_mlp": 52,
  "lr": 0.08047767841912634,
  "lr_decay": 0.009827660846599015
}