{
  "batch_size": 28,
  "hl_mlp": 2,
  "latent_size_mlp": 55,
  "lr": 0.004969156368420345,
  "lr_decay": 0.013424587838730666
}