{
  "batch_size": 13,
  "hl_mlp": 0,
  "latent_size_mlp": 23,
  "lr": 0.01821582819985083,
  "lr_decay": 0.016319228270736525
}