{
  "batch_size": 23,
  "hl_mlp": 2,
  "latent_size_mlp": 44,
  "lr": 0.052388253485676516,
  "lr_decay": 0.006866465717406064
}