{
  "batch_size": 24,
  "hl_mlp": 1,
  "latent_size_mlp": 54,
  "lr": 0.02885471867423741,
  "lr_decay": 0.002063025191222237
}