{
  "batch_size": 19,
  "hl_mlp": 1,
  "latent_size_mlp": 47,
  "lr": 0.024882754876103395,
  "lr_decay": 0.02454864215391962
}