{
  "batch_size": 21,
  "hl_mlp": 1,
  "latent_size_mlp": 46,
  "lr": 0.013277059357993249,
  "lr_decay": 0.010829738492510491
}