{
  "batch_size": 23,
  "hl_mlp": 0,
  "latent_size_mlp": 49,
  "lr": 0.011433827017610766,
  "lr_decay": 0.010510968493885742
}