{
  "batch_size": 31,
  "hl_mlp": 1,
  "latent_size_mlp": 38,
  "lr": 0.0017130622178697695,
  "lr_decay": 0.0022856000617630027
}