{
  "batch_size": 24,
  "hl_mlp": 1,
  "latent_size_mlp": 40,
  "lr": 0.0032301393166896913,
  "lr_decay": 0.03772254048818469
}