{
  "batch_size": 19,
  "hl_mlp": 1,
  "latent_size_mlp": 56,
  "lr": 0.09594767011320604,
  "lr_decay": 0.004352104354401144
}