{
  "batch_size": 24,
  "hl_mlp": 1,
  "latent_size_mlp": 42,
  "lr": 0.002191904529410927,
  "lr_decay": 0.04607431041648813
}