{
  "batch_size": 40,
  "hl_mlp": 2,
  "latent_size_mlp": 65,
  "lr": 0.006874358049304345,
  "lr_decay": 0.12931729696186794
}