{
  "batch_size": 31,
  "hl_mlp": 1,
  "latent_size_mlp": 68,
  "lr": 0.0013383019953257713,
  "lr_decay": 0.0003639822208337624
}