{
  "batch_size": 22,
  "hl_mlp": 2,
  "latent_size_mlp": 53,
  "lr": 0.0707337248235667,
  "lr_decay": 0.0015632407812741713
}