{
  "batch_size": 30,
  "hl_mlp": 1,
  "latent_size_mlp": 41,
  "lr": 0.0006531651055214114,
  "lr_decay": 0.0014713434459020821
}