{
  "batch_size": 21,
  "hl_mlp": 1,
  "latent_size_mlp": 46,
  "lr": 0.0040623640524551,
  "lr_decay": 0.0028225779015476796
}