{
  "batch_size": 22,
  "hl_mlp": 1,
  "latent_size_mlp": 42,
  "lr": 0.04914888046991386,
  "lr_decay": 0.02590690482373345
}