{
  "batch_size": 21,
  "hl_mlp": 1,
  "latent_size_mlp": 43,
  "lr": 0.04341794679312284,
  "lr_decay": 0.03515863066908295
}