{
  "batch_size": 18,
  "hl_mlp": 2,
  "latent_size_mlp": 19,
  "lr": 0.005459886741014875,
  "lr_decay": 0.09620871784218937
}