{
  "batch_size": 22,
  "hl_mlp": 1,
  "latent_size_mlp": 9,
  "lr": 0.008154095771792231,
  "lr_decay": 0.00868632686776257
}