{
  "batch_size": 26,
  "hl_mlp": 1,
  "latent_size_mlp": 54,
  "lr": 0.03393501747046109,
  "lr_decay": 0.07202340117108802
}