{
  "batch_size": 20,
  "hl_mlp": 1,
  "latent_size_mlp": 47,
  "lr": 0.024862485670969953,
  "lr_decay": 0.03511256185403723
}