{
  "batch_size": 22,
  "hl_mlp": 1,
  "latent_size_mlp": 49,
  "lr": 0.021697943397089924,
  "lr_decay": 0.0017955469518829686
}