{
  "batch_size": 21,
  "hl_mlp": 1,
  "latent_size_mlp": 45,
  "lr": 0.035447140731716995,
  "lr_decay": 0.0020620705763325733
}