{
  "batch_size": 34,
  "hl_mlp": 1,
  "latent_size_mlp": 53,
  "lr": 0.0023672498459374482,
  "lr_decay": 0.6364537986255308
}