{
  "batch_size": 32,
  "hl_mlp": 1,
  "latent_size_mlp": 77,
  "lr": 0.0014517807081287709,
  "lr_decay": 0.0005162114990346169
}