{
  "batch_size": 24,
  "hl_mlp": 2,
  "latent_size_mlp": 49,
  "lr": 0.013765643865657325,
  "lr_decay": 0.04828491691959697
}