{
  "batch_size": 22,
  "hl_mlp": 1,
  "latent_size_mlp": 40,
  "lr": 0.0017625485211904509,
  "lr_decay": 0.021340813456396816
}