{
  "batch_size": 23,
  "hl_mlp": 1,
  "latent_size_mlp": 48,
  "lr": 0.0019468234859868698,
  "lr_decay": 0.06963303070062196
}