{
  "batch_size": 19,
  "hl_mlp": 0,
  "latent_size_mlp": 17,
  "lr": 0.032495006231762824,
  "lr_decay": 0.06438018813336918
}