{
  "batch_size": 21,
  "hl_mlp": 1,
  "latent_size_mlp": 45,
  "lr": 0.00045699147471571646,
  "lr_decay": 0.001426434350056074
}