{
  "batch_size": 23,
  "hl_mlp": 2,
  "latent_size_mlp": 58,
  "lr": 0.011876747038524827,
  "lr_decay": 0.0014590249382649544
}