{
  "batch_size": 27,
  "hl_mlp": 2,
  "latent_size_mlp": 54,
  "lr": 0.06316570139493109,
  "lr_decay": 0.7887507512663116
}