{
  "batch_size": 19,
  "hl_mlp": 3,
  "latent_size_mlp": 58,
  "lr": 0.14719718659256953,
  "lr_decay": 0.003944351320968372
}