{
  "batch_size": 23,
  "hl_mlp": 2,
  "latent_size_mlp": 47,
  "lr": 0.026521613793830643,
  "lr_decay": 0.013261373063520421
}