{
  "batch_size": 43,
  "hl_mlp": 1,
  "latent_size_mlp": 37,
  "lr": 0.0037591319256332673,
  "lr_decay": 0.08631589560847149
}