{
  "batch_size": 13,
  "hl_mlp": 0,
  "latent_size_mlp": 39,
  "lr": 0.008954844602636777,
  "lr_decay": 0.0046190954423796305
}