{
  "batch_size": 22,
  "hl_mlp": 2,
  "latent_size_mlp": 59,
  "lr": 0.013992076976916118,
  "lr_decay": 0.0018402304345044023
}