{
  "C": 3.0788474079625776,
  "epsilon": 0.013385628639891949
}