{
  "batch_size": 12,
  "hl_mlp": 1,
  "latent_size_mlp": 47,
  "lr": 0.011086587395942036,
  "lr_decay": 0.04368823326105107
}