{
  "batch_size": 23,
  "hl_mlp": 1,
  "latent_size_mlp": 38,
  "lr": 0.03574272184715398,
  "lr_decay": 0.03300788937708168
}