{
  "batch_size": 28,
  "hl_mlp": 1,
  "latent_size_mlp": 49,
  "lr": 0.007217321542862668,
  "lr_decay": 0.020430760490052307
}