{
  "batch_size": 21,
  "hl_mlp": 1,
  "latent_size_mlp": 49,
  "lr": 0.0034980213069912944,
  "lr_decay": 0.03090707698723301
}