{
  "batch_size": 25,
  "hl_mlp": 1,
  "latent_size_mlp": 11,
  "lr": 0.006181310150650426,
  "lr_decay": 0.02025368701442093
}