{
  "batch_size": 24,
  "hl_mlp": 1,
  "latent_size_mlp": 42,
  "lr": 0.000757020267350401,
  "lr_decay": 0.0015247261468187077
}