{
  "batch_size": 31,
  "hl_mlp": 1,
  "latent_size_mlp": 55,
  "lr": 0.02008084392967393,
  "lr_decay": 0.004491238017077925
}