{
  "batch_size": 24,
  "hl_mlp": 1,
  "latent_size_mlp": 73,
  "lr": 0.00023657998911535554,
  "lr_decay": 0.004702226169146311
}