{
  "batch_size": 23,
  "hl_mlp": 0,
  "latent_size_mlp": 59,
  "lr": 0.01857456005134964,
  "lr_decay": 0.0010019626349816431
}