{
  "alpha": 0.033097994220869516,
  "length_scale": 3.8321217631206985
}