{
  "alpha": 0.06552730080264764,
  "length_scale": 2.934184057430972
}