{
  "batch_size": 25,
  "hl_mlp": 1,
  "latent_size_mlp": 38,
  "lr": 0.002142245474078588,
  "lr_decay": 0.05428320404699219
}