{
  "batch_size": 31,
  "hl_mlp": 1,
  "latent_size_mlp": 42,
  "lr": 0.00018733478435700078,
  "lr_decay": 0.0006173058732127875
}