{
  "batch_size": 17,
  "hl_mlp": 1,
  "latent_size_mlp": 58,
  "lr": 0.06498263942762503,
  "lr_decay": 0.0013224483252189108
}