{
  "batch_size": 16,
  "hl_mlp": 1,
  "latent_size_mlp": 46,
  "lr": 0.0030032941934501414,
  "lr_decay": 0.025264921119957862
}