{
  "batch_size": 22,
  "hl_mlp": 2,
  "latent_size_mlp": 40,
  "lr": 0.062096643122316754,
  "lr_decay": 0.0070022760564343615
}