{
  "batch_size": 26,
  "hl_mlp": 1,
  "latent_size_mlp": 33,
  "lr": 0.001699064019165878,
  "lr_decay": 0.0007094586957458231
}