{
  "batch_size": 15,
  "hl_mlp": 3,
  "latent_size_mlp": 64,
  "lr": 0.11092090054036369,
  "lr_decay": 0.001193902477199167
}