{
  "batch_size": 21,
  "hl_mlp": 1,
  "latent_size_mlp": 46,
  "lr": 0.08764736301531628,
  "lr_decay": 0.002923836151143737
}