{
  "batch_size": 29,
  "hl_mlp": 1,
  "latent_size_mlp": 39,
  "lr": 0.0011562513968566375,
  "lr_decay": 0.012396150117721057
}