{
  "batch_size": 22,
  "hl_mlp": 1,
  "latent_size_mlp": 48,
  "lr": 0.010980089844749122,
  "lr_decay": 0.026732521648570724
}