{
  "batch_size": 26,
  "hl_mlp": 1,
  "latent_size_mlp": 76,
  "lr": 0.00012547870713965328,
  "lr_decay": 0.00019170600325117584
}