{
  "alpha": 0.03607804326019126,
  "length_scale": 0.6207089676460081
}