{
  "batch_size": 24,
  "hl_mlp": 1,
  "latent_size_mlp": 42,
  "lr": 0.0020011005472929475,
  "lr_decay": 0.03995828473469864
}