{
  "batch_size": 34,
  "hl_mlp": 1,
  "latent_size_mlp": 57,
  "lr": 0.0005711134275918362,
  "lr_decay": 0.1353901433119568
}