{
  "batch_size": 22,
  "hl_mlp": 1,
  "latent_size_mlp": 47,
  "lr": 0.04854180451730345,
  "lr_decay": 0.0026849081438817877
}