{
  "batch_size": 22,
  "hl_mlp": 1,
  "latent_size_mlp": 52,
  "lr": 0.02017855347823728,
  "lr_decay": 0.0038284183152019068
}