{
  "batch_size": 19,
  "hl_mlp": 1,
  "latent_size_mlp": 45,
  "lr": 0.0055975865331797095,
  "lr_decay": 0.005818623846262888
}