{
  "batch_size": 20,
  "hl_mlp": 1,
  "latent_size_mlp": 44,
  "lr": 0.01872591308976847,
  "lr_decay": 0.005509024751899571
}