{
  "batch_size": 22,
  "hl_mlp": 2,
  "latent_size_mlp": 56,
  "lr": 0.058915840744002634,
  "lr_decay": 0.033647841356526126
}