{
  "batch_size": 21,
  "hl_mlp": 1,
  "latent_size_mlp": 48,
  "lr": 0.0028808545808917383,
  "lr_decay": 0.0019272997422847666
}