{
  "batch_size": 29,
  "hl_mlp": 1,
  "latent_size_mlp": 68,
  "lr": 0.003486601123066766,
  "lr_decay": 0.0009146826102170068
}