{
  "batch_size": 18,
  "hl_mlp": 1,
  "latent_size_mlp": 48,
  "lr": 0.0031580922369849806,
  "lr_decay": 0.021694800609223696
}