{
  "batch_size": 25,
  "hl_mlp": 1,
  "latent_size_mlp": 43,
  "lr": 0.0007371713182494867,
  "lr_decay": 0.3080277398452278
}