{
  "alpha": 0.09685525578047195,
  "length_scale": 0.40715071268770897
}