{
  "batch_size": 40,
  "hl_mlp": 2,
  "latent_size_mlp": 50,
  "lr": 0.001152322850661647,
  "lr_decay": 0.3858113178000635
}