{
  "batch_size": 23,
  "hl_mlp": 1,
  "latent_size_mlp": 46,
  "lr": 0.0010114069480072646,
  "lr_decay": 0.04729789424384292
}