{
  "alpha": 0.0019424562973360208,
  "length_scale": 1.3408421542548374
}