{
  "batch_size": 23,
  "hl_mlp": 0,
  "latent_size_mlp": 59,
  "lr": 0.011338616834786621,
  "lr_decay": 0.0015088936806553074
}