{
  "batch_size": 28,
  "hl_mlp": 1,
  "latent_size_mlp": 70,
  "lr": 0.0030540848619913913,
  "lr_decay": 0.7018996576745624
}