{
  "batch_size": 23,
  "hl_mlp": 1,
  "latent_size_mlp": 43,
  "lr": 0.004183977916884811,
  "lr_decay": 0.009070868838253887
}