{
  "batch_size": 27,
  "hl_mlp": 1,
  "latent_size_mlp": 56,
  "lr": 0.08362841285655609,
  "lr_decay": 0.00505827063542672
}