{
  "batch_size": 23,
  "hl_mlp": 0,
  "latent_size_mlp": 53,
  "lr": 0.041904106665793465,
  "lr_decay": 0.0025024789081038363
}