{
  "batch_size": 27,
  "hl_mlp": 1,
  "latent_size_mlp": 79,
  "lr": 0.001036529866431743,
  "lr_decay": 0.00013900517924743828
}