{
  "batch_size": 23,
  "hl_mlp": 1,
  "latent_size_mlp": 50,
  "lr": 0.010029344658546333,
  "lr_decay": 0.0040629540671862025
}