{
  "batch_size": 25,
  "hl_mlp": 2,
  "latent_size_mlp": 36,
  "lr": 0.0019869065841085446,
  "lr_decay": 0.007808602179933339
}