{
  "max_depth": 3.666430949940408,
  "min_samples_leaf": 3.470577413833392
}