{
  "batch_size": 16,
  "hl_mlp": 1,
  "latent_size_mlp": 34,
  "lr": 0.003297151064829224,
  "lr_decay": 0.020169971522113726
}